time,year,evaluation_stage,top_n,available_symbols,selected_symbols,precision_at_n,market_prevalence,lift_at_n
2021-01-04,2021,walk_forward_validation,2,23,VIC|CTG,0.0,0.30434782608695654,0.0
2021-01-04,2021,walk_forward_validation,3,23,VIC|CTG|VHM,0.3333333333333333,0.30434782608695654,1.0952380952380951
2021-01-04,2021,walk_forward_validation,5,23,VIC|CTG|VHM|VRE|MWG,0.6,0.30434782608695654,1.9714285714285713
2021-01-04,2021,walk_forward_validation,8,23,VIC|CTG|VHM|VRE|MWG|FPT|VCB|HDB,0.5,0.30434782608695654,1.6428571428571428
2021-01-04,2021,walk_forward_validation,10,23,VIC|CTG|VHM|VRE|MWG|FPT|VCB|HDB|MSN|PLX,0.4,0.30434782608695654,1.3142857142857143
2021-01-05,2021,walk_forward_validation,2,23,VIC|CTG,1.0,0.5652173913043478,1.7692307692307694
2021-01-05,2021,walk_forward_validation,3,23,VIC|CTG|VCB,1.0,0.5652173913043478,1.7692307692307694
2021-01-05,2021,walk_forward_validation,5,23,VIC|CTG|VCB|MWG|BID,0.8,0.5652173913043478,1.4153846153846155
2021-01-05,2021,walk_forward_validation,8,23,VIC|CTG|VCB|MWG|BID|HPG|GAS|HDB,0.625,0.5652173913043478,1.1057692307692308
2021-01-05,2021,walk_forward_validation,10,23,VIC|CTG|VCB|MWG|BID|HPG|GAS|HDB|MSN|BVH,0.5,0.5652173913043478,0.8846153846153847
2021-01-06,2021,walk_forward_validation,2,23,VIC|BID,0.5,0.5217391304347826,0.9583333333333334
2021-01-06,2021,walk_forward_validation,3,23,VIC|BID|VRE,0.6666666666666666,0.5217391304347826,1.2777777777777777
2021-01-06,2021,walk_forward_validation,5,23,VIC|BID|VRE|BVH|GAS,0.4,0.5217391304347826,0.7666666666666667
2021-01-06,2021,walk_forward_validation,8,23,VIC|BID|VRE|BVH|GAS|MWG|VHM|VCB,0.5,0.5217391304347826,0.9583333333333334
2021-01-06,2021,walk_forward_validation,10,23,VIC|BID|VRE|BVH|GAS|MWG|VHM|VCB|MBB|HPG,0.5,0.5217391304347826,0.9583333333333334
2021-01-07,2021,walk_forward_validation,2,23,VIC|HPG,0.5,0.43478260869565216,1.1500000000000001
2021-01-07,2021,walk_forward_validation,3,23,VIC|HPG|VHM,0.6666666666666666,0.43478260869565216,1.5333333333333332
2021-01-07,2021,walk_forward_validation,5,23,VIC|HPG|VHM|FPT|MWG,0.8,0.43478260869565216,1.84
2021-01-07,2021,walk_forward_validation,8,23,VIC|HPG|VHM|FPT|MWG|GAS|BID|STB,0.5,0.43478260869565216,1.1500000000000001
2021-01-07,2021,walk_forward_validation,10,23,VIC|HPG|VHM|FPT|MWG|GAS|BID|STB|BVH|CTG,0.4,0.43478260869565216,0.92
2021-01-08,2021,walk_forward_validation,2,23,VIC|PLX,0.0,0.34782608695652173,0.0
2021-01-08,2021,walk_forward_validation,3,23,VIC|PLX|FPT,0.3333333333333333,0.34782608695652173,0.9583333333333333
2021-01-08,2021,walk_forward_validation,5,23,VIC|PLX|FPT|HPG|MWG,0.6,0.34782608695652173,1.725
2021-01-08,2021,walk_forward_validation,8,23,VIC|PLX|FPT|HPG|MWG|BID|VNM|BVH,0.5,0.34782608695652173,1.4375
2021-01-08,2021,walk_forward_validation,10,23,VIC|PLX|FPT|HPG|MWG|BID|VNM|BVH|MSN|CTG,0.4,0.34782608695652173,1.1500000000000001
2021-01-11,2021,walk_forward_validation,2,23,VIC|CTG,0.0,0.30434782608695654,0.0
2021-01-11,2021,walk_forward_validation,3,23,VIC|CTG|PLX,0.0,0.30434782608695654,0.0
2021-01-11,2021,walk_forward_validation,5,23,VIC|CTG|PLX|HPG|BID,0.2,0.30434782608695654,0.6571428571428571
2021-01-11,2021,walk_forward_validation,8,23,VIC|CTG|PLX|HPG|BID|MWG|FPT|BVH,0.375,0.30434782608695654,1.232142857142857
2021-01-11,2021,walk_forward_validation,10,23,VIC|CTG|PLX|HPG|BID|MWG|FPT|BVH|GAS|VCB,0.3,0.30434782608695654,0.9857142857142857
2021-01-12,2021,walk_forward_validation,2,23,VIC|MWG,0.5,0.34782608695652173,1.4375
2021-01-12,2021,walk_forward_validation,3,23,VIC|MWG|CTG,0.3333333333333333,0.34782608695652173,0.9583333333333333
2021-01-12,2021,walk_forward_validation,5,23,VIC|MWG|CTG|FPT|GAS,0.4,0.34782608695652173,1.1500000000000001
2021-01-12,2021,walk_forward_validation,8,23,VIC|MWG|CTG|FPT|GAS|PLX|BID|BVH,0.25,0.34782608695652173,0.71875
2021-01-12,2021,walk_forward_validation,10,23,VIC|MWG|CTG|FPT|GAS|PLX|BID|BVH|HPG|MSN,0.3,0.34782608695652173,0.8625
2021-01-13,2021,walk_forward_validation,2,23,VIC|CTG,0.0,0.43478260869565216,0.0
2021-01-13,2021,walk_forward_validation,3,23,VIC|CTG|MWG,0.3333333333333333,0.43478260869565216,0.7666666666666666
2021-01-13,2021,walk_forward_validation,5,23,VIC|CTG|MWG|GAS|PLX,0.4,0.43478260869565216,0.92
2021-01-13,2021,walk_forward_validation,8,23,VIC|CTG|MWG|GAS|PLX|VCB|BID|FPT,0.375,0.43478260869565216,0.8625
2021-01-13,2021,walk_forward_validation,10,23,VIC|CTG|MWG|GAS|PLX|VCB|BID|FPT|BVH|HPG,0.3,0.43478260869565216,0.69
2021-01-14,2021,walk_forward_validation,2,23,VIC|PLX,1.0,0.43478260869565216,2.3000000000000003
2021-01-14,2021,walk_forward_validation,3,23,VIC|PLX|MWG,1.0,0.43478260869565216,2.3000000000000003
2021-01-14,2021,walk_forward_validation,5,23,VIC|PLX|MWG|BID|CTG,0.6,0.43478260869565216,1.38
2021-01-14,2021,walk_forward_validation,8,23,VIC|PLX|MWG|BID|CTG|VCB|GAS|FPT,0.5,0.43478260869565216,1.1500000000000001
2021-01-14,2021,walk_forward_validation,10,23,VIC|PLX|MWG|BID|CTG|VCB|GAS|FPT|HPG|VJC,0.5,0.43478260869565216,1.1500000000000001
2021-01-15,2021,walk_forward_validation,2,23,VIC|BID,0.0,0.391304347826087,0.0
2021-01-15,2021,walk_forward_validation,3,23,VIC|BID|PLX,0.3333333333333333,0.391304347826087,0.8518518518518517
2021-01-15,2021,walk_forward_validation,5,23,VIC|BID|PLX|GAS|VCB,0.2,0.391304347826087,0.5111111111111111
2021-01-15,2021,walk_forward_validation,8,23,VIC|BID|PLX|GAS|VCB|CTG|MWG|HPG,0.25,0.391304347826087,0.6388888888888888
2021-01-15,2021,walk_forward_validation,10,23,VIC|BID|PLX|GAS|VCB|CTG|MWG|HPG|BVH|VJC,0.3,0.391304347826087,0.7666666666666666
2021-01-18,2021,walk_forward_validation,2,23,HPG|VIC,0.5,0.43478260869565216,1.1500000000000001
2021-01-18,2021,walk_forward_validation,3,23,HPG|VIC|PLX,0.6666666666666666,0.43478260869565216,1.5333333333333332
2021-01-18,2021,walk_forward_validation,5,23,HPG|VIC|PLX|VJC|VPB,0.8,0.43478260869565216,1.84
2021-01-18,2021,walk_forward_validation,8,23,HPG|VIC|PLX|VJC|VPB|VCB|GAS|BID,0.5,0.43478260869565216,1.1500000000000001
2021-01-18,2021,walk_forward_validation,10,23,HPG|VIC|PLX|VJC|VPB|VCB|GAS|BID|FPT|MWG,0.6,0.43478260869565216,1.38
2021-01-19,2021,walk_forward_validation,2,23,VIC|CTG,0.5,0.43478260869565216,1.1500000000000001
2021-01-19,2021,walk_forward_validation,3,23,VIC|CTG|MWG,0.6666666666666666,0.43478260869565216,1.5333333333333332
2021-01-19,2021,walk_forward_validation,5,23,VIC|CTG|MWG|HPG|FPT,0.6,0.43478260869565216,1.38
2021-01-19,2021,walk_forward_validation,8,23,VIC|CTG|MWG|HPG|FPT|VPB|BID|MBB,0.625,0.43478260869565216,1.4375
2021-01-19,2021,walk_forward_validation,10,23,VIC|CTG|MWG|HPG|FPT|VPB|BID|MBB|VCB|GAS,0.6,0.43478260869565216,1.38
2021-01-20,2021,walk_forward_validation,2,23,HPG|VIC,1.0,0.43478260869565216,2.3000000000000003
2021-01-20,2021,walk_forward_validation,3,23,HPG|VIC|CTG,1.0,0.43478260869565216,2.3000000000000003
2021-01-20,2021,walk_forward_validation,5,23,HPG|VIC|CTG|VPB|PLX,1.0,0.43478260869565216,2.3000000000000003
2021-01-20,2021,walk_forward_validation,8,23,HPG|VIC|CTG|VPB|PLX|FPT|VCB|MWG,0.875,0.43478260869565216,2.0125
2021-01-20,2021,walk_forward_validation,10,23,HPG|VIC|CTG|VPB|PLX|FPT|VCB|MWG|HDB|MBB,0.8,0.43478260869565216,1.84
2021-01-21,2021,walk_forward_validation,2,23,VIC|VJC,1.0,0.4782608695652174,2.090909090909091
2021-01-21,2021,walk_forward_validation,3,23,VIC|VJC|FPT,1.0,0.4782608695652174,2.090909090909091
2021-01-21,2021,walk_forward_validation,5,23,VIC|VJC|FPT|VCB|PLX,0.8,0.4782608695652174,1.6727272727272728
2021-01-21,2021,walk_forward_validation,8,23,VIC|VJC|FPT|VCB|PLX|VHM|VPB|SAB,0.75,0.4782608695652174,1.5681818181818181
2021-01-21,2021,walk_forward_validation,10,23,VIC|VJC|FPT|VCB|PLX|VHM|VPB|SAB|GAS|HPG,0.7,0.4782608695652174,1.4636363636363634
2021-01-22,2021,walk_forward_validation,2,23,BID|VIC,0.5,0.4782608695652174,1.0454545454545454
2021-01-22,2021,walk_forward_validation,3,23,BID|VIC|GAS,0.6666666666666666,0.4782608695652174,1.3939393939393938
2021-01-22,2021,walk_forward_validation,5,23,BID|VIC|GAS|PLX|VCB,0.6,0.4782608695652174,1.2545454545454544
2021-01-22,2021,walk_forward_validation,8,23,BID|VIC|GAS|PLX|VCB|CTG|HPG|MWG,0.625,0.4782608695652174,1.3068181818181819
2021-01-22,2021,walk_forward_validation,10,23,BID|VIC|GAS|PLX|VCB|CTG|HPG|MWG|FPT|VJC,0.7,0.4782608695652174,1.4636363636363634
2021-01-25,2021,walk_forward_validation,2,23,HPG|GAS,1.0,0.5652173913043478,1.7692307692307694
2021-01-25,2021,walk_forward_validation,3,23,HPG|GAS|PLX,1.0,0.5652173913043478,1.7692307692307694
2021-01-25,2021,walk_forward_validation,5,23,HPG|GAS|PLX|VJC|VIC,1.0,0.5652173913043478,1.7692307692307694
2021-01-25,2021,walk_forward_validation,8,23,HPG|GAS|PLX|VJC|VIC|BID|FPT|CTG,0.875,0.5652173913043478,1.5480769230769231
2021-01-25,2021,walk_forward_validation,10,23,HPG|GAS|PLX|VJC|VIC|BID|FPT|CTG|VCB|VPB,0.8,0.5652173913043478,1.4153846153846155
2021-01-26,2021,walk_forward_validation,2,23,CTG|BID,0.5,0.6086956521739131,0.8214285714285714
2021-01-26,2021,walk_forward_validation,3,23,CTG|BID|VPB,0.6666666666666666,0.6086956521739131,1.0952380952380951
2021-01-26,2021,walk_forward_validation,5,23,CTG|BID|VPB|PLX|HPG,0.8,0.6086956521739131,1.3142857142857143
2021-01-26,2021,walk_forward_validation,8,23,CTG|BID|VPB|PLX|HPG|GAS|BVH|STB,0.75,0.6086956521739131,1.232142857142857
2021-01-26,2021,walk_forward_validation,10,23,CTG|BID|VPB|PLX|HPG|GAS|BVH|STB|VCB|VIC,0.7,0.6086956521739131,1.15
2021-01-27,2021,walk_forward_validation,2,23,VPB|CTG,1.0,0.4782608695652174,2.090909090909091
2021-01-27,2021,walk_forward_validation,3,23,VPB|CTG|HPG,1.0,0.4782608695652174,2.090909090909091
2021-01-27,2021,walk_forward_validation,5,23,VPB|CTG|HPG|BID|VCB,0.6,0.4782608695652174,1.2545454545454544
2021-01-27,2021,walk_forward_validation,8,23,VPB|CTG|HPG|BID|VCB|BVH|GAS|PLX,0.625,0.4782608695652174,1.3068181818181819
2021-01-27,2021,walk_forward_validation,10,23,VPB|CTG|HPG|BID|VCB|BVH|GAS|PLX|HDB|POW,0.6,0.4782608695652174,1.2545454545454544
2021-01-28,2021,walk_forward_validation,2,23,CTG|BID,0.5,0.5652173913043478,0.8846153846153847
2021-01-28,2021,walk_forward_validation,3,23,CTG|BID|VPB,0.6666666666666666,0.5652173913043478,1.1794871794871795
2021-01-28,2021,walk_forward_validation,5,23,CTG|BID|VPB|GAS|HPG,0.8,0.5652173913043478,1.4153846153846155
2021-01-28,2021,walk_forward_validation,8,23,CTG|BID|VPB|GAS|HPG|PLX|BVH|VIC,0.75,0.5652173913043478,1.326923076923077
2021-01-28,2021,walk_forward_validation,10,23,CTG|BID|VPB|GAS|HPG|PLX|BVH|VIC|STB|VNM,0.7,0.5652173913043478,1.2384615384615385
2021-01-29,2021,walk_forward_validation,2,23,CTG|SAB,0.5,0.5217391304347826,0.9583333333333334
2021-01-29,2021,walk_forward_validation,3,23,CTG|SAB|VPB,0.6666666666666666,0.5217391304347826,1.2777777777777777
2021-01-29,2021,walk_forward_validation,5,23,CTG|SAB|VPB|BID|HPG,0.6,0.5217391304347826,1.15
2021-01-29,2021,walk_forward_validation,8,23,CTG|SAB|VPB|BID|HPG|GAS|BVH|VCB,0.5,0.5217391304347826,0.9583333333333334
2021-01-29,2021,walk_forward_validation,10,23,CTG|SAB|VPB|BID|HPG|GAS|BVH|VCB|VIC|HDB,0.5,0.5217391304347826,0.9583333333333334
2021-02-01,2021,walk_forward_validation,2,23,BVH|SSI,0.5,0.5652173913043478,0.8846153846153847
2021-02-01,2021,walk_forward_validation,3,23,BVH|SSI|BID,0.3333333333333333,0.5652173913043478,0.5897435897435898
2021-02-01,2021,walk_forward_validation,5,23,BVH|SSI|BID|POW|VHM,0.4,0.5652173913043478,0.7076923076923077
2021-02-01,2021,walk_forward_validation,8,23,BVH|SSI|BID|POW|VHM|MBB|VCB|STB,0.5,0.5652173913043478,0.8846153846153847
2021-02-01,2021,walk_forward_validation,10,23,BVH|SSI|BID|POW|VHM|MBB|VCB|STB|HPG|GAS,0.6,0.5652173913043478,1.0615384615384615
2021-02-02,2021,walk_forward_validation,2,23,BID|GAS,0.5,0.5217391304347826,0.9583333333333334
2021-02-02,2021,walk_forward_validation,3,23,BID|GAS|BVH,0.3333333333333333,0.5217391304347826,0.6388888888888888
2021-02-02,2021,walk_forward_validation,5,23,BID|GAS|BVH|PLX|SSI,0.6,0.5217391304347826,1.15
2021-02-02,2021,walk_forward_validation,8,23,BID|GAS|BVH|PLX|SSI|VCB|POW|HPG,0.625,0.5217391304347826,1.1979166666666667
2021-02-02,2021,walk_forward_validation,10,23,BID|GAS|BVH|PLX|SSI|VCB|POW|HPG|VIC|VNM,0.5,0.5217391304347826,0.9583333333333334
2021-02-03,2021,walk_forward_validation,2,23,VCB|BID,0.0,0.4782608695652174,0.0
2021-02-03,2021,walk_forward_validation,3,23,VCB|BID|GAS,0.3333333333333333,0.4782608695652174,0.6969696969696969
2021-02-03,2021,walk_forward_validation,5,23,VCB|BID|GAS|POW|HPG,0.6,0.4782608695652174,1.2545454545454544
2021-02-03,2021,walk_forward_validation,8,23,VCB|BID|GAS|POW|HPG|PLX|VIC|MBB,0.625,0.4782608695652174,1.3068181818181819
2021-02-03,2021,walk_forward_validation,10,23,VCB|BID|GAS|POW|HPG|PLX|VIC|MBB|SAB|CTG,0.6,0.4782608695652174,1.2545454545454544
2021-02-04,2021,walk_forward_validation,2,23,BVH|HPG,0.5,0.4782608695652174,1.0454545454545454
2021-02-04,2021,walk_forward_validation,3,23,BVH|HPG|POW,0.6666666666666666,0.4782608695652174,1.3939393939393938
2021-02-04,2021,walk_forward_validation,5,23,BVH|HPG|POW|BID|VCB,0.4,0.4782608695652174,0.8363636363636364
2021-02-04,2021,walk_forward_validation,8,23,BVH|HPG|POW|BID|VCB|HDB|CTG|GAS,0.625,0.4782608695652174,1.3068181818181819
2021-02-04,2021,walk_forward_validation,10,23,BVH|HPG|POW|BID|VCB|HDB|CTG|GAS|MBB|VJC,0.6,0.4782608695652174,1.2545454545454544
2021-02-05,2021,walk_forward_validation,2,23,HPG|GAS,1.0,0.5652173913043478,1.7692307692307694
2021-02-05,2021,walk_forward_validation,3,23,HPG|GAS|VCB,0.6666666666666666,0.5652173913043478,1.1794871794871795
2021-02-05,2021,walk_forward_validation,5,23,HPG|GAS|VCB|BID|VJC,0.4,0.5652173913043478,0.7076923076923077
2021-02-05,2021,walk_forward_validation,8,23,HPG|GAS|VCB|BID|VJC|PLX|VNM|MBB,0.5,0.5652173913043478,0.8846153846153847
2021-02-05,2021,walk_forward_validation,10,23,HPG|GAS|VCB|BID|VJC|PLX|VNM|MBB|VIC|BVH,0.4,0.5652173913043478,0.7076923076923077
2021-02-08,2021,walk_forward_validation,2,23,VIC|VCB,0.0,0.43478260869565216,0.0
2021-02-08,2021,walk_forward_validation,3,23,VIC|VCB|VHM,0.0,0.43478260869565216,0.0
2021-02-08,2021,walk_forward_validation,5,23,VIC|VCB|VHM|GAS|VJC,0.2,0.43478260869565216,0.46
2021-02-08,2021,walk_forward_validation,8,23,VIC|VCB|VHM|GAS|VJC|BID|HPG|VNM,0.25,0.43478260869565216,0.5750000000000001
2021-02-08,2021,walk_forward_validation,10,23,VIC|VCB|VHM|GAS|VJC|BID|HPG|VNM|CTG|BVH,0.3,0.43478260869565216,0.69
2021-02-09,2021,walk_forward_validation,2,23,HPG|BID,0.5,0.4782608695652174,1.0454545454545454
2021-02-09,2021,walk_forward_validation,3,23,HPG|BID|VHM,0.3333333333333333,0.4782608695652174,0.6969696969696969
2021-02-09,2021,walk_forward_validation,5,23,HPG|BID|VHM|VCB|GAS,0.4,0.4782608695652174,0.8363636363636364
2021-02-09,2021,walk_forward_validation,8,23,HPG|BID|VHM|VCB|GAS|PLX|VJC|MBB,0.5,0.4782608695652174,1.0454545454545454
2021-02-09,2021,walk_forward_validation,10,23,HPG|BID|VHM|VCB|GAS|PLX|VJC|MBB|VRE|VIC,0.5,0.4782608695652174,1.0454545454545454
2021-02-17,2021,walk_forward_validation,2,23,VJC|VHM,0.0,0.5652173913043478,0.0
2021-02-17,2021,walk_forward_validation,3,23,VJC|VHM|BID,0.3333333333333333,0.5652173913043478,0.5897435897435898
2021-02-17,2021,walk_forward_validation,5,23,VJC|VHM|BID|BVH|VNM,0.2,0.5652173913043478,0.35384615384615387
2021-02-17,2021,walk_forward_validation,8,23,VJC|VHM|BID|BVH|VNM|HPG|PLX|VCB,0.375,0.5652173913043478,0.6634615384615385
2021-02-17,2021,walk_forward_validation,10,23,VJC|VHM|BID|BVH|VNM|HPG|PLX|VCB|MBB|VIC,0.4,0.5652173913043478,0.7076923076923077
2021-02-18,2021,walk_forward_validation,2,23,BID|PLX,1.0,0.5217391304347826,1.9166666666666667
2021-02-18,2021,walk_forward_validation,3,23,BID|PLX|VJC,1.0,0.5217391304347826,1.9166666666666667
2021-02-18,2021,walk_forward_validation,5,23,BID|PLX|VJC|VCB|VHM,0.6,0.5217391304347826,1.15
2021-02-18,2021,walk_forward_validation,8,23,BID|PLX|VJC|VCB|VHM|VNM|POW|HDB,0.625,0.5217391304347826,1.1979166666666667
2021-02-18,2021,walk_forward_validation,10,23,BID|PLX|VJC|VCB|VHM|VNM|POW|HDB|VIC|VRE,0.5,0.5217391304347826,0.9583333333333334
2021-02-19,2021,walk_forward_validation,2,23,VCB|VJC,0.0,0.4782608695652174,0.0
2021-02-19,2021,walk_forward_validation,3,23,VCB|VJC|PLX,0.0,0.4782608695652174,0.0
2021-02-19,2021,walk_forward_validation,5,23,VCB|VJC|PLX|VNM|VIC,0.0,0.4782608695652174,0.0
2021-02-19,2021,walk_forward_validation,8,23,VCB|VJC|PLX|VNM|VIC|HDB|BID|POW,0.375,0.4782608695652174,0.7840909090909091
2021-02-19,2021,walk_forward_validation,10,23,VCB|VJC|PLX|VNM|VIC|HDB|BID|POW|HPG|STB,0.5,0.4782608695652174,1.0454545454545454
2021-02-22,2021,walk_forward_validation,2,23,VJC|VCB,0.0,0.5652173913043478,0.0
2021-02-22,2021,walk_forward_validation,3,23,VJC|VCB|VNM,0.0,0.5652173913043478,0.0
2021-02-22,2021,walk_forward_validation,5,23,VJC|VCB|VNM|POW|STB,0.4,0.5652173913043478,0.7076923076923077
2021-02-22,2021,walk_forward_validation,8,23,VJC|VCB|VNM|POW|STB|SSI|PLX|CTG,0.5,0.5652173913043478,0.8846153846153847
2021-02-22,2021,walk_forward_validation,10,23,VJC|VCB|VNM|POW|STB|SSI|PLX|CTG|HPG|VIC,0.5,0.5652173913043478,0.8846153846153847
2021-02-23,2021,walk_forward_validation,2,23,BVH|VJC,0.5,0.4782608695652174,1.0454545454545454
2021-02-23,2021,walk_forward_validation,3,23,BVH|VJC|PLX,0.6666666666666666,0.4782608695652174,1.3939393939393938
2021-02-23,2021,walk_forward_validation,5,23,BVH|VJC|PLX|POW|VCB,0.6,0.4782608695652174,1.2545454545454544
2021-02-23,2021,walk_forward_validation,8,23,BVH|VJC|PLX|POW|VCB|VNM|HPG|HDB,0.625,0.4782608695652174,1.3068181818181819
2021-02-23,2021,walk_forward_validation,10,23,BVH|VJC|PLX|POW|VCB|VNM|HPG|HDB|STB|VIC,0.5,0.4782608695652174,1.0454545454545454
2021-02-24,2021,walk_forward_validation,2,23,POW|STB,1.0,0.43478260869565216,2.3000000000000003
2021-02-24,2021,walk_forward_validation,3,23,POW|STB|VHM,0.6666666666666666,0.43478260869565216,1.5333333333333332
2021-02-24,2021,walk_forward_validation,5,23,POW|STB|VHM|BVH|HDB,0.6,0.43478260869565216,1.38
2021-02-24,2021,walk_forward_validation,8,23,POW|STB|VHM|BVH|HDB|VCB|VNM|BID,0.375,0.43478260869565216,0.8625
2021-02-24,2021,walk_forward_validation,10,23,POW|STB|VHM|BVH|HDB|VCB|VNM|BID|HPG|SSI,0.4,0.43478260869565216,0.92
2021-02-25,2021,walk_forward_validation,2,23,BID|VNM,0.0,0.43478260869565216,0.0
2021-02-25,2021,walk_forward_validation,3,23,BID|VNM|POW,0.0,0.43478260869565216,0.0
2021-02-25,2021,walk_forward_validation,5,23,BID|VNM|POW|BVH|HDB,0.2,0.43478260869565216,0.46
2021-02-25,2021,walk_forward_validation,8,23,BID|VNM|POW|BVH|HDB|HPG|VJC|VCB,0.25,0.43478260869565216,0.5750000000000001
2021-02-25,2021,walk_forward_validation,10,23,BID|VNM|POW|BVH|HDB|HPG|VJC|VCB|STB|MSN,0.3,0.43478260869565216,0.69
2021-02-26,2021,walk_forward_validation,2,23,POW|VRE,0.5,0.43478260869565216,1.1500000000000001
2021-02-26,2021,walk_forward_validation,3,23,POW|VRE|VJC,0.3333333333333333,0.43478260869565216,0.7666666666666666
2021-02-26,2021,walk_forward_validation,5,23,POW|VRE|VJC|VNM|HDB,0.4,0.43478260869565216,0.92
2021-02-26,2021,walk_forward_validation,8,23,POW|VRE|VJC|VNM|HDB|SSI|BVH|STB,0.375,0.43478260869565216,0.8625
2021-02-26,2021,walk_forward_validation,10,23,POW|VRE|VJC|VNM|HDB|SSI|BVH|STB|PLX|TCB,0.4,0.43478260869565216,0.92
2021-03-01,2021,walk_forward_validation,2,23,BID|VJC,0.0,0.391304347826087,0.0
2021-03-01,2021,walk_forward_validation,3,23,BID|VJC|HPG,0.3333333333333333,0.391304347826087,0.8518518518518517
2021-03-01,2021,walk_forward_validation,5,23,BID|VJC|HPG|POW|VIC,0.6,0.391304347826087,1.5333333333333332
2021-03-01,2021,walk_forward_validation,8,23,BID|VJC|HPG|POW|VIC|VCB|VHM|CTG,0.5,0.391304347826087,1.2777777777777777
2021-03-01,2021,walk_forward_validation,10,23,BID|VJC|HPG|POW|VIC|VCB|VHM|CTG|VNM|MWG,0.4,0.391304347826087,1.0222222222222221
2021-03-02,2021,walk_forward_validation,2,23,POW|BID,0.5,0.2608695652173913,1.9166666666666667
2021-03-02,2021,walk_forward_validation,3,23,POW|BID|VCB,0.3333333333333333,0.2608695652173913,1.2777777777777777
2021-03-02,2021,walk_forward_validation,5,23,POW|BID|VCB|PLX|VNM,0.2,0.2608695652173913,0.7666666666666667
2021-03-02,2021,walk_forward_validation,8,23,POW|BID|VCB|PLX|VNM|VJC|BVH|VIC,0.25,0.2608695652173913,0.9583333333333334
2021-03-02,2021,walk_forward_validation,10,23,POW|BID|VCB|PLX|VNM|VJC|BVH|VIC|STB|HPG,0.3,0.2608695652173913,1.15
2021-03-03,2021,walk_forward_validation,2,23,BID|POW,0.5,0.30434782608695654,1.6428571428571428
2021-03-03,2021,walk_forward_validation,3,23,BID|POW|VIC,0.6666666666666666,0.30434782608695654,2.1904761904761902
2021-03-03,2021,walk_forward_validation,5,23,BID|POW|VIC|VHM|VJC,0.4,0.30434782608695654,1.3142857142857143
2021-03-03,2021,walk_forward_validation,8,23,BID|POW|VIC|VHM|VJC|VNM|VCB|STB,0.375,0.30434782608695654,1.232142857142857
2021-03-03,2021,walk_forward_validation,10,23,BID|POW|VIC|VHM|VJC|VNM|VCB|STB|BVH|CTG,0.4,0.30434782608695654,1.3142857142857143
2021-03-04,2021,walk_forward_validation,2,23,BID|STB,0.5,0.43478260869565216,1.1500000000000001
2021-03-04,2021,walk_forward_validation,3,23,BID|STB|VIC,0.6666666666666666,0.43478260869565216,1.5333333333333332
2021-03-04,2021,walk_forward_validation,5,23,BID|STB|VIC|PLX|POW,0.6,0.43478260869565216,1.38
2021-03-04,2021,walk_forward_validation,8,23,BID|STB|VIC|PLX|POW|MSN|VCB|SSI,0.5,0.43478260869565216,1.1500000000000001
2021-03-04,2021,walk_forward_validation,10,23,BID|STB|VIC|PLX|POW|MSN|VCB|SSI|MBB|HPG,0.6,0.43478260869565216,1.38
2021-03-05,2021,walk_forward_validation,2,23,VNM|BID,0.5,0.43478260869565216,1.1500000000000001
2021-03-05,2021,walk_forward_validation,3,23,VNM|BID|BVH,0.3333333333333333,0.43478260869565216,0.7666666666666666
2021-03-05,2021,walk_forward_validation,5,23,VNM|BID|BVH|VCB|VHM,0.2,0.43478260869565216,0.46
2021-03-05,2021,walk_forward_validation,8,23,VNM|BID|BVH|VCB|VHM|STB|PLX|VIC,0.375,0.43478260869565216,0.8625
2021-03-05,2021,walk_forward_validation,10,23,VNM|BID|BVH|VCB|VHM|STB|PLX|VIC|HDB|VJC,0.4,0.43478260869565216,0.92
2021-03-08,2021,walk_forward_validation,2,23,BVH|VNM,0.0,0.4782608695652174,0.0
2021-03-08,2021,walk_forward_validation,3,23,BVH|VNM|VHM,0.0,0.4782608695652174,0.0
2021-03-08,2021,walk_forward_validation,5,23,BVH|VNM|VHM|BID|VCB,0.4,0.4782608695652174,0.8363636363636364
2021-03-08,2021,walk_forward_validation,8,23,BVH|VNM|VHM|BID|VCB|VIC|MSN|PLX,0.5,0.4782608695652174,1.0454545454545454
2021-03-08,2021,walk_forward_validation,10,23,BVH|VNM|VHM|BID|VCB|VIC|MSN|PLX|SSI|SAB,0.4,0.4782608695652174,0.8363636363636364
2021-03-09,2021,walk_forward_validation,2,23,VNM|VIC,0.5,0.391304347826087,1.2777777777777777
2021-03-09,2021,walk_forward_validation,3,23,VNM|VIC|BID,0.6666666666666666,0.391304347826087,1.7037037037037035
2021-03-09,2021,walk_forward_validation,5,23,VNM|VIC|BID|VCB|BVH,0.6,0.391304347826087,1.5333333333333332
2021-03-09,2021,walk_forward_validation,8,23,VNM|VIC|BID|VCB|BVH|SSI|STB|CTG,0.625,0.391304347826087,1.597222222222222
2021-03-09,2021,walk_forward_validation,10,23,VNM|VIC|BID|VCB|BVH|SSI|STB|CTG|PLX|MWG,0.5,0.391304347826087,1.2777777777777777
2021-03-10,2021,walk_forward_validation,2,23,SSI|STB,1.0,0.5652173913043478,1.7692307692307694
2021-03-10,2021,walk_forward_validation,3,23,SSI|STB|VNM,0.6666666666666666,0.5652173913043478,1.1794871794871795
2021-03-10,2021,walk_forward_validation,5,23,SSI|STB|VNM|BID|PLX,0.6,0.5652173913043478,1.0615384615384615
2021-03-10,2021,walk_forward_validation,8,23,SSI|STB|VNM|BID|PLX|VHM|FPT|HPG,0.5,0.5652173913043478,0.8846153846153847
2021-03-10,2021,walk_forward_validation,10,23,SSI|STB|VNM|BID|PLX|VHM|FPT|HPG|BVH|MBB,0.6,0.5652173913043478,1.0615384615384615
2021-03-11,2021,walk_forward_validation,2,23,TCB|STB,0.5,0.34782608695652173,1.4375
2021-03-11,2021,walk_forward_validation,3,23,TCB|STB|VIC,0.6666666666666666,0.34782608695652173,1.9166666666666665
2021-03-11,2021,walk_forward_validation,5,23,TCB|STB|VIC|BVH|SSI,0.4,0.34782608695652173,1.1500000000000001
2021-03-11,2021,walk_forward_validation,8,23,TCB|STB|VIC|BVH|SSI|HDB|BID|PLX,0.375,0.34782608695652173,1.078125
2021-03-11,2021,walk_forward_validation,10,23,TCB|STB|VIC|BVH|SSI|HDB|BID|PLX|VNM|HPG,0.4,0.34782608695652173,1.1500000000000001
2021-03-12,2021,walk_forward_validation,2,23,SSI|BVH,0.5,0.43478260869565216,1.1500000000000001
2021-03-12,2021,walk_forward_validation,3,23,SSI|BVH|STB,0.6666666666666666,0.43478260869565216,1.5333333333333332
2021-03-12,2021,walk_forward_validation,5,23,SSI|BVH|STB|HDB|VNM,0.6,0.43478260869565216,1.38
2021-03-12,2021,walk_forward_validation,8,23,SSI|BVH|STB|HDB|VNM|MBB|BID|VCB,0.5,0.43478260869565216,1.1500000000000001
2021-03-12,2021,walk_forward_validation,10,23,SSI|BVH|STB|HDB|VNM|MBB|BID|VCB|HPG|TCB,0.5,0.43478260869565216,1.1500000000000001
2021-03-15,2021,walk_forward_validation,2,23,STB|SSI,1.0,0.34782608695652173,2.875
2021-03-15,2021,walk_forward_validation,3,23,STB|SSI|VHM,0.6666666666666666,0.34782608695652173,1.9166666666666665
2021-03-15,2021,walk_forward_validation,5,23,STB|SSI|VHM|BID|HPG,0.6,0.34782608695652173,1.725
2021-03-15,2021,walk_forward_validation,8,23,STB|SSI|VHM|BID|HPG|VIC|CTG|VNM,0.625,0.34782608695652173,1.796875
2021-03-15,2021,walk_forward_validation,10,23,STB|SSI|VHM|BID|HPG|VIC|CTG|VNM|TCB|HDB,0.5,0.34782608695652173,1.4375
2021-03-16,2021,walk_forward_validation,2,23,SSI|STB,1.0,0.34782608695652173,2.875
2021-03-16,2021,walk_forward_validation,3,23,SSI|STB|VNM,0.6666666666666666,0.34782608695652173,1.9166666666666665
2021-03-16,2021,walk_forward_validation,5,23,SSI|STB|VNM|HDB|TCB,0.4,0.34782608695652173,1.1500000000000001
2021-03-16,2021,walk_forward_validation,8,23,SSI|STB|VNM|HDB|TCB|VIC|BID|HPG,0.5,0.34782608695652173,1.4375
2021-03-16,2021,walk_forward_validation,10,23,SSI|STB|VNM|HDB|TCB|VIC|BID|HPG|VPB|CTG,0.6,0.34782608695652173,1.725
2021-03-17,2021,walk_forward_validation,2,23,SSI|HDB,0.5,0.34782608695652173,1.4375
2021-03-17,2021,walk_forward_validation,3,23,SSI|HDB|TCB,0.3333333333333333,0.34782608695652173,0.9583333333333333
2021-03-17,2021,walk_forward_validation,5,23,SSI|HDB|TCB|VPB|VHM,0.4,0.34782608695652173,1.1500000000000001
2021-03-17,2021,walk_forward_validation,8,23,SSI|HDB|TCB|VPB|VHM|STB|VIC|MBB,0.625,0.34782608695652173,1.796875
2021-03-17,2021,walk_forward_validation,10,23,SSI|HDB|TCB|VPB|VHM|STB|VIC|MBB|VRE|BVH,0.5,0.34782608695652173,1.4375
2021-03-18,2021,walk_forward_validation,2,23,HDB|SSI,0.5,0.34782608695652173,1.4375
2021-03-18,2021,walk_forward_validation,3,23,HDB|SSI|BVH,0.3333333333333333,0.34782608695652173,0.9583333333333333
2021-03-18,2021,walk_forward_validation,5,23,HDB|SSI|BVH|STB|TCB,0.4,0.34782608695652173,1.1500000000000001
2021-03-18,2021,walk_forward_validation,8,23,HDB|SSI|BVH|STB|TCB|VIC|VPB|HPG,0.625,0.34782608695652173,1.796875
2021-03-18,2021,walk_forward_validation,10,23,HDB|SSI|BVH|STB|TCB|VIC|VPB|HPG|MBB|VHM,0.6,0.34782608695652173,1.725
2021-03-19,2021,walk_forward_validation,2,23,SSI|STB,0.5,0.2608695652173913,1.9166666666666667
2021-03-19,2021,walk_forward_validation,3,23,SSI|STB|HDB,0.3333333333333333,0.2608695652173913,1.2777777777777777
2021-03-19,2021,walk_forward_validation,5,23,SSI|STB|HDB|VHM|VCB,0.2,0.2608695652173913,0.7666666666666667
2021-03-19,2021,walk_forward_validation,8,23,SSI|STB|HDB|VHM|VCB|VIC|VRE|TCB,0.25,0.2608695652173913,0.9583333333333334
2021-03-19,2021,walk_forward_validation,10,23,SSI|STB|HDB|VHM|VCB|VIC|VRE|TCB|MBB|VPB,0.3,0.2608695652173913,1.15
2021-03-22,2021,walk_forward_validation,2,23,STB|MBB,1.0,0.2608695652173913,3.8333333333333335
2021-03-22,2021,walk_forward_validation,3,23,STB|MBB|HDB,0.6666666666666666,0.2608695652173913,2.5555555555555554
2021-03-22,2021,walk_forward_validation,5,23,STB|MBB|HDB|TCB|HPG,0.6,0.2608695652173913,2.3
2021-03-22,2021,walk_forward_validation,8,23,STB|MBB|HDB|TCB|HPG|SSI|VPB|FPT,0.5,0.2608695652173913,1.9166666666666667
2021-03-22,2021,walk_forward_validation,10,23,STB|MBB|HDB|TCB|HPG|SSI|VPB|FPT|BID|BVH,0.4,0.2608695652173913,1.5333333333333334
2021-03-23,2021,walk_forward_validation,2,23,STB|MBB,1.0,0.391304347826087,2.5555555555555554
2021-03-23,2021,walk_forward_validation,3,23,STB|MBB|TCB,0.6666666666666666,0.391304347826087,1.7037037037037035
2021-03-23,2021,walk_forward_validation,5,23,STB|MBB|TCB|FPT|SSI,0.4,0.391304347826087,1.0222222222222221
2021-03-23,2021,walk_forward_validation,8,23,STB|MBB|TCB|FPT|SSI|BVH|HDB|CTG,0.25,0.391304347826087,0.6388888888888888
2021-03-23,2021,walk_forward_validation,10,23,STB|MBB|TCB|FPT|SSI|BVH|HDB|CTG|VRE|BID,0.2,0.391304347826087,0.5111111111111111
2021-03-24,2021,walk_forward_validation,2,23,STB|HPG,1.0,0.391304347826087,2.5555555555555554
2021-03-24,2021,walk_forward_validation,3,23,STB|HPG|CTG,0.6666666666666666,0.391304347826087,1.7037037037037035
2021-03-24,2021,walk_forward_validation,5,23,STB|HPG|CTG|SSI|POW,0.4,0.391304347826087,1.0222222222222221
2021-03-24,2021,walk_forward_validation,8,23,STB|HPG|CTG|SSI|POW|MBB|HDB|TCB,0.375,0.391304347826087,0.9583333333333333
2021-03-24,2021,walk_forward_validation,10,23,STB|HPG|CTG|SSI|POW|MBB|HDB|TCB|BVH|VRE,0.3,0.391304347826087,0.7666666666666666
2021-03-25,2021,walk_forward_validation,2,23,STB|HPG,1.0,0.43478260869565216,2.3000000000000003
2021-03-25,2021,walk_forward_validation,3,23,STB|HPG|SSI,0.6666666666666666,0.43478260869565216,1.5333333333333332
2021-03-25,2021,walk_forward_validation,5,23,STB|HPG|SSI|VRE|CTG,0.4,0.43478260869565216,0.92
2021-03-25,2021,walk_forward_validation,8,23,STB|HPG|SSI|VRE|CTG|MBB|TCB|VIC,0.5,0.43478260869565216,1.1500000000000001
2021-03-25,2021,walk_forward_validation,10,23,STB|HPG|SSI|VRE|CTG|MBB|TCB|VIC|HDB|VHM,0.5,0.43478260869565216,1.1500000000000001
2021-03-26,2021,walk_forward_validation,2,23,STB|VRE,0.5,0.34782608695652173,1.4375
2021-03-26,2021,walk_forward_validation,3,23,STB|VRE|HPG,0.6666666666666666,0.34782608695652173,1.9166666666666665
2021-03-26,2021,walk_forward_validation,5,23,STB|VRE|HPG|CTG|BVH,0.4,0.34782608695652173,1.1500000000000001
2021-03-26,2021,walk_forward_validation,8,23,STB|VRE|HPG|CTG|BVH|VIC|SSI|TCB,0.375,0.34782608695652173,1.078125
2021-03-26,2021,walk_forward_validation,10,23,STB|VRE|HPG|CTG|BVH|VIC|SSI|TCB|HDB|FPT,0.4,0.34782608695652173,1.1500000000000001
2021-03-29,2021,walk_forward_validation,2,23,STB|HDB,0.5,0.43478260869565216,1.1500000000000001
2021-03-29,2021,walk_forward_validation,3,23,STB|HDB|VIC,0.6666666666666666,0.43478260869565216,1.5333333333333332
2021-03-29,2021,walk_forward_validation,5,23,STB|HDB|VIC|HPG|MBB,0.8,0.43478260869565216,1.84
2021-03-29,2021,walk_forward_validation,8,23,STB|HDB|VIC|HPG|MBB|CTG|TCB|SSI,0.5,0.43478260869565216,1.1500000000000001
2021-03-29,2021,walk_forward_validation,10,23,STB|HDB|VIC|HPG|MBB|CTG|TCB|SSI|VRE|FPT,0.5,0.43478260869565216,1.1500000000000001
2021-03-30,2021,walk_forward_validation,2,23,MBB|TCB,0.5,0.43478260869565216,1.1500000000000001
2021-03-30,2021,walk_forward_validation,3,23,MBB|TCB|HPG,0.6666666666666666,0.43478260869565216,1.5333333333333332
2021-03-30,2021,walk_forward_validation,5,23,MBB|TCB|HPG|BVH|HDB,0.4,0.43478260869565216,0.92
2021-03-30,2021,walk_forward_validation,8,23,MBB|TCB|HPG|BVH|HDB|VRE|SSI|GAS,0.25,0.43478260869565216,0.5750000000000001
2021-03-30,2021,walk_forward_validation,10,23,MBB|TCB|HPG|BVH|HDB|VRE|SSI|GAS|FPT|MSN,0.4,0.43478260869565216,0.92
2021-03-31,2021,walk_forward_validation,2,23,TCB|HPG,0.5,0.391304347826087,1.2777777777777777
2021-03-31,2021,walk_forward_validation,3,23,TCB|HPG|MBB,0.6666666666666666,0.391304347826087,1.7037037037037035
2021-03-31,2021,walk_forward_validation,5,23,TCB|HPG|MBB|CTG|SSI,0.4,0.391304347826087,1.0222222222222221
2021-03-31,2021,walk_forward_validation,8,23,TCB|HPG|MBB|CTG|SSI|VRE|VPB|GAS,0.375,0.391304347826087,0.9583333333333333
2021-03-31,2021,walk_forward_validation,10,23,TCB|HPG|MBB|CTG|SSI|VRE|VPB|GAS|VHM|HDB,0.3,0.391304347826087,0.7666666666666666
2021-04-01,2021,walk_forward_validation,2,23,MBB|HPG,1.0,0.4782608695652174,2.090909090909091
2021-04-01,2021,walk_forward_validation,3,23,MBB|HPG|BVH,0.6666666666666666,0.4782608695652174,1.3939393939393938
2021-04-01,2021,walk_forward_validation,5,23,MBB|HPG|BVH|VPB|TCB,0.8,0.4782608695652174,1.6727272727272728
2021-04-01,2021,walk_forward_validation,8,23,MBB|HPG|BVH|VPB|TCB|CTG|MSN|VHM,0.75,0.4782608695652174,1.5681818181818181
2021-04-01,2021,walk_forward_validation,10,23,MBB|HPG|BVH|VPB|TCB|CTG|MSN|VHM|BID|FPT,0.7,0.4782608695652174,1.4636363636363634
2021-04-02,2021,walk_forward_validation,2,23,MBB|HPG,1.0,0.5217391304347826,1.9166666666666667
2021-04-02,2021,walk_forward_validation,3,23,MBB|HPG|HDB,1.0,0.5217391304347826,1.9166666666666667
2021-04-02,2021,walk_forward_validation,5,23,MBB|HPG|HDB|TCB|VPB,1.0,0.5217391304347826,1.9166666666666667
2021-04-02,2021,walk_forward_validation,8,23,MBB|HPG|HDB|TCB|VPB|VHM|BVH|BID,0.625,0.5217391304347826,1.1979166666666667
2021-04-02,2021,walk_forward_validation,10,23,MBB|HPG|HDB|TCB|VPB|VHM|BVH|BID|FPT|CTG,0.7,0.5217391304347826,1.3416666666666666
2021-04-05,2021,walk_forward_validation,2,23,TCB|MBB,1.0,0.4782608695652174,2.090909090909091
2021-04-05,2021,walk_forward_validation,3,23,TCB|MBB|HDB,1.0,0.4782608695652174,2.090909090909091
2021-04-05,2021,walk_forward_validation,5,23,TCB|MBB|HDB|VPB|HPG,1.0,0.4782608695652174,2.090909090909091
2021-04-05,2021,walk_forward_validation,8,23,TCB|MBB|HDB|VPB|HPG|VHM|BVH|BID,0.625,0.4782608695652174,1.3068181818181819
2021-04-05,2021,walk_forward_validation,10,23,TCB|MBB|HDB|VPB|HPG|VHM|BVH|BID|CTG|VCB,0.6,0.4782608695652174,1.2545454545454544
2021-04-06,2021,walk_forward_validation,2,23,TCB|VPB,1.0,0.4782608695652174,2.090909090909091
2021-04-06,2021,walk_forward_validation,3,23,TCB|VPB|HDB,1.0,0.4782608695652174,2.090909090909091
2021-04-06,2021,walk_forward_validation,5,23,TCB|VPB|HDB|HPG|VCB,0.8,0.4782608695652174,1.6727272727272728
2021-04-06,2021,walk_forward_validation,8,23,TCB|VPB|HDB|HPG|VCB|BID|VHM|MSN,0.625,0.4782608695652174,1.3068181818181819
2021-04-06,2021,walk_forward_validation,10,23,TCB|VPB|HDB|HPG|VCB|BID|VHM|MSN|SSI|MWG,0.6,0.4782608695652174,1.2545454545454544
2021-04-07,2021,walk_forward_validation,2,23,VPB|HPG,1.0,0.4782608695652174,2.090909090909091
2021-04-07,2021,walk_forward_validation,3,23,VPB|HPG|VHM,0.6666666666666666,0.4782608695652174,1.3939393939393938
2021-04-07,2021,walk_forward_validation,5,23,VPB|HPG|VHM|TCB|MSN,0.8,0.4782608695652174,1.6727272727272728
2021-04-07,2021,walk_forward_validation,8,23,VPB|HPG|VHM|TCB|MSN|HDB|MBB|BID,0.75,0.4782608695652174,1.5681818181818181
2021-04-07,2021,walk_forward_validation,10,23,VPB|HPG|VHM|TCB|MSN|HDB|MBB|BID|SSI|GAS,0.6,0.4782608695652174,1.2545454545454544
2021-04-08,2021,walk_forward_validation,2,23,VPB|HPG,1.0,0.4782608695652174,2.090909090909091
2021-04-08,2021,walk_forward_validation,3,23,VPB|HPG|HDB,1.0,0.4782608695652174,2.090909090909091
2021-04-08,2021,walk_forward_validation,5,23,VPB|HPG|HDB|MBB|TCB,1.0,0.4782608695652174,2.090909090909091
2021-04-08,2021,walk_forward_validation,8,23,VPB|HPG|HDB|MBB|TCB|FPT|BID|MSN,0.875,0.4782608695652174,1.8295454545454546
2021-04-08,2021,walk_forward_validation,10,23,VPB|HPG|HDB|MBB|TCB|FPT|BID|MSN|SSI|VCB,0.7,0.4782608695652174,1.4636363636363634
2021-04-09,2021,walk_forward_validation,2,23,VPB|HPG,1.0,0.4782608695652174,2.090909090909091
2021-04-09,2021,walk_forward_validation,3,23,VPB|HPG|FPT,1.0,0.4782608695652174,2.090909090909091
2021-04-09,2021,walk_forward_validation,5,23,VPB|HPG|FPT|SSI|VHM,0.6,0.4782608695652174,1.2545454545454544
2021-04-09,2021,walk_forward_validation,8,23,VPB|HPG|FPT|SSI|VHM|HDB|BID|TCB,0.625,0.4782608695652174,1.3068181818181819
2021-04-09,2021,walk_forward_validation,10,23,VPB|HPG|FPT|SSI|VHM|HDB|BID|TCB|VCB|CTG,0.6,0.4782608695652174,1.2545454545454544
2021-04-12,2021,walk_forward_validation,2,23,HPG|HDB,1.0,0.43478260869565216,2.3000000000000003
2021-04-12,2021,walk_forward_validation,3,23,HPG|HDB|TCB,1.0,0.43478260869565216,2.3000000000000003
2021-04-12,2021,walk_forward_validation,5,23,HPG|HDB|TCB|VPB|FPT,1.0,0.43478260869565216,2.3000000000000003
2021-04-12,2021,walk_forward_validation,8,23,HPG|HDB|TCB|VPB|FPT|BID|SSI|VHM,0.625,0.43478260869565216,1.4375
2021-04-12,2021,walk_forward_validation,10,23,HPG|HDB|TCB|VPB|FPT|BID|SSI|VHM|MBB|VCB,0.6,0.43478260869565216,1.38
2021-04-13,2021,walk_forward_validation,2,23,HPG|TCB,1.0,0.43478260869565216,2.3000000000000003
2021-04-13,2021,walk_forward_validation,3,23,HPG|TCB|VPB,1.0,0.43478260869565216,2.3000000000000003
2021-04-13,2021,walk_forward_validation,5,23,HPG|TCB|VPB|VHM|SSI,0.6,0.43478260869565216,1.38
2021-04-13,2021,walk_forward_validation,8,23,HPG|TCB|VPB|VHM|SSI|HDB|BVH|MBB,0.625,0.43478260869565216,1.4375
2021-04-13,2021,walk_forward_validation,10,23,HPG|TCB|VPB|VHM|SSI|HDB|BVH|MBB|BID|FPT,0.6,0.43478260869565216,1.38
2021-04-14,2021,walk_forward_validation,2,23,VPB|TCB,1.0,0.4782608695652174,2.090909090909091
2021-04-14,2021,walk_forward_validation,3,23,VPB|TCB|BVH,0.6666666666666666,0.4782608695652174,1.3939393939393938
2021-04-14,2021,walk_forward_validation,5,23,VPB|TCB|BVH|FPT|VHM,0.8,0.4782608695652174,1.6727272727272728
2021-04-14,2021,walk_forward_validation,8,23,VPB|TCB|BVH|FPT|VHM|SSI|MBB|MWG,0.75,0.4782608695652174,1.5681818181818181
2021-04-14,2021,walk_forward_validation,10,23,VPB|TCB|BVH|FPT|VHM|SSI|MBB|MWG|HDB|CTG,0.8,0.4782608695652174,1.6727272727272728
2021-04-15,2021,walk_forward_validation,2,23,VPB|TCB,1.0,0.4782608695652174,2.090909090909091
2021-04-15,2021,walk_forward_validation,3,23,VPB|TCB|SSI,1.0,0.4782608695652174,2.090909090909091
2021-04-15,2021,walk_forward_validation,5,23,VPB|TCB|SSI|MWG|VHM,0.8,0.4782608695652174,1.6727272727272728
2021-04-15,2021,walk_forward_validation,8,23,VPB|TCB|SSI|MWG|VHM|MBB|BVH|FPT,0.75,0.4782608695652174,1.5681818181818181
2021-04-15,2021,walk_forward_validation,10,23,VPB|TCB|SSI|MWG|VHM|MBB|BVH|FPT|VCB|HDB,0.7,0.4782608695652174,1.4636363636363634
2021-04-16,2021,walk_forward_validation,2,23,VPB|CTG,1.0,0.5217391304347826,1.9166666666666667
2021-04-16,2021,walk_forward_validation,3,23,VPB|CTG|VHM,0.6666666666666666,0.5217391304347826,1.2777777777777777
2021-04-16,2021,walk_forward_validation,5,23,VPB|CTG|VHM|SSI|TCB,0.8,0.5217391304347826,1.5333333333333334
2021-04-16,2021,walk_forward_validation,8,23,VPB|CTG|VHM|SSI|TCB|BVH|FPT|MBB,0.75,0.5217391304347826,1.4375
2021-04-16,2021,walk_forward_validation,10,23,VPB|CTG|VHM|SSI|TCB|BVH|FPT|MBB|BID|POW,0.6,0.5217391304347826,1.15
2021-04-19,2021,walk_forward_validation,2,23,VPB|FPT,1.0,0.5217391304347826,1.9166666666666667
2021-04-19,2021,walk_forward_validation,3,23,VPB|FPT|MWG,1.0,0.5217391304347826,1.9166666666666667
2021-04-19,2021,walk_forward_validation,5,23,VPB|FPT|MWG|VHM|MBB,0.8,0.5217391304347826,1.5333333333333334
2021-04-19,2021,walk_forward_validation,8,23,VPB|FPT|MWG|VHM|MBB|CTG|TCB|SSI,0.875,0.5217391304347826,1.6770833333333335
2021-04-19,2021,walk_forward_validation,10,23,VPB|FPT|MWG|VHM|MBB|CTG|TCB|SSI|VCB|VRE,0.7,0.5217391304347826,1.3416666666666666
2021-04-20,2021,walk_forward_validation,2,23,VPB|SSI,1.0,0.5652173913043478,1.7692307692307694
2021-04-20,2021,walk_forward_validation,3,23,VPB|SSI|FPT,1.0,0.5652173913043478,1.7692307692307694
2021-04-20,2021,walk_forward_validation,5,23,VPB|SSI|FPT|VRE|TCB,0.8,0.5652173913043478,1.4153846153846155
2021-04-20,2021,walk_forward_validation,8,23,VPB|SSI|FPT|VRE|TCB|CTG|BVH|MBB,0.75,0.5652173913043478,1.326923076923077
2021-04-20,2021,walk_forward_validation,10,23,VPB|SSI|FPT|VRE|TCB|CTG|BVH|MBB|GAS|HDB,0.7,0.5652173913043478,1.2384615384615385
2021-04-22,2021,walk_forward_validation,2,23,SSI|VHM,0.5,0.5217391304347826,0.9583333333333334
2021-04-22,2021,walk_forward_validation,3,23,SSI|VHM|VRE,0.3333333333333333,0.5217391304347826,0.6388888888888888
2021-04-22,2021,walk_forward_validation,5,23,SSI|VHM|VRE|CTG|POW,0.4,0.5217391304347826,0.7666666666666667
2021-04-22,2021,walk_forward_validation,8,23,SSI|VHM|VRE|CTG|POW|BVH|VPB|FPT,0.5,0.5217391304347826,0.9583333333333334
2021-04-22,2021,walk_forward_validation,10,23,SSI|VHM|VRE|CTG|POW|BVH|VPB|FPT|BID|TCB,0.6,0.5217391304347826,1.15
2021-04-23,2021,walk_forward_validation,2,23,VRE|PLX,0.5,0.5217391304347826,0.9583333333333334
2021-04-23,2021,walk_forward_validation,3,23,VRE|PLX|SSI,0.6666666666666666,0.5217391304347826,1.2777777777777777
2021-04-23,2021,walk_forward_validation,5,23,VRE|PLX|SSI|TCB|VHM,0.6,0.5217391304347826,1.15
2021-04-23,2021,walk_forward_validation,8,23,VRE|PLX|SSI|TCB|VHM|VJC|GAS|VPB,0.5,0.5217391304347826,0.9583333333333334
2021-04-23,2021,walk_forward_validation,10,23,VRE|PLX|SSI|TCB|VHM|VJC|GAS|VPB|POW|HDB,0.5,0.5217391304347826,0.9583333333333334
2021-04-26,2021,walk_forward_validation,2,23,VRE|VHM,0.0,0.5217391304347826,0.0
2021-04-26,2021,walk_forward_validation,3,23,VRE|VHM|SSI,0.3333333333333333,0.5217391304347826,0.6388888888888888
2021-04-26,2021,walk_forward_validation,5,23,VRE|VHM|SSI|GAS|TCB,0.4,0.5217391304347826,0.7666666666666667
2021-04-26,2021,walk_forward_validation,8,23,VRE|VHM|SSI|GAS|TCB|BVH|VNM|BID,0.375,0.5217391304347826,0.71875
2021-04-26,2021,walk_forward_validation,10,23,VRE|VHM|SSI|GAS|TCB|BVH|VNM|BID|VCB|POW,0.3,0.5217391304347826,0.575
2021-04-27,2021,walk_forward_validation,2,23,VRE|PLX,0.5,0.5217391304347826,0.9583333333333334
2021-04-27,2021,walk_forward_validation,3,23,VRE|PLX|SSI,0.6666666666666666,0.5217391304347826,1.2777777777777777
2021-04-27,2021,walk_forward_validation,5,23,VRE|PLX|SSI|TCB|BVH,0.6,0.5217391304347826,1.15
2021-04-27,2021,walk_forward_validation,8,23,VRE|PLX|SSI|TCB|BVH|VHM|MBB|GAS,0.5,0.5217391304347826,0.9583333333333334
2021-04-27,2021,walk_forward_validation,10,23,VRE|PLX|SSI|TCB|BVH|VHM|MBB|GAS|POW|FPT,0.5,0.5217391304347826,0.9583333333333334
2021-04-28,2021,walk_forward_validation,2,23,VRE|SSI,0.5,0.5217391304347826,0.9583333333333334
2021-04-28,2021,walk_forward_validation,3,23,VRE|SSI|VHM,0.3333333333333333,0.5217391304347826,0.6388888888888888
2021-04-28,2021,walk_forward_validation,5,23,VRE|SSI|VHM|VNM|MBB,0.4,0.5217391304347826,0.7666666666666667
2021-04-28,2021,walk_forward_validation,8,23,VRE|SSI|VHM|VNM|MBB|TCB|BVH|GAS,0.375,0.5217391304347826,0.71875
2021-04-28,2021,walk_forward_validation,10,23,VRE|SSI|VHM|VNM|MBB|TCB|BVH|GAS|POW|FPT,0.4,0.5217391304347826,0.7666666666666667
2021-04-29,2021,walk_forward_validation,2,23,VHM|VRE,0.0,0.5217391304347826,0.0
2021-04-29,2021,walk_forward_validation,3,23,VHM|VRE|MBB,0.3333333333333333,0.5217391304347826,0.6388888888888888
2021-04-29,2021,walk_forward_validation,5,23,VHM|VRE|MBB|BVH|VNM,0.2,0.5217391304347826,0.38333333333333336
2021-04-29,2021,walk_forward_validation,8,23,VHM|VRE|MBB|BVH|VNM|HDB|FPT|TCB,0.5,0.5217391304347826,0.9583333333333334
2021-04-29,2021,walk_forward_validation,10,23,VHM|VRE|MBB|BVH|VNM|HDB|FPT|TCB|SSI|POW,0.5,0.5217391304347826,0.9583333333333334
2021-05-04,2021,walk_forward_validation,2,23,VRE|BVH,0.0,0.5217391304347826,0.0
2021-05-04,2021,walk_forward_validation,3,23,VRE|BVH|SSI,0.3333333333333333,0.5217391304347826,0.6388888888888888
2021-05-04,2021,walk_forward_validation,5,23,VRE|BVH|SSI|POW|GAS,0.2,0.5217391304347826,0.38333333333333336
2021-05-04,2021,walk_forward_validation,8,23,VRE|BVH|SSI|POW|GAS|VNM|VHM|MBB,0.25,0.5217391304347826,0.4791666666666667
2021-05-04,2021,walk_forward_validation,10,23,VRE|BVH|SSI|POW|GAS|VNM|VHM|MBB|BID|FPT,0.4,0.5217391304347826,0.7666666666666667
2021-05-05,2021,walk_forward_validation,2,23,VRE|SSI,0.5,0.5217391304347826,0.9583333333333334
2021-05-05,2021,walk_forward_validation,3,23,VRE|SSI|BVH,0.3333333333333333,0.5217391304347826,0.6388888888888888
2021-05-05,2021,walk_forward_validation,5,23,VRE|SSI|BVH|MBB|POW,0.4,0.5217391304347826,0.7666666666666667
2021-05-05,2021,walk_forward_validation,8,23,VRE|SSI|BVH|MBB|POW|VHM|GAS|BID,0.375,0.5217391304347826,0.71875
2021-05-05,2021,walk_forward_validation,10,23,VRE|SSI|BVH|MBB|POW|VHM|GAS|BID|FPT|VNM,0.4,0.5217391304347826,0.7666666666666667
2021-05-06,2021,walk_forward_validation,2,23,SSI|VRE,0.5,0.4782608695652174,1.0454545454545454
2021-05-06,2021,walk_forward_validation,3,23,SSI|VRE|BVH,0.3333333333333333,0.4782608695652174,0.6969696969696969
2021-05-06,2021,walk_forward_validation,5,23,SSI|VRE|BVH|POW|VNM,0.2,0.4782608695652174,0.4181818181818182
2021-05-06,2021,walk_forward_validation,8,23,SSI|VRE|BVH|POW|VNM|BID|MBB|GAS,0.375,0.4782608695652174,0.7840909090909091
2021-05-06,2021,walk_forward_validation,10,23,SSI|VRE|BVH|POW|VNM|BID|MBB|GAS|VCB|HDB,0.4,0.4782608695652174,0.8363636363636364
2021-05-07,2021,walk_forward_validation,2,23,BVH|BID,0.5,0.5217391304347826,0.9583333333333334
2021-05-07,2021,walk_forward_validation,3,23,BVH|BID|POW,0.3333333333333333,0.5217391304347826,0.6388888888888888
2021-05-07,2021,walk_forward_validation,5,23,BVH|BID|POW|SSI|VRE,0.4,0.5217391304347826,0.7666666666666667
2021-05-07,2021,walk_forward_validation,8,23,BVH|BID|POW|SSI|VRE|VNM|VHM|MBB,0.375,0.5217391304347826,0.71875
2021-05-07,2021,walk_forward_validation,10,23,BVH|BID|POW|SSI|VRE|VNM|VHM|MBB|VCB|GAS,0.3,0.5217391304347826,0.575
2021-05-10,2021,walk_forward_validation,2,23,VRE|POW,0.0,0.43478260869565216,0.0
2021-05-10,2021,walk_forward_validation,3,23,VRE|POW|BVH,0.0,0.43478260869565216,0.0
2021-05-10,2021,walk_forward_validation,5,23,VRE|POW|BVH|BID|SAB,0.2,0.43478260869565216,0.46
2021-05-10,2021,walk_forward_validation,8,23,VRE|POW|BVH|BID|SAB|SSI|VCB|VHM,0.25,0.43478260869565216,0.5750000000000001
2021-05-10,2021,walk_forward_validation,10,23,VRE|POW|BVH|BID|SAB|SSI|VCB|VHM|MBB|GAS,0.3,0.43478260869565216,0.69
2021-05-11,2021,walk_forward_validation,2,23,VRE|SSI,0.5,0.4782608695652174,1.0454545454545454
2021-05-11,2021,walk_forward_validation,3,23,VRE|SSI|BVH,0.3333333333333333,0.4782608695652174,0.6969696969696969
2021-05-11,2021,walk_forward_validation,5,23,VRE|SSI|BVH|BID|POW,0.4,0.4782608695652174,0.8363636363636364
2021-05-11,2021,walk_forward_validation,8,23,VRE|SSI|BVH|BID|POW|MBB|SAB|VNM,0.375,0.4782608695652174,0.7840909090909091
2021-05-11,2021,walk_forward_validation,10,23,VRE|SSI|BVH|BID|POW|MBB|SAB|VNM|VHM|VCB,0.4,0.4782608695652174,0.8363636363636364
2021-05-12,2021,walk_forward_validation,2,23,VRE|BVH,0.0,0.43478260869565216,0.0
2021-05-12,2021,walk_forward_validation,3,23,VRE|BVH|BID,0.3333333333333333,0.43478260869565216,0.7666666666666666
2021-05-12,2021,walk_forward_validation,5,23,VRE|BVH|BID|POW|SSI,0.4,0.43478260869565216,0.92
2021-05-12,2021,walk_forward_validation,8,23,VRE|BVH|BID|POW|SSI|VCB|MBB|VHM,0.5,0.43478260869565216,1.1500000000000001
2021-05-12,2021,walk_forward_validation,10,23,VRE|BVH|BID|POW|SSI|VCB|MBB|VHM|FPT|GAS,0.5,0.43478260869565216,1.1500000000000001
2021-05-13,2021,walk_forward_validation,2,23,POW|VRE,0.0,0.43478260869565216,0.0
2021-05-13,2021,walk_forward_validation,3,23,POW|VRE|SSI,0.3333333333333333,0.43478260869565216,0.7666666666666666
2021-05-13,2021,walk_forward_validation,5,23,POW|VRE|SSI|BVH|BID,0.2,0.43478260869565216,0.46
2021-05-13,2021,walk_forward_validation,8,23,POW|VRE|SSI|BVH|BID|MBB|VCB|FPT,0.5,0.43478260869565216,1.1500000000000001
2021-05-13,2021,walk_forward_validation,10,23,POW|VRE|SSI|BVH|BID|MBB|VCB|FPT|GAS|VHM,0.5,0.43478260869565216,1.1500000000000001
2021-05-14,2021,walk_forward_validation,2,23,POW|VRE,0.0,0.43478260869565216,0.0
2021-05-14,2021,walk_forward_validation,3,23,POW|VRE|BVH,0.0,0.43478260869565216,0.0
2021-05-14,2021,walk_forward_validation,5,23,POW|VRE|BVH|SSI|BID,0.2,0.43478260869565216,0.46
2021-05-14,2021,walk_forward_validation,8,23,POW|VRE|BVH|SSI|BID|GAS|MBB|VNM,0.25,0.43478260869565216,0.5750000000000001
2021-05-14,2021,walk_forward_validation,10,23,POW|VRE|BVH|SSI|BID|GAS|MBB|VNM|VHM|VIC,0.3,0.43478260869565216,0.69
2021-05-17,2021,walk_forward_validation,2,23,SSI|VRE,0.5,0.4782608695652174,1.0454545454545454
2021-05-17,2021,walk_forward_validation,3,23,SSI|VRE|POW,0.3333333333333333,0.4782608695652174,0.6969696969696969
2021-05-17,2021,walk_forward_validation,5,23,SSI|VRE|POW|BID|BVH,0.4,0.4782608695652174,0.8363636363636364
2021-05-17,2021,walk_forward_validation,8,23,SSI|VRE|POW|BID|BVH|VNM|GAS|MBB,0.5,0.4782608695652174,1.0454545454545454
2021-05-17,2021,walk_forward_validation,10,23,SSI|VRE|POW|BID|BVH|VNM|GAS|MBB|VIC|VCB,0.4,0.4782608695652174,0.8363636363636364
2021-05-18,2021,walk_forward_validation,2,23,VRE|BID,1.0,0.5217391304347826,1.9166666666666667
2021-05-18,2021,walk_forward_validation,3,23,VRE|BID|POW,0.6666666666666666,0.5217391304347826,1.2777777777777777
2021-05-18,2021,walk_forward_validation,5,23,VRE|BID|POW|BVH|SSI,0.8,0.5217391304347826,1.5333333333333334
2021-05-18,2021,walk_forward_validation,8,23,VRE|BID|POW|BVH|SSI|GAS|MBB|VIC,0.625,0.5217391304347826,1.1979166666666667
2021-05-18,2021,walk_forward_validation,10,23,VRE|BID|POW|BVH|SSI|GAS|MBB|VIC|VCB|VNM,0.5,0.5217391304347826,0.9583333333333334
2021-05-19,2021,walk_forward_validation,2,23,VRE|POW,0.5,0.391304347826087,1.2777777777777777
2021-05-19,2021,walk_forward_validation,3,23,VRE|POW|BVH,0.6666666666666666,0.391304347826087,1.7037037037037035
2021-05-19,2021,walk_forward_validation,5,23,VRE|POW|BVH|BID|SSI,0.8,0.391304347826087,2.0444444444444443
2021-05-19,2021,walk_forward_validation,8,23,VRE|POW|BVH|BID|SSI|VNM|VIC|VJC,0.5,0.391304347826087,1.2777777777777777
2021-05-19,2021,walk_forward_validation,10,23,VRE|POW|BVH|BID|SSI|VNM|VIC|VJC|VCB|GAS,0.6,0.391304347826087,1.5333333333333332
2021-05-20,2021,walk_forward_validation,2,23,POW|VRE,1.0,0.391304347826087,2.5555555555555554
2021-05-20,2021,walk_forward_validation,3,23,POW|VRE|BVH,1.0,0.391304347826087,2.5555555555555554
2021-05-20,2021,walk_forward_validation,5,23,POW|VRE|BVH|BID|VNM,0.8,0.391304347826087,2.0444444444444443
2021-05-20,2021,walk_forward_validation,8,23,POW|VRE|BVH|BID|VNM|GAS|VIC|VJC,0.625,0.391304347826087,1.597222222222222
2021-05-20,2021,walk_forward_validation,10,23,POW|VRE|BVH|BID|VNM|GAS|VIC|VJC|VHM|VCB,0.6,0.391304347826087,1.5333333333333332
2021-05-21,2021,walk_forward_validation,2,23,POW|BVH,0.5,0.34782608695652173,1.4375
2021-05-21,2021,walk_forward_validation,3,23,POW|BVH|VRE,0.3333333333333333,0.34782608695652173,0.9583333333333333
2021-05-21,2021,walk_forward_validation,5,23,POW|BVH|VRE|VHM|VCB,0.6,0.34782608695652173,1.725
2021-05-21,2021,walk_forward_validation,8,23,POW|BVH|VRE|VHM|VCB|VNM|VIC|MBB,0.5,0.34782608695652173,1.4375
2021-05-21,2021,walk_forward_validation,10,23,POW|BVH|VRE|VHM|VCB|VNM|VIC|MBB|GAS|SSI,0.6,0.34782608695652173,1.725
2021-05-24,2021,walk_forward_validation,2,23,POW|VRE,0.5,0.43478260869565216,1.1500000000000001
2021-05-24,2021,walk_forward_validation,3,23,POW|VRE|BVH,0.6666666666666666,0.43478260869565216,1.5333333333333332
2021-05-24,2021,walk_forward_validation,5,23,POW|VRE|BVH|VCB|VIC,0.6,0.43478260869565216,1.38
2021-05-24,2021,walk_forward_validation,8,23,POW|VRE|BVH|VCB|VIC|VHM|VJC|VNM,0.375,0.43478260869565216,0.8625
2021-05-24,2021,walk_forward_validation,10,23,POW|VRE|BVH|VCB|VIC|VHM|VJC|VNM|GAS|MBB,0.5,0.43478260869565216,1.1500000000000001
2021-05-25,2021,walk_forward_validation,2,23,POW|VRE,0.5,0.43478260869565216,1.1500000000000001
2021-05-25,2021,walk_forward_validation,3,23,POW|VRE|BVH,0.6666666666666666,0.43478260869565216,1.5333333333333332
2021-05-25,2021,walk_forward_validation,5,23,POW|VRE|BVH|VCB|VHM,0.8,0.43478260869565216,1.84
2021-05-25,2021,walk_forward_validation,8,23,POW|VRE|BVH|VCB|VHM|VNM|VJC|VIC,0.5,0.43478260869565216,1.1500000000000001
2021-05-25,2021,walk_forward_validation,10,23,POW|VRE|BVH|VCB|VHM|VNM|VJC|VIC|MWG|GAS,0.5,0.43478260869565216,1.1500000000000001
2021-05-26,2021,walk_forward_validation,2,23,POW|BVH,1.0,0.30434782608695654,3.2857142857142856
2021-05-26,2021,walk_forward_validation,3,23,POW|BVH|VRE,0.6666666666666666,0.30434782608695654,2.1904761904761902
2021-05-26,2021,walk_forward_validation,5,23,POW|BVH|VRE|VCB|VHM,0.8,0.30434782608695654,2.6285714285714286
2021-05-26,2021,walk_forward_validation,8,23,POW|BVH|VRE|VCB|VHM|VIC|VNM|VJC,0.5,0.30434782608695654,1.6428571428571428
2021-05-26,2021,walk_forward_validation,10,23,POW|BVH|VRE|VCB|VHM|VIC|VNM|VJC|MWG|GAS,0.5,0.30434782608695654,1.6428571428571428
2021-05-27,2021,walk_forward_validation,2,23,POW|VRE,0.0,0.34782608695652173,0.0
2021-05-27,2021,walk_forward_validation,3,23,POW|VRE|VIC,0.0,0.34782608695652173,0.0
2021-05-27,2021,walk_forward_validation,5,23,POW|VRE|VIC|BVH|VHM,0.2,0.34782608695652173,0.5750000000000001
2021-05-27,2021,walk_forward_validation,8,23,POW|VRE|VIC|BVH|VHM|BID|VCB|SSI,0.375,0.34782608695652173,1.078125
2021-05-27,2021,walk_forward_validation,10,23,POW|VRE|VIC|BVH|VHM|BID|VCB|SSI|MWG|GAS,0.4,0.34782608695652173,1.1500000000000001
2021-05-28,2021,walk_forward_validation,2,23,VRE|POW,0.0,0.30434782608695654,0.0
2021-05-28,2021,walk_forward_validation,3,23,VRE|POW|VCB,0.3333333333333333,0.30434782608695654,1.0952380952380951
2021-05-28,2021,walk_forward_validation,5,23,VRE|POW|VCB|VIC|BVH,0.2,0.30434782608695654,0.6571428571428571
2021-05-28,2021,walk_forward_validation,8,23,VRE|POW|VCB|VIC|BVH|VHM|VJC|VNM,0.25,0.30434782608695654,0.8214285714285714
2021-05-28,2021,walk_forward_validation,10,23,VRE|POW|VCB|VIC|BVH|VHM|VJC|VNM|GAS|MWG,0.3,0.30434782608695654,0.9857142857142857
2021-05-31,2021,walk_forward_validation,2,23,VRE|POW,0.5,0.43478260869565216,1.1500000000000001
2021-05-31,2021,walk_forward_validation,3,23,VRE|POW|VCB,0.6666666666666666,0.43478260869565216,1.5333333333333332
2021-05-31,2021,walk_forward_validation,5,23,VRE|POW|VCB|VHM|BVH,0.8,0.43478260869565216,1.84
2021-05-31,2021,walk_forward_validation,8,23,VRE|POW|VCB|VHM|BVH|VIC|GAS|MWG,0.625,0.43478260869565216,1.4375
2021-05-31,2021,walk_forward_validation,10,23,VRE|POW|VCB|VHM|BVH|VIC|GAS|MWG|VNM|VJC,0.5,0.43478260869565216,1.1500000000000001
2021-06-01,2021,walk_forward_validation,2,23,POW|VRE,0.0,0.391304347826087,0.0
2021-06-01,2021,walk_forward_validation,3,23,POW|VRE|VIC,0.0,0.391304347826087,0.0
2021-06-01,2021,walk_forward_validation,5,23,POW|VRE|VIC|BVH|GAS,0.4,0.391304347826087,1.0222222222222221
2021-06-01,2021,walk_forward_validation,8,23,POW|VRE|VIC|BVH|GAS|VJC|VHM|MSN,0.5,0.391304347826087,1.2777777777777777
2021-06-01,2021,walk_forward_validation,10,23,POW|VRE|VIC|BVH|GAS|VJC|VHM|MSN|VNM|MWG,0.5,0.391304347826087,1.2777777777777777
2021-06-02,2021,walk_forward_validation,2,23,VRE|POW,0.5,0.4782608695652174,1.0454545454545454
2021-06-02,2021,walk_forward_validation,3,23,VRE|POW|VIC,0.3333333333333333,0.4782608695652174,0.6969696969696969
2021-06-02,2021,walk_forward_validation,5,23,VRE|POW|VIC|BVH|VJC,0.6,0.4782608695652174,1.2545454545454544
2021-06-02,2021,walk_forward_validation,8,23,VRE|POW|VIC|BVH|VJC|VNM|BID|MSN,0.5,0.4782608695652174,1.0454545454545454
2021-06-02,2021,walk_forward_validation,10,23,VRE|POW|VIC|BVH|VJC|VNM|BID|MSN|TCB|VHM,0.5,0.4782608695652174,1.0454545454545454
2021-06-03,2021,walk_forward_validation,2,23,VRE|VIC,0.5,0.5217391304347826,0.9583333333333334
2021-06-03,2021,walk_forward_validation,3,23,VRE|VIC|BVH,0.6666666666666666,0.5217391304347826,1.2777777777777777
2021-06-03,2021,walk_forward_validation,5,23,VRE|VIC|BVH|POW|VJC,0.6,0.5217391304347826,1.15
2021-06-03,2021,walk_forward_validation,8,23,VRE|VIC|BVH|POW|VJC|VHM|MSN|GAS,0.75,0.5217391304347826,1.4375
2021-06-03,2021,walk_forward_validation,10,23,VRE|VIC|BVH|POW|VJC|VHM|MSN|GAS|VCB|VPB,0.7,0.5217391304347826,1.3416666666666666
2021-06-04,2021,walk_forward_validation,2,23,VIC|VJC,0.5,0.5217391304347826,0.9583333333333334
2021-06-04,2021,walk_forward_validation,3,23,VIC|VJC|VRE,0.3333333333333333,0.5217391304347826,0.6388888888888888
2021-06-04,2021,walk_forward_validation,5,23,VIC|VJC|VRE|VHM|BVH,0.6,0.5217391304347826,1.15
2021-06-04,2021,walk_forward_validation,8,23,VIC|VJC|VRE|VHM|BVH|POW|BID|VNM,0.375,0.5217391304347826,0.71875
2021-06-04,2021,walk_forward_validation,10,23,VIC|VJC|VRE|VHM|BVH|POW|BID|VNM|TCB|VCB,0.4,0.5217391304347826,0.7666666666666667
2021-06-07,2021,walk_forward_validation,2,23,BID|TCB,0.5,0.5652173913043478,0.8846153846153847
2021-06-07,2021,walk_forward_validation,3,23,BID|TCB|CTG,0.3333333333333333,0.5652173913043478,0.5897435897435898
2021-06-07,2021,walk_forward_validation,5,23,BID|TCB|CTG|MSN|POW,0.4,0.5652173913043478,0.7076923076923077
2021-06-07,2021,walk_forward_validation,8,23,BID|TCB|CTG|MSN|POW|VIC|VHM|MBB,0.5,0.5652173913043478,0.8846153846153847
2021-06-07,2021,walk_forward_validation,10,23,BID|TCB|CTG|MSN|POW|VIC|VHM|MBB|VNM|PLX,0.4,0.5652173913043478,0.7076923076923077
2021-06-08,2021,walk_forward_validation,2,23,TCB|CTG,0.5,0.4782608695652174,1.0454545454545454
2021-06-08,2021,walk_forward_validation,3,23,TCB|CTG|POW,0.3333333333333333,0.4782608695652174,0.6969696969696969
2021-06-08,2021,walk_forward_validation,5,23,TCB|CTG|POW|BID|VHM,0.4,0.4782608695652174,0.8363636363636364
2021-06-08,2021,walk_forward_validation,8,23,TCB|CTG|POW|BID|VHM|MBB|HDB|VIC,0.5,0.4782608695652174,1.0454545454545454
2021-06-08,2021,walk_forward_validation,10,23,TCB|CTG|POW|BID|VHM|MBB|HDB|VIC|PLX|HPG,0.4,0.4782608695652174,0.8363636363636364
2021-06-09,2021,walk_forward_validation,2,23,POW|TCB,0.5,0.5217391304347826,0.9583333333333334
2021-06-09,2021,walk_forward_validation,3,23,POW|TCB|BID,0.3333333333333333,0.5217391304347826,0.6388888888888888
2021-06-09,2021,walk_forward_validation,5,23,POW|TCB|BID|CTG|VRE,0.2,0.5217391304347826,0.38333333333333336
2021-06-09,2021,walk_forward_validation,8,23,POW|TCB|BID|CTG|VRE|VCB|HPG|BVH,0.25,0.5217391304347826,0.4791666666666667
2021-06-09,2021,walk_forward_validation,10,23,POW|TCB|BID|CTG|VRE|VCB|HPG|BVH|MSN|FPT,0.4,0.5217391304347826,0.7666666666666667
2021-06-10,2021,walk_forward_validation,2,23,POW|BID,0.5,0.5652173913043478,0.8846153846153847
2021-06-10,2021,walk_forward_validation,3,23,POW|BID|CTG,0.3333333333333333,0.5652173913043478,0.5897435897435898
2021-06-10,2021,walk_forward_validation,5,23,POW|BID|CTG|TCB|VIC,0.4,0.5652173913043478,0.7076923076923077
2021-06-10,2021,walk_forward_validation,8,23,POW|BID|CTG|TCB|VIC|VCB|VHM|VPB,0.5,0.5652173913043478,0.8846153846153847
2021-06-10,2021,walk_forward_validation,10,23,POW|BID|CTG|TCB|VIC|VCB|VHM|VPB|HDB|BVH,0.5,0.5652173913043478,0.8846153846153847
2021-06-11,2021,walk_forward_validation,2,23,BID|POW,0.0,0.4782608695652174,0.0
2021-06-11,2021,walk_forward_validation,3,23,BID|POW|TCB,0.3333333333333333,0.4782608695652174,0.6969696969696969
2021-06-11,2021,walk_forward_validation,5,23,BID|POW|TCB|MSN|VHM,0.6,0.4782608695652174,1.2545454545454544
2021-06-11,2021,walk_forward_validation,8,23,BID|POW|TCB|MSN|VHM|CTG|PLX|VPB,0.375,0.4782608695652174,0.7840909090909091
2021-06-11,2021,walk_forward_validation,10,23,BID|POW|TCB|MSN|VHM|CTG|PLX|VPB|VIC|VRE,0.3,0.4782608695652174,0.6272727272727272
2021-06-14,2021,walk_forward_validation,2,23,TCB|CTG,0.5,0.5217391304347826,0.9583333333333334
2021-06-14,2021,walk_forward_validation,3,23,TCB|CTG|POW,0.3333333333333333,0.5217391304347826,0.6388888888888888
2021-06-14,2021,walk_forward_validation,5,23,TCB|CTG|POW|BID|MSN,0.4,0.5217391304347826,0.7666666666666667
2021-06-14,2021,walk_forward_validation,8,23,TCB|CTG|POW|BID|MSN|VHM|MBB|VRE,0.5,0.5217391304347826,0.9583333333333334
2021-06-14,2021,walk_forward_validation,10,23,TCB|CTG|POW|BID|MSN|VHM|MBB|VRE|HDB|VPB,0.5,0.5217391304347826,0.9583333333333334
2021-06-15,2021,walk_forward_validation,2,23,CTG|BID,0.0,0.6086956521739131,0.0
2021-06-15,2021,walk_forward_validation,3,23,CTG|BID|VHM,0.3333333333333333,0.6086956521739131,0.5476190476190476
2021-06-15,2021,walk_forward_validation,5,23,CTG|BID|VHM|MSN|POW,0.4,0.6086956521739131,0.6571428571428571
2021-06-15,2021,walk_forward_validation,8,23,CTG|BID|VHM|MSN|POW|MBB|TCB|PLX,0.625,0.6086956521739131,1.0267857142857142
2021-06-15,2021,walk_forward_validation,10,23,CTG|BID|VHM|MSN|POW|MBB|TCB|PLX|FPT|STB,0.7,0.6086956521739131,1.15
2021-06-16,2021,walk_forward_validation,2,23,CTG|MBB,0.5,0.5217391304347826,0.9583333333333334
2021-06-16,2021,walk_forward_validation,3,23,CTG|MBB|TCB,0.6666666666666666,0.5217391304347826,1.2777777777777777
2021-06-16,2021,walk_forward_validation,5,23,CTG|MBB|TCB|BID|MSN,0.6,0.5217391304347826,1.15
2021-06-16,2021,walk_forward_validation,8,23,CTG|MBB|TCB|BID|MSN|VHM|POW|BVH,0.5,0.5217391304347826,0.9583333333333334
2021-06-16,2021,walk_forward_validation,10,23,CTG|MBB|TCB|BID|MSN|VHM|POW|BVH|VCB|HDB,0.6,0.5217391304347826,1.15
2021-06-17,2021,walk_forward_validation,2,23,MSN|VIC,0.5,0.6086956521739131,0.8214285714285714
2021-06-17,2021,walk_forward_validation,3,23,MSN|VIC|POW,0.3333333333333333,0.6086956521739131,0.5476190476190476
2021-06-17,2021,walk_forward_validation,5,23,MSN|VIC|POW|CTG|TCB,0.4,0.6086956521739131,0.6571428571428571
2021-06-17,2021,walk_forward_validation,8,23,MSN|VIC|POW|CTG|TCB|VHM|BID|VCB,0.5,0.6086956521739131,0.8214285714285714
2021-06-17,2021,walk_forward_validation,10,23,MSN|VIC|POW|CTG|TCB|VHM|BID|VCB|FPT|MWG,0.6,0.6086956521739131,0.9857142857142857
2021-06-18,2021,walk_forward_validation,2,23,CTG|MSN,0.5,0.5652173913043478,0.8846153846153847
2021-06-18,2021,walk_forward_validation,3,23,CTG|MSN|POW,0.3333333333333333,0.5652173913043478,0.5897435897435898
2021-06-18,2021,walk_forward_validation,5,23,CTG|MSN|POW|BID|VHM,0.4,0.5652173913043478,0.7076923076923077
2021-06-18,2021,walk_forward_validation,8,23,CTG|MSN|POW|BID|VHM|MBB|VIC|TCB,0.5,0.5652173913043478,0.8846153846153847
2021-06-18,2021,walk_forward_validation,10,23,CTG|MSN|POW|BID|VHM|MBB|VIC|TCB|HPG|HDB,0.5,0.5652173913043478,0.8846153846153847
2021-06-21,2021,walk_forward_validation,2,23,CTG|BID,0.0,0.5652173913043478,0.0
2021-06-21,2021,walk_forward_validation,3,23,CTG|BID|TCB,0.3333333333333333,0.5652173913043478,0.5897435897435898
2021-06-21,2021,walk_forward_validation,5,23,CTG|BID|TCB|FPT|POW,0.4,0.5652173913043478,0.7076923076923077
2021-06-21,2021,walk_forward_validation,8,23,CTG|BID|TCB|FPT|POW|MSN|VCB|BVH,0.5,0.5652173913043478,0.8846153846153847
2021-06-21,2021,walk_forward_validation,10,23,CTG|BID|TCB|FPT|POW|MSN|VCB|BVH|HPG|VRE,0.4,0.5652173913043478,0.7076923076923077
2021-06-22,2021,walk_forward_validation,2,23,CTG|POW,0.0,0.5652173913043478,0.0
2021-06-22,2021,walk_forward_validation,3,23,CTG|POW|MSN,0.3333333333333333,0.5652173913043478,0.5897435897435898
2021-06-22,2021,walk_forward_validation,5,23,CTG|POW|MSN|VHM|BID,0.4,0.5652173913043478,0.7076923076923077
2021-06-22,2021,walk_forward_validation,8,23,CTG|POW|MSN|VHM|BID|BVH|TCB|FPT,0.5,0.5652173913043478,0.8846153846153847
2021-06-22,2021,walk_forward_validation,10,23,CTG|POW|MSN|VHM|BID|BVH|TCB|FPT|VIC|HDB,0.5,0.5652173913043478,0.8846153846153847
2021-06-23,2021,walk_forward_validation,2,23,CTG|BVH,0.0,0.4782608695652174,0.0
2021-06-23,2021,walk_forward_validation,3,23,CTG|BVH|VHM,0.3333333333333333,0.4782608695652174,0.6969696969696969
2021-06-23,2021,walk_forward_validation,5,23,CTG|BVH|VHM|POW|MBB,0.2,0.4782608695652174,0.4181818181818182
2021-06-23,2021,walk_forward_validation,8,23,CTG|BVH|VHM|POW|MBB|VCB|TCB|STB,0.375,0.4782608695652174,0.7840909090909091
2021-06-23,2021,walk_forward_validation,10,23,CTG|BVH|VHM|POW|MBB|VCB|TCB|STB|BID|MSN,0.4,0.4782608695652174,0.8363636363636364
2021-06-24,2021,walk_forward_validation,2,23,CTG|VHM,0.5,0.4782608695652174,1.0454545454545454
2021-06-24,2021,walk_forward_validation,3,23,CTG|VHM|POW,0.3333333333333333,0.4782608695652174,0.6969696969696969
2021-06-24,2021,walk_forward_validation,5,23,CTG|VHM|POW|BID|MBB,0.2,0.4782608695652174,0.4181818181818182
2021-06-24,2021,walk_forward_validation,8,23,CTG|VHM|POW|BID|MBB|TCB|HDB|STB,0.5,0.4782608695652174,1.0454545454545454
2021-06-24,2021,walk_forward_validation,10,23,CTG|VHM|POW|BID|MBB|TCB|HDB|STB|FPT|BVH,0.5,0.4782608695652174,1.0454545454545454
2021-06-25,2021,walk_forward_validation,2,23,CTG|MBB,0.0,0.4782608695652174,0.0
2021-06-25,2021,walk_forward_validation,3,23,CTG|MBB|BID,0.0,0.4782608695652174,0.0
2021-06-25,2021,walk_forward_validation,5,23,CTG|MBB|BID|VHM|HDB,0.4,0.4782608695652174,0.8363636363636364
2021-06-25,2021,walk_forward_validation,8,23,CTG|MBB|BID|VHM|HDB|MSN|TCB|POW,0.5,0.4782608695652174,1.0454545454545454
2021-06-25,2021,walk_forward_validation,10,23,CTG|MBB|BID|VHM|HDB|MSN|TCB|POW|STB|VCB,0.5,0.4782608695652174,1.0454545454545454
2021-06-28,2021,walk_forward_validation,2,23,STB|BID,0.5,0.43478260869565216,1.1500000000000001
2021-06-28,2021,walk_forward_validation,3,23,STB|BID|MSN,0.6666666666666666,0.43478260869565216,1.5333333333333332
2021-06-28,2021,walk_forward_validation,5,23,STB|BID|MSN|CTG|TCB,0.6,0.43478260869565216,1.38
2021-06-28,2021,walk_forward_validation,8,23,STB|BID|MSN|CTG|TCB|FPT|MBB|VHM,0.625,0.43478260869565216,1.4375
2021-06-28,2021,walk_forward_validation,10,23,STB|BID|MSN|CTG|TCB|FPT|MBB|VHM|POW|HDB,0.5,0.43478260869565216,1.1500000000000001
2021-06-29,2021,walk_forward_validation,2,23,CTG|BID,0.0,0.4782608695652174,0.0
2021-06-29,2021,walk_forward_validation,3,23,CTG|BID|MSN,0.3333333333333333,0.4782608695652174,0.6969696969696969
2021-06-29,2021,walk_forward_validation,5,23,CTG|BID|MSN|STB|TCB,0.6,0.4782608695652174,1.2545454545454544
2021-06-29,2021,walk_forward_validation,8,23,CTG|BID|MSN|STB|TCB|HDB|MBB|HPG,0.375,0.4782608695652174,0.7840909090909091
2021-06-29,2021,walk_forward_validation,10,23,CTG|BID|MSN|STB|TCB|HDB|MBB|HPG|FPT|VHM,0.5,0.4782608695652174,1.0454545454545454
2021-06-30,2021,walk_forward_validation,2,23,CTG|MBB,0.0,0.5652173913043478,0.0
2021-06-30,2021,walk_forward_validation,3,23,CTG|MBB|MSN,0.3333333333333333,0.5652173913043478,0.5897435897435898
2021-06-30,2021,walk_forward_validation,5,23,CTG|MBB|MSN|VRE|BID,0.2,0.5652173913043478,0.35384615384615387
2021-06-30,2021,walk_forward_validation,8,23,CTG|MBB|MSN|VRE|BID|TCB|HPG|STB,0.5,0.5652173913043478,0.8846153846153847
2021-06-30,2021,walk_forward_validation,10,23,CTG|MBB|MSN|VRE|BID|TCB|HPG|STB|VCB|VHM,0.4,0.5652173913043478,0.7076923076923077
2021-07-01,2021,walk_forward_validation,2,23,CTG|MBB,0.0,0.5652173913043478,0.0
2021-07-01,2021,walk_forward_validation,3,23,CTG|MBB|BID,0.0,0.5652173913043478,0.0
2021-07-01,2021,walk_forward_validation,5,23,CTG|MBB|BID|TCB|MSN,0.4,0.5652173913043478,0.7076923076923077
2021-07-01,2021,walk_forward_validation,8,23,CTG|MBB|BID|TCB|MSN|STB|HPG|VCB,0.375,0.5652173913043478,0.6634615384615385
2021-07-01,2021,walk_forward_validation,10,23,CTG|MBB|BID|TCB|MSN|STB|HPG|VCB|HDB|POW,0.4,0.5652173913043478,0.7076923076923077
2021-07-02,2021,walk_forward_validation,2,23,TCB|BID,0.5,0.4782608695652174,1.0454545454545454
2021-07-02,2021,walk_forward_validation,3,23,TCB|BID|MBB,0.3333333333333333,0.4782608695652174,0.6969696969696969
2021-07-02,2021,walk_forward_validation,5,23,TCB|BID|MBB|CTG|POW,0.2,0.4782608695652174,0.4181818181818182
2021-07-02,2021,walk_forward_validation,8,23,TCB|BID|MBB|CTG|POW|MSN|STB|HPG,0.375,0.4782608695652174,0.7840909090909091
2021-07-02,2021,walk_forward_validation,10,23,TCB|BID|MBB|CTG|POW|MSN|STB|HPG|VRE|HDB,0.3,0.4782608695652174,0.6272727272727272
2021-07-05,2021,walk_forward_validation,2,23,VRE|POW,0.5,0.4782608695652174,1.0454545454545454
2021-07-05,2021,walk_forward_validation,3,23,VRE|POW|MBB,0.3333333333333333,0.4782608695652174,0.6969696969696969
2021-07-05,2021,walk_forward_validation,5,23,VRE|POW|MBB|CTG|MSN,0.4,0.4782608695652174,0.8363636363636364
2021-07-05,2021,walk_forward_validation,8,23,VRE|POW|MBB|CTG|MSN|BID|HPG|VIC,0.375,0.4782608695652174,0.7840909090909091
2021-07-05,2021,walk_forward_validation,10,23,VRE|POW|MBB|CTG|MSN|BID|HPG|VIC|HDB|VHM,0.3,0.4782608695652174,0.6272727272727272
2021-07-06,2021,walk_forward_validation,2,23,CTG|BID,0.5,0.5652173913043478,0.8846153846153847
2021-07-06,2021,walk_forward_validation,3,23,CTG|BID|STB,0.3333333333333333,0.5652173913043478,0.5897435897435898
2021-07-06,2021,walk_forward_validation,5,23,CTG|BID|STB|HPG|HDB,0.6,0.5652173913043478,1.0615384615384615
2021-07-06,2021,walk_forward_validation,8,23,CTG|BID|STB|HPG|HDB|MBB|MSN|TCB,0.625,0.5652173913043478,1.1057692307692308
2021-07-06,2021,walk_forward_validation,10,23,CTG|BID|STB|HPG|HDB|MBB|MSN|TCB|BVH|GAS,0.6,0.5652173913043478,1.0615384615384615
2021-07-07,2021,walk_forward_validation,2,23,CTG|STB,0.5,0.4782608695652174,1.0454545454545454
2021-07-07,2021,walk_forward_validation,3,23,CTG|STB|HPG,0.3333333333333333,0.4782608695652174,0.6969696969696969
2021-07-07,2021,walk_forward_validation,5,23,CTG|STB|HPG|BID|MBB,0.2,0.4782608695652174,0.4181818181818182
2021-07-07,2021,walk_forward_validation,8,23,CTG|STB|HPG|BID|MBB|POW|VCB|MSN,0.25,0.4782608695652174,0.5227272727272727
2021-07-07,2021,walk_forward_validation,10,23,CTG|STB|HPG|BID|MBB|POW|VCB|MSN|BVH|TCB,0.3,0.4782608695652174,0.6272727272727272
2021-07-08,2021,walk_forward_validation,2,23,STB|CTG,0.5,0.4782608695652174,1.0454545454545454
2021-07-08,2021,walk_forward_validation,3,23,STB|CTG|HPG,0.6666666666666666,0.4782608695652174,1.3939393939393938
2021-07-08,2021,walk_forward_validation,5,23,STB|CTG|HPG|MBB|VRE,0.4,0.4782608695652174,0.8363636363636364
2021-07-08,2021,walk_forward_validation,8,23,STB|CTG|HPG|MBB|VRE|HDB|BID|POW,0.375,0.4782608695652174,0.7840909090909091
2021-07-08,2021,walk_forward_validation,10,23,STB|CTG|HPG|MBB|VRE|HDB|BID|POW|TCB|SSI,0.4,0.4782608695652174,0.8363636363636364
2021-07-09,2021,walk_forward_validation,2,23,STB|HPG,1.0,0.6086956521739131,1.6428571428571428
2021-07-09,2021,walk_forward_validation,3,23,STB|HPG|CTG,0.6666666666666666,0.6086956521739131,1.0952380952380951
2021-07-09,2021,walk_forward_validation,5,23,STB|HPG|CTG|VRE|POW,0.8,0.6086956521739131,1.3142857142857143
2021-07-09,2021,walk_forward_validation,8,23,STB|HPG|CTG|VRE|POW|BID|SSI|MBB,0.625,0.6086956521739131,1.0267857142857142
2021-07-09,2021,walk_forward_validation,10,23,STB|HPG|CTG|VRE|POW|BID|SSI|MBB|HDB|TCB,0.6,0.6086956521739131,0.9857142857142857
2021-07-12,2021,walk_forward_validation,2,23,CTG|HPG,0.5,0.5652173913043478,0.8846153846153847
2021-07-12,2021,walk_forward_validation,3,23,CTG|HPG|POW,0.6666666666666666,0.5652173913043478,1.1794871794871795
2021-07-12,2021,walk_forward_validation,5,23,CTG|HPG|POW|BID|STB,0.6,0.5652173913043478,1.0615384615384615
2021-07-12,2021,walk_forward_validation,8,23,CTG|HPG|POW|BID|STB|VRE|SSI|TCB,0.625,0.5652173913043478,1.1057692307692308
2021-07-12,2021,walk_forward_validation,10,23,CTG|HPG|POW|BID|STB|VRE|SSI|TCB|HDB|BVH,0.7,0.5652173913043478,1.2384615384615385
2021-07-13,2021,walk_forward_validation,2,23,CTG|HPG,0.5,0.4782608695652174,1.0454545454545454
2021-07-13,2021,walk_forward_validation,3,23,CTG|HPG|POW,0.6666666666666666,0.4782608695652174,1.3939393939393938
2021-07-13,2021,walk_forward_validation,5,23,CTG|HPG|POW|VIC|STB,0.8,0.4782608695652174,1.6727272727272728
2021-07-13,2021,walk_forward_validation,8,23,CTG|HPG|POW|VIC|STB|VRE|BVH|HDB,0.625,0.4782608695652174,1.3068181818181819
2021-07-13,2021,walk_forward_validation,10,23,CTG|HPG|POW|VIC|STB|VRE|BVH|HDB|BID|TCB,0.5,0.4782608695652174,1.0454545454545454
2021-07-14,2021,walk_forward_validation,2,23,CTG|STB,0.5,0.43478260869565216,1.1500000000000001
2021-07-14,2021,walk_forward_validation,3,23,CTG|STB|HPG,0.6666666666666666,0.43478260869565216,1.5333333333333332
2021-07-14,2021,walk_forward_validation,5,23,CTG|STB|HPG|TCB|HDB,0.6,0.43478260869565216,1.38
2021-07-14,2021,walk_forward_validation,8,23,CTG|STB|HPG|TCB|HDB|SSI|POW|VRE,0.625,0.43478260869565216,1.4375
2021-07-14,2021,walk_forward_validation,10,23,CTG|STB|HPG|TCB|HDB|SSI|POW|VRE|MBB|VIC,0.6,0.43478260869565216,1.38
2021-07-15,2021,walk_forward_validation,2,23,CTG|VRE,0.0,0.391304347826087,0.0
2021-07-15,2021,walk_forward_validation,3,23,CTG|VRE|HPG,0.0,0.391304347826087,0.0
2021-07-15,2021,walk_forward_validation,5,23,CTG|VRE|HPG|VIC|BVH,0.4,0.391304347826087,1.0222222222222221
2021-07-15,2021,walk_forward_validation,8,23,CTG|VRE|HPG|VIC|BVH|HDB|MBB|POW,0.5,0.391304347826087,1.2777777777777777
2021-07-15,2021,walk_forward_validation,10,23,CTG|VRE|HPG|VIC|BVH|HDB|MBB|POW|TCB|BID,0.4,0.391304347826087,1.0222222222222221
2021-07-16,2021,walk_forward_validation,2,23,CTG|STB,0.0,0.34782608695652173,0.0
2021-07-16,2021,walk_forward_validation,3,23,CTG|STB|HDB,0.0,0.34782608695652173,0.0
2021-07-16,2021,walk_forward_validation,5,23,CTG|STB|HDB|TCB|SSI,0.2,0.34782608695652173,0.5750000000000001
2021-07-16,2021,walk_forward_validation,8,23,CTG|STB|HDB|TCB|SSI|HPG|MBB|POW,0.25,0.34782608695652173,0.71875
2021-07-16,2021,walk_forward_validation,10,23,CTG|STB|HDB|TCB|SSI|HPG|MBB|POW|BVH|VRE,0.3,0.34782608695652173,0.8625
2021-07-19,2021,walk_forward_validation,2,23,CTG|TCB,0.5,0.43478260869565216,1.1500000000000001
2021-07-19,2021,walk_forward_validation,3,23,CTG|TCB|HPG,0.6666666666666666,0.43478260869565216,1.5333333333333332
2021-07-19,2021,walk_forward_validation,5,23,CTG|TCB|HPG|STB|MBB,0.6,0.43478260869565216,1.38
2021-07-19,2021,walk_forward_validation,8,23,CTG|TCB|HPG|STB|MBB|POW|BID|HDB,0.625,0.43478260869565216,1.4375
2021-07-19,2021,walk_forward_validation,10,23,CTG|TCB|HPG|STB|MBB|POW|BID|HDB|SSI|BVH,0.7,0.43478260869565216,1.6099999999999999
2021-07-20,2021,walk_forward_validation,2,23,CTG|TCB,0.5,0.4782608695652174,1.0454545454545454
2021-07-20,2021,walk_forward_validation,3,23,CTG|TCB|VRE,0.3333333333333333,0.4782608695652174,0.6969696969696969
2021-07-20,2021,walk_forward_validation,5,23,CTG|TCB|VRE|POW|MBB,0.6,0.4782608695652174,1.2545454545454544
2021-07-20,2021,walk_forward_validation,8,23,CTG|TCB|VRE|POW|MBB|BID|STB|HPG,0.5,0.4782608695652174,1.0454545454545454
2021-07-20,2021,walk_forward_validation,10,23,CTG|TCB|VRE|POW|MBB|BID|STB|HPG|HDB|PLX,0.5,0.4782608695652174,1.0454545454545454
2021-07-21,2021,walk_forward_validation,2,23,CTG|HDB,0.5,0.391304347826087,1.2777777777777777
2021-07-21,2021,walk_forward_validation,3,23,CTG|HDB|HPG,0.6666666666666666,0.391304347826087,1.7037037037037035
2021-07-21,2021,walk_forward_validation,5,23,CTG|HDB|HPG|MBB|TCB,0.6,0.391304347826087,1.5333333333333332
2021-07-21,2021,walk_forward_validation,8,23,CTG|HDB|HPG|MBB|TCB|STB|BID|SSI,0.625,0.391304347826087,1.597222222222222
2021-07-21,2021,walk_forward_validation,10,23,CTG|HDB|HPG|MBB|TCB|STB|BID|SSI|POW|VCB,0.6,0.391304347826087,1.5333333333333332
2021-07-22,2021,walk_forward_validation,2,23,CTG|HDB,0.5,0.43478260869565216,1.1500000000000001
2021-07-22,2021,walk_forward_validation,3,23,CTG|HDB|STB,0.6666666666666666,0.43478260869565216,1.5333333333333332
2021-07-22,2021,walk_forward_validation,5,23,CTG|HDB|STB|POW|MBB,0.8,0.43478260869565216,1.84
2021-07-22,2021,walk_forward_validation,8,23,CTG|HDB|STB|POW|MBB|HPG|BID|TCB,0.625,0.43478260869565216,1.4375
2021-07-22,2021,walk_forward_validation,10,23,CTG|HDB|STB|POW|MBB|HPG|BID|TCB|SSI|VCB,0.6,0.43478260869565216,1.38
2021-07-23,2021,walk_forward_validation,2,23,CTG|HDB,0.5,0.391304347826087,1.2777777777777777
2021-07-23,2021,walk_forward_validation,3,23,CTG|HDB|HPG,0.6666666666666666,0.391304347826087,1.7037037037037035
2021-07-23,2021,walk_forward_validation,5,23,CTG|HDB|HPG|SSI|MBB,0.8,0.391304347826087,2.0444444444444443
2021-07-23,2021,walk_forward_validation,8,23,CTG|HDB|HPG|SSI|MBB|TCB|BID|STB,0.5,0.391304347826087,1.2777777777777777
2021-07-23,2021,walk_forward_validation,10,23,CTG|HDB|HPG|SSI|MBB|TCB|BID|STB|BVH|VRE,0.5,0.391304347826087,1.2777777777777777
2021-07-26,2021,walk_forward_validation,2,23,CTG|MBB,0.5,0.391304347826087,1.2777777777777777
2021-07-26,2021,walk_forward_validation,3,23,CTG|MBB|HPG,0.6666666666666666,0.391304347826087,1.7037037037037035
2021-07-26,2021,walk_forward_validation,5,23,CTG|MBB|HPG|TCB|SSI,0.6,0.391304347826087,1.5333333333333332
2021-07-26,2021,walk_forward_validation,8,23,CTG|MBB|HPG|TCB|SSI|BID|HDB|STB,0.5,0.391304347826087,1.2777777777777777
2021-07-26,2021,walk_forward_validation,10,23,CTG|MBB|HPG|TCB|SSI|BID|HDB|STB|VPB|PLX,0.5,0.391304347826087,1.2777777777777777
2021-07-27,2021,walk_forward_validation,2,23,CTG|HDB,0.5,0.43478260869565216,1.1500000000000001
2021-07-27,2021,walk_forward_validation,3,23,CTG|HDB|SSI,0.6666666666666666,0.43478260869565216,1.5333333333333332
2021-07-27,2021,walk_forward_validation,5,23,CTG|HDB|SSI|TCB|MBB,0.6,0.43478260869565216,1.38
2021-07-27,2021,walk_forward_validation,8,23,CTG|HDB|SSI|TCB|MBB|BID|VHM|VCB,0.5,0.43478260869565216,1.1500000000000001
2021-07-27,2021,walk_forward_validation,10,23,CTG|HDB|SSI|TCB|MBB|BID|VHM|VCB|STB|HPG,0.5,0.43478260869565216,1.1500000000000001
2021-07-28,2021,walk_forward_validation,2,23,CTG|HDB,0.5,0.43478260869565216,1.1500000000000001
2021-07-28,2021,walk_forward_validation,3,23,CTG|HDB|SSI,0.6666666666666666,0.43478260869565216,1.5333333333333332
2021-07-28,2021,walk_forward_validation,5,23,CTG|HDB|SSI|MBB|HPG,0.8,0.43478260869565216,1.84
2021-07-28,2021,walk_forward_validation,8,23,CTG|HDB|SSI|MBB|HPG|STB|BID|TCB,0.5,0.43478260869565216,1.1500000000000001
2021-07-28,2021,walk_forward_validation,10,23,CTG|HDB|SSI|MBB|HPG|STB|BID|TCB|VHM|VCB,0.4,0.43478260869565216,0.92
2021-07-29,2021,walk_forward_validation,2,23,CTG|MBB,0.0,0.30434782608695654,0.0
2021-07-29,2021,walk_forward_validation,3,23,CTG|MBB|HPG,0.3333333333333333,0.30434782608695654,1.0952380952380951
2021-07-29,2021,walk_forward_validation,5,23,CTG|MBB|HPG|TCB|SSI,0.4,0.30434782608695654,1.3142857142857143
2021-07-29,2021,walk_forward_validation,8,23,CTG|MBB|HPG|TCB|SSI|HDB|BID|VHM,0.25,0.30434782608695654,0.8214285714285714
2021-07-29,2021,walk_forward_validation,10,23,CTG|MBB|HPG|TCB|SSI|HDB|BID|VHM|PLX|STB,0.2,0.30434782608695654,0.6571428571428571
2021-07-30,2021,walk_forward_validation,2,23,CTG|SSI,0.5,0.34782608695652173,1.4375
2021-07-30,2021,walk_forward_validation,3,23,CTG|SSI|MBB,0.3333333333333333,0.34782608695652173,0.9583333333333333
2021-07-30,2021,walk_forward_validation,5,23,CTG|SSI|MBB|HDB|TCB,0.2,0.34782608695652173,0.5750000000000001
2021-07-30,2021,walk_forward_validation,8,23,CTG|SSI|MBB|HDB|TCB|STB|BID|VHM,0.125,0.34782608695652173,0.359375
2021-07-30,2021,walk_forward_validation,10,23,CTG|SSI|MBB|HDB|TCB|STB|BID|VHM|VNM|HPG,0.3,0.34782608695652173,0.8625
2021-08-02,2021,walk_forward_validation,2,23,CTG|SSI,0.5,0.30434782608695654,1.6428571428571428
2021-08-02,2021,walk_forward_validation,3,23,CTG|SSI|HDB,0.3333333333333333,0.30434782608695654,1.0952380952380951
2021-08-02,2021,walk_forward_validation,5,23,CTG|SSI|HDB|HPG|MBB,0.4,0.30434782608695654,1.3142857142857143
2021-08-02,2021,walk_forward_validation,8,23,CTG|SSI|HDB|HPG|MBB|TCB|BID|STB,0.25,0.30434782608695654,0.8214285714285714
2021-08-02,2021,walk_forward_validation,10,23,CTG|SSI|HDB|HPG|MBB|TCB|BID|STB|VHM|VCB,0.3,0.30434782608695654,0.9857142857142857
2021-08-03,2021,walk_forward_validation,2,23,CTG|MBB,0.0,0.34782608695652173,0.0
2021-08-03,2021,walk_forward_validation,3,23,CTG|MBB|TCB,0.0,0.34782608695652173,0.0
2021-08-03,2021,walk_forward_validation,5,23,CTG|MBB|TCB|HDB|HPG,0.2,0.34782608695652173,0.5750000000000001
2021-08-03,2021,walk_forward_validation,8,23,CTG|MBB|TCB|HDB|HPG|BID|SSI|VHM,0.25,0.34782608695652173,0.71875
2021-08-03,2021,walk_forward_validation,10,23,CTG|MBB|TCB|HDB|HPG|BID|SSI|VHM|PLX|STB,0.2,0.34782608695652173,0.5750000000000001
2021-08-04,2021,walk_forward_validation,2,23,CTG|MBB,0.0,0.391304347826087,0.0
2021-08-04,2021,walk_forward_validation,3,23,CTG|MBB|HDB,0.0,0.391304347826087,0.0
2021-08-04,2021,walk_forward_validation,5,23,CTG|MBB|HDB|SSI|TCB,0.2,0.391304347826087,0.5111111111111111
2021-08-04,2021,walk_forward_validation,8,23,CTG|MBB|HDB|SSI|TCB|BID|HPG|STB,0.25,0.391304347826087,0.6388888888888888
2021-08-04,2021,walk_forward_validation,10,23,CTG|MBB|HDB|SSI|TCB|BID|HPG|STB|PLX|VHM,0.2,0.391304347826087,0.5111111111111111
2021-08-05,2021,walk_forward_validation,2,23,CTG|HDB,0.0,0.34782608695652173,0.0
2021-08-05,2021,walk_forward_validation,3,23,CTG|HDB|MBB,0.0,0.34782608695652173,0.0
2021-08-05,2021,walk_forward_validation,5,23,CTG|HDB|MBB|HPG|SSI,0.4,0.34782608695652173,1.1500000000000001
2021-08-05,2021,walk_forward_validation,8,23,CTG|HDB|MBB|HPG|SSI|VHM|BID|STB,0.25,0.34782608695652173,0.71875
2021-08-05,2021,walk_forward_validation,10,23,CTG|HDB|MBB|HPG|SSI|VHM|BID|STB|GAS|TCB,0.2,0.34782608695652173,0.5750000000000001
2021-08-06,2021,walk_forward_validation,2,23,CTG|SSI,0.5,0.34782608695652173,1.4375
2021-08-06,2021,walk_forward_validation,3,23,CTG|SSI|TCB,0.3333333333333333,0.34782608695652173,0.9583333333333333
2021-08-06,2021,walk_forward_validation,5,23,CTG|SSI|TCB|MBB|STB,0.2,0.34782608695652173,0.5750000000000001
2021-08-06,2021,walk_forward_validation,8,23,CTG|SSI|TCB|MBB|STB|HPG|HDB|PLX,0.25,0.34782608695652173,0.71875
2021-08-06,2021,walk_forward_validation,10,23,CTG|SSI|TCB|MBB|STB|HPG|HDB|PLX|GAS|FPT,0.2,0.34782608695652173,0.5750000000000001
2021-08-09,2021,walk_forward_validation,2,23,CTG|MBB,0.0,0.34782608695652173,0.0
2021-08-09,2021,walk_forward_validation,3,23,CTG|MBB|HPG,0.3333333333333333,0.34782608695652173,0.9583333333333333
2021-08-09,2021,walk_forward_validation,5,23,CTG|MBB|HPG|BID|TCB,0.2,0.34782608695652173,0.5750000000000001
2021-08-09,2021,walk_forward_validation,8,23,CTG|MBB|HPG|BID|TCB|PLX|HDB|GAS,0.125,0.34782608695652173,0.359375
2021-08-09,2021,walk_forward_validation,10,23,CTG|MBB|HPG|BID|TCB|PLX|HDB|GAS|FPT|VHM,0.1,0.34782608695652173,0.28750000000000003
2021-08-10,2021,walk_forward_validation,2,23,MBB|CTG,0.0,0.34782608695652173,0.0
2021-08-10,2021,walk_forward_validation,3,23,MBB|CTG|BID,0.0,0.34782608695652173,0.0
2021-08-10,2021,walk_forward_validation,5,23,MBB|CTG|BID|HDB|HPG,0.2,0.34782608695652173,0.5750000000000001
2021-08-10,2021,walk_forward_validation,8,23,MBB|CTG|BID|HDB|HPG|SSI|VHM|TCB,0.25,0.34782608695652173,0.71875
2021-08-10,2021,walk_forward_validation,10,23,MBB|CTG|BID|HDB|HPG|SSI|VHM|TCB|STB|POW,0.3,0.34782608695652173,0.8625
2021-08-11,2021,walk_forward_validation,2,23,SSI|MBB,0.5,0.34782608695652173,1.4375
2021-08-11,2021,walk_forward_validation,3,23,SSI|MBB|CTG,0.3333333333333333,0.34782608695652173,0.9583333333333333
2021-08-11,2021,walk_forward_validation,5,23,SSI|MBB|CTG|TCB|HDB,0.2,0.34782608695652173,0.5750000000000001
2021-08-11,2021,walk_forward_validation,8,23,SSI|MBB|CTG|TCB|HDB|BID|HPG|FPT,0.25,0.34782608695652173,0.71875
2021-08-11,2021,walk_forward_validation,10,23,SSI|MBB|CTG|TCB|HDB|BID|HPG|FPT|STB|PLX,0.2,0.34782608695652173,0.5750000000000001
2021-08-12,2021,walk_forward_validation,2,23,SSI|STB,0.5,0.391304347826087,1.2777777777777777
2021-08-12,2021,walk_forward_validation,3,23,SSI|STB|HDB,0.3333333333333333,0.391304347826087,0.8518518518518517
2021-08-12,2021,walk_forward_validation,5,23,SSI|STB|HDB|CTG|FPT,0.4,0.391304347826087,1.0222222222222221
2021-08-12,2021,walk_forward_validation,8,23,SSI|STB|HDB|CTG|FPT|MBB|HPG|TCB,0.375,0.391304347826087,0.9583333333333333
2021-08-12,2021,walk_forward_validation,10,23,SSI|STB|HDB|CTG|FPT|MBB|HPG|TCB|BID|PLX,0.3,0.391304347826087,0.7666666666666666
2021-08-13,2021,walk_forward_validation,2,23,SSI|HDB,0.5,0.4782608695652174,1.0454545454545454
2021-08-13,2021,walk_forward_validation,3,23,SSI|HDB|HPG,0.6666666666666666,0.4782608695652174,1.3939393939393938
2021-08-13,2021,walk_forward_validation,5,23,SSI|HDB|HPG|STB|CTG,0.4,0.4782608695652174,0.8363636363636364
2021-08-13,2021,walk_forward_validation,8,23,SSI|HDB|HPG|STB|CTG|BID|POW|TCB,0.375,0.4782608695652174,0.7840909090909091
2021-08-13,2021,walk_forward_validation,10,23,SSI|HDB|HPG|STB|CTG|BID|POW|TCB|BVH|MBB,0.4,0.4782608695652174,0.8363636363636364
2021-08-16,2021,walk_forward_validation,2,23,MBB|TCB,0.0,0.43478260869565216,0.0
2021-08-16,2021,walk_forward_validation,3,23,MBB|TCB|CTG,0.0,0.43478260869565216,0.0
2021-08-16,2021,walk_forward_validation,5,23,MBB|TCB|CTG|HDB|BID,0.0,0.43478260869565216,0.0
2021-08-16,2021,walk_forward_validation,8,23,MBB|TCB|CTG|HDB|BID|HPG|POW|BVH,0.375,0.43478260869565216,0.8625
2021-08-16,2021,walk_forward_validation,10,23,MBB|TCB|CTG|HDB|BID|HPG|POW|BVH|VHM|STB,0.3,0.43478260869565216,0.69
2021-08-17,2021,walk_forward_validation,2,23,MBB|TCB,0.0,0.5652173913043478,0.0
2021-08-17,2021,walk_forward_validation,3,23,MBB|TCB|SSI,0.3333333333333333,0.5652173913043478,0.5897435897435898
2021-08-17,2021,walk_forward_validation,5,23,MBB|TCB|SSI|HDB|CTG,0.2,0.5652173913043478,0.35384615384615387
2021-08-17,2021,walk_forward_validation,8,23,MBB|TCB|SSI|HDB|CTG|HPG|POW|STB,0.375,0.5652173913043478,0.6634615384615385
2021-08-17,2021,walk_forward_validation,10,23,MBB|TCB|SSI|HDB|CTG|HPG|POW|STB|BID|FPT,0.4,0.5652173913043478,0.7076923076923077
2021-08-18,2021,walk_forward_validation,2,23,MBB|SSI,0.5,0.43478260869565216,1.1500000000000001
2021-08-18,2021,walk_forward_validation,3,23,MBB|SSI|HDB,0.3333333333333333,0.43478260869565216,0.7666666666666666
2021-08-18,2021,walk_forward_validation,5,23,MBB|SSI|HDB|HPG|CTG,0.4,0.43478260869565216,0.92
2021-08-18,2021,walk_forward_validation,8,23,MBB|SSI|HDB|HPG|CTG|STB|POW|TCB,0.375,0.43478260869565216,0.8625
2021-08-18,2021,walk_forward_validation,10,23,MBB|SSI|HDB|HPG|CTG|STB|POW|TCB|BVH|BID,0.3,0.43478260869565216,0.69
2021-08-19,2021,walk_forward_validation,2,23,MBB|HDB,0.0,0.4782608695652174,0.0
2021-08-19,2021,walk_forward_validation,3,23,MBB|HDB|HPG,0.3333333333333333,0.4782608695652174,0.6969696969696969
2021-08-19,2021,walk_forward_validation,5,23,MBB|HDB|HPG|TCB|CTG,0.2,0.4782608695652174,0.4181818181818182
2021-08-19,2021,walk_forward_validation,8,23,MBB|HDB|HPG|TCB|CTG|BID|STB|POW,0.25,0.4782608695652174,0.5227272727272727
2021-08-19,2021,walk_forward_validation,10,23,MBB|HDB|HPG|TCB|CTG|BID|STB|POW|BVH|GAS,0.2,0.4782608695652174,0.4181818181818182
2021-08-20,2021,walk_forward_validation,2,23,MBB|CTG,0.0,0.4782608695652174,0.0
2021-08-20,2021,walk_forward_validation,3,23,MBB|CTG|TCB,0.0,0.4782608695652174,0.0
2021-08-20,2021,walk_forward_validation,5,23,MBB|CTG|TCB|HPG|BID,0.2,0.4782608695652174,0.4181818181818182
2021-08-20,2021,walk_forward_validation,8,23,MBB|CTG|TCB|HPG|BID|HDB|VHM|POW,0.25,0.4782608695652174,0.5227272727272727
2021-08-20,2021,walk_forward_validation,10,23,MBB|CTG|TCB|HPG|BID|HDB|VHM|POW|STB|BVH,0.3,0.4782608695652174,0.6272727272727272
2021-08-23,2021,walk_forward_validation,2,23,MBB|TCB,0.0,0.391304347826087,0.0
2021-08-23,2021,walk_forward_validation,3,23,MBB|TCB|CTG,0.0,0.391304347826087,0.0
2021-08-23,2021,walk_forward_validation,5,23,MBB|TCB|CTG|HPG|HDB,0.2,0.391304347826087,0.5111111111111111
2021-08-23,2021,walk_forward_validation,8,23,MBB|TCB|CTG|HPG|HDB|BID|STB|VHM,0.125,0.391304347826087,0.3194444444444444
2021-08-23,2021,walk_forward_validation,10,23,MBB|TCB|CTG|HPG|HDB|BID|STB|VHM|BVH|MWG,0.3,0.391304347826087,0.7666666666666666
2021-08-24,2021,walk_forward_validation,2,23,MBB|HDB,0.0,0.43478260869565216,0.0
2021-08-24,2021,walk_forward_validation,3,23,MBB|HDB|TCB,0.0,0.43478260869565216,0.0
2021-08-24,2021,walk_forward_validation,5,23,MBB|HDB|TCB|CTG|STB,0.0,0.43478260869565216,0.0
2021-08-24,2021,walk_forward_validation,8,23,MBB|HDB|TCB|CTG|STB|HPG|BID|SSI,0.125,0.43478260869565216,0.28750000000000003
2021-08-24,2021,walk_forward_validation,10,23,MBB|HDB|TCB|CTG|STB|HPG|BID|SSI|VHM|BVH,0.2,0.43478260869565216,0.46
2021-08-25,2021,walk_forward_validation,2,23,MBB|CTG,0.0,0.391304347826087,0.0
2021-08-25,2021,walk_forward_validation,3,23,MBB|CTG|HDB,0.0,0.391304347826087,0.0
2021-08-25,2021,walk_forward_validation,5,23,MBB|CTG|HDB|TCB|HPG,0.2,0.391304347826087,0.5111111111111111
2021-08-25,2021,walk_forward_validation,8,23,MBB|CTG|HDB|TCB|HPG|VHM|BID|STB,0.125,0.391304347826087,0.3194444444444444
2021-08-25,2021,walk_forward_validation,10,23,MBB|CTG|HDB|TCB|HPG|VHM|BID|STB|BVH|MWG,0.3,0.391304347826087,0.7666666666666666
2021-08-26,2021,walk_forward_validation,2,23,CTG|HDB,0.0,0.5217391304347826,0.0
2021-08-26,2021,walk_forward_validation,3,23,CTG|HDB|MBB,0.0,0.5217391304347826,0.0
2021-08-26,2021,walk_forward_validation,5,23,CTG|HDB|MBB|HPG|TCB,0.4,0.5217391304347826,0.7666666666666667
2021-08-26,2021,walk_forward_validation,8,23,CTG|HDB|MBB|HPG|TCB|BID|SSI|STB,0.375,0.5217391304347826,0.71875
2021-08-26,2021,walk_forward_validation,10,23,CTG|HDB|MBB|HPG|TCB|BID|SSI|STB|VHM|BVH,0.4,0.5217391304347826,0.7666666666666667
2021-08-27,2021,walk_forward_validation,2,23,CTG|HPG,0.5,0.4782608695652174,1.0454545454545454
2021-08-27,2021,walk_forward_validation,3,23,CTG|HPG|TCB,0.6666666666666666,0.4782608695652174,1.3939393939393938
2021-08-27,2021,walk_forward_validation,5,23,CTG|HPG|TCB|MBB|HDB,0.4,0.4782608695652174,0.8363636363636364
2021-08-27,2021,walk_forward_validation,8,23,CTG|HPG|TCB|MBB|HDB|BID|MWG|STB,0.5,0.4782608695652174,1.0454545454545454
2021-08-27,2021,walk_forward_validation,10,23,CTG|HPG|TCB|MBB|HDB|BID|MWG|STB|SSI|VHM,0.4,0.4782608695652174,0.8363636363636364
2021-08-30,2021,walk_forward_validation,2,23,MBB|CTG,0.0,0.6086956521739131,0.0
2021-08-30,2021,walk_forward_validation,3,23,MBB|CTG|HDB,0.0,0.6086956521739131,0.0
2021-08-30,2021,walk_forward_validation,5,23,MBB|CTG|HDB|HPG|TCB,0.2,0.6086956521739131,0.32857142857142857
2021-08-30,2021,walk_forward_validation,8,23,MBB|CTG|HDB|HPG|TCB|VHM|SSI|VCB,0.125,0.6086956521739131,0.20535714285714285
2021-08-30,2021,walk_forward_validation,10,23,MBB|CTG|HDB|HPG|TCB|VHM|SSI|VCB|BVH|MWG,0.3,0.6086956521739131,0.4928571428571428
2021-08-31,2021,walk_forward_validation,2,23,CTG|HPG,0.5,0.6086956521739131,0.8214285714285714
2021-08-31,2021,walk_forward_validation,3,23,CTG|HPG|TCB,0.6666666666666666,0.6086956521739131,1.0952380952380951
2021-08-31,2021,walk_forward_validation,5,23,CTG|HPG|TCB|BID|HDB,0.6,0.6086956521739131,0.9857142857142857
2021-08-31,2021,walk_forward_validation,8,23,CTG|HPG|TCB|BID|HDB|MBB|SSI|VHM,0.375,0.6086956521739131,0.6160714285714285
2021-08-31,2021,walk_forward_validation,10,23,CTG|HPG|TCB|BID|HDB|MBB|SSI|VHM|MWG|FPT,0.4,0.6086956521739131,0.6571428571428571
2021-09-01,2021,walk_forward_validation,2,23,CTG|HDB,0.0,0.5652173913043478,0.0
2021-09-01,2021,walk_forward_validation,3,23,CTG|HDB|TCB,0.3333333333333333,0.5652173913043478,0.5897435897435898
2021-09-01,2021,walk_forward_validation,5,23,CTG|HDB|TCB|MBB|HPG,0.4,0.5652173913043478,0.7076923076923077
2021-09-01,2021,walk_forward_validation,8,23,CTG|HDB|TCB|MBB|HPG|SSI|VHM|VPB,0.375,0.5652173913043478,0.6634615384615385
2021-09-01,2021,walk_forward_validation,10,23,CTG|HDB|TCB|MBB|HPG|SSI|VHM|VPB|BID|STB,0.3,0.5652173913043478,0.5307692307692308
2021-09-06,2021,walk_forward_validation,2,23,SSI|MBB,0.0,0.6086956521739131,0.0
2021-09-06,2021,walk_forward_validation,3,23,SSI|MBB|CTG,0.0,0.6086956521739131,0.0
2021-09-06,2021,walk_forward_validation,5,23,SSI|MBB|CTG|TCB|HPG,0.2,0.6086956521739131,0.32857142857142857
2021-09-06,2021,walk_forward_validation,8,23,SSI|MBB|CTG|TCB|HPG|HDB|VHM|FPT,0.25,0.6086956521739131,0.4107142857142857
2021-09-06,2021,walk_forward_validation,10,23,SSI|MBB|CTG|TCB|HPG|HDB|VHM|FPT|MWG|STB,0.3,0.6086956521739131,0.4928571428571428
2021-09-07,2021,walk_forward_validation,2,23,MBB|SSI,0.0,0.5217391304347826,0.0
2021-09-07,2021,walk_forward_validation,3,23,MBB|SSI|HPG,0.3333333333333333,0.5217391304347826,0.6388888888888888
2021-09-07,2021,walk_forward_validation,5,23,MBB|SSI|HPG|MWG|TCB,0.4,0.5217391304347826,0.7666666666666667
2021-09-07,2021,walk_forward_validation,8,23,MBB|SSI|HPG|MWG|TCB|BVH|VHM|FPT,0.5,0.5217391304347826,0.9583333333333334
2021-09-07,2021,walk_forward_validation,10,23,MBB|SSI|HPG|MWG|TCB|BVH|VHM|FPT|VRE|VPB,0.5,0.5217391304347826,0.9583333333333334
2021-09-08,2021,walk_forward_validation,2,23,HPG|CTG,0.5,0.5217391304347826,0.9583333333333334
2021-09-08,2021,walk_forward_validation,3,23,HPG|CTG|MBB,0.3333333333333333,0.5217391304347826,0.6388888888888888
2021-09-08,2021,walk_forward_validation,5,23,HPG|CTG|MBB|HDB|TCB,0.4,0.5217391304347826,0.7666666666666667
2021-09-08,2021,walk_forward_validation,8,23,HPG|CTG|MBB|HDB|TCB|BVH|VPB|MWG,0.5,0.5217391304347826,0.9583333333333334
2021-09-08,2021,walk_forward_validation,10,23,HPG|CTG|MBB|HDB|TCB|BVH|VPB|MWG|VHM|STB,0.4,0.5217391304347826,0.7666666666666667
2021-09-09,2021,walk_forward_validation,2,23,HPG|TCB,0.5,0.43478260869565216,1.1500000000000001
2021-09-09,2021,walk_forward_validation,3,23,HPG|TCB|MBB,0.3333333333333333,0.43478260869565216,0.7666666666666666
2021-09-09,2021,walk_forward_validation,5,23,HPG|TCB|MBB|HDB|CTG,0.2,0.43478260869565216,0.46
2021-09-09,2021,walk_forward_validation,8,23,HPG|TCB|MBB|HDB|CTG|SSI|VRE|VHM,0.25,0.43478260869565216,0.5750000000000001
2021-09-09,2021,walk_forward_validation,10,23,HPG|TCB|MBB|HDB|CTG|SSI|VRE|VHM|VCB|VPB,0.2,0.43478260869565216,0.46
2021-09-10,2021,walk_forward_validation,2,23,MBB|TCB,0.5,0.5217391304347826,0.9583333333333334
2021-09-10,2021,walk_forward_validation,3,23,MBB|TCB|HPG,0.6666666666666666,0.5217391304347826,1.2777777777777777
2021-09-10,2021,walk_forward_validation,5,23,MBB|TCB|HPG|HDB|CTG,0.4,0.5217391304347826,0.7666666666666667
2021-09-10,2021,walk_forward_validation,8,23,MBB|TCB|HPG|HDB|CTG|VHM|VPB|VCB,0.25,0.5217391304347826,0.4791666666666667
2021-09-10,2021,walk_forward_validation,10,23,MBB|TCB|HPG|HDB|CTG|VHM|VPB|VCB|VRE|STB,0.3,0.5217391304347826,0.575
2021-09-13,2021,walk_forward_validation,2,23,HPG|HDB,0.5,0.391304347826087,1.2777777777777777
2021-09-13,2021,walk_forward_validation,3,23,HPG|HDB|MBB,0.3333333333333333,0.391304347826087,0.8518518518518517
2021-09-13,2021,walk_forward_validation,5,23,HPG|HDB|MBB|TCB|CTG,0.4,0.391304347826087,1.0222222222222221
2021-09-13,2021,walk_forward_validation,8,23,HPG|HDB|MBB|TCB|CTG|BID|VRE|BVH,0.5,0.391304347826087,1.2777777777777777
2021-09-13,2021,walk_forward_validation,10,23,HPG|HDB|MBB|TCB|CTG|BID|VRE|BVH|FPT|PLX,0.6,0.391304347826087,1.5333333333333332
2021-09-14,2021,walk_forward_validation,2,23,HPG|CTG,0.5,0.4782608695652174,1.0454545454545454
2021-09-14,2021,walk_forward_validation,3,23,HPG|CTG|HDB,0.3333333333333333,0.4782608695652174,0.6969696969696969
2021-09-14,2021,walk_forward_validation,5,23,HPG|CTG|HDB|STB|TCB,0.4,0.4782608695652174,0.8363636363636364
2021-09-14,2021,walk_forward_validation,8,23,HPG|CTG|HDB|STB|TCB|MBB|FPT|BID,0.375,0.4782608695652174,0.7840909090909091
2021-09-14,2021,walk_forward_validation,10,23,HPG|CTG|HDB|STB|TCB|MBB|FPT|BID|VPB|POW,0.4,0.4782608695652174,0.8363636363636364
2021-09-15,2021,walk_forward_validation,2,23,HDB|MBB,1.0,0.6086956521739131,1.6428571428571428
2021-09-15,2021,walk_forward_validation,3,23,HDB|MBB|HPG,1.0,0.6086956521739131,1.6428571428571428
2021-09-15,2021,walk_forward_validation,5,23,HDB|MBB|HPG|CTG|TCB,0.8,0.6086956521739131,1.3142857142857143
2021-09-15,2021,walk_forward_validation,8,23,HDB|MBB|HPG|CTG|TCB|FPT|SSI|STB,0.625,0.6086956521739131,1.0267857142857142
2021-09-15,2021,walk_forward_validation,10,23,HDB|MBB|HPG|CTG|TCB|FPT|SSI|STB|BID|VHM,0.5,0.6086956521739131,0.8214285714285714
2021-09-16,2021,walk_forward_validation,2,23,HPG|MBB,0.5,0.5217391304347826,0.9583333333333334
2021-09-16,2021,walk_forward_validation,3,23,HPG|MBB|HDB,0.6666666666666666,0.5217391304347826,1.2777777777777777
2021-09-16,2021,walk_forward_validation,5,23,HPG|MBB|HDB|TCB|BID,0.6,0.5217391304347826,1.15
2021-09-16,2021,walk_forward_validation,8,23,HPG|MBB|HDB|TCB|BID|CTG|FPT|VHM,0.5,0.5217391304347826,0.9583333333333334
2021-09-16,2021,walk_forward_validation,10,23,HPG|MBB|HDB|TCB|BID|CTG|FPT|VHM|SSI|GAS,0.5,0.5217391304347826,0.9583333333333334
2021-09-17,2021,walk_forward_validation,2,23,HPG|MBB,0.5,0.5217391304347826,0.9583333333333334
2021-09-17,2021,walk_forward_validation,3,23,HPG|MBB|TCB,0.6666666666666666,0.5217391304347826,1.2777777777777777
2021-09-17,2021,walk_forward_validation,5,23,HPG|MBB|TCB|FPT|CTG,0.6,0.5217391304347826,1.15
2021-09-17,2021,walk_forward_validation,8,23,HPG|MBB|TCB|FPT|CTG|STB|SSI|HDB,0.375,0.5217391304347826,0.71875
2021-09-17,2021,walk_forward_validation,10,23,HPG|MBB|TCB|FPT|CTG|STB|SSI|HDB|BID|BVH,0.4,0.5217391304347826,0.7666666666666667
2021-09-20,2021,walk_forward_validation,2,23,HPG|VIC,1.0,0.4782608695652174,2.090909090909091
2021-09-20,2021,walk_forward_validation,3,23,HPG|VIC|GAS,1.0,0.4782608695652174,2.090909090909091
2021-09-20,2021,walk_forward_validation,5,23,HPG|VIC|GAS|MWG|SSI,0.8,0.4782608695652174,1.6727272727272728
2021-09-20,2021,walk_forward_validation,8,23,HPG|VIC|GAS|MWG|SSI|MBB|FPT|TCB,0.75,0.4782608695652174,1.5681818181818181
2021-09-20,2021,walk_forward_validation,10,23,HPG|VIC|GAS|MWG|SSI|MBB|FPT|TCB|CTG|HDB,0.6,0.4782608695652174,1.2545454545454544
2021-09-21,2021,walk_forward_validation,2,23,HPG|TCB,1.0,0.4782608695652174,2.090909090909091
2021-09-21,2021,walk_forward_validation,3,23,HPG|TCB|VHM,0.6666666666666666,0.4782608695652174,1.3939393939393938
2021-09-21,2021,walk_forward_validation,5,23,HPG|TCB|VHM|GAS|VIC,0.8,0.4782608695652174,1.6727272727272728
2021-09-21,2021,walk_forward_validation,8,23,HPG|TCB|VHM|GAS|VIC|VPB|SSI|STB,0.5,0.4782608695652174,1.0454545454545454
2021-09-21,2021,walk_forward_validation,10,23,HPG|TCB|VHM|GAS|VIC|VPB|SSI|STB|FPT|CTG,0.5,0.4782608695652174,1.0454545454545454
2021-09-22,2021,walk_forward_validation,2,23,TCB|VIC,1.0,0.391304347826087,2.5555555555555554
2021-09-22,2021,walk_forward_validation,3,23,TCB|VIC|GAS,1.0,0.391304347826087,2.5555555555555554
2021-09-22,2021,walk_forward_validation,5,23,TCB|VIC|GAS|MBB|HPG,0.8,0.391304347826087,2.0444444444444443
2021-09-22,2021,walk_forward_validation,8,23,TCB|VIC|GAS|MBB|HPG|CTG|VHM|SSI,0.5,0.391304347826087,1.2777777777777777
2021-09-22,2021,walk_forward_validation,10,23,TCB|VIC|GAS|MBB|HPG|CTG|VHM|SSI|BID|FPT,0.5,0.391304347826087,1.2777777777777777
2021-09-23,2021,walk_forward_validation,2,23,TCB|MBB,0.5,0.43478260869565216,1.1500000000000001
2021-09-23,2021,walk_forward_validation,3,23,TCB|MBB|HPG,0.6666666666666666,0.43478260869565216,1.5333333333333332
2021-09-23,2021,walk_forward_validation,5,23,TCB|MBB|HPG|GAS|STB,0.6,0.43478260869565216,1.38
2021-09-23,2021,walk_forward_validation,8,23,TCB|MBB|HPG|GAS|STB|CTG|HDB|BID,0.375,0.43478260869565216,0.8625
2021-09-23,2021,walk_forward_validation,10,23,TCB|MBB|HPG|GAS|STB|CTG|HDB|BID|VPB|PLX,0.4,0.43478260869565216,0.92
2021-09-24,2021,walk_forward_validation,2,23,HPG|TCB,1.0,0.391304347826087,2.5555555555555554
2021-09-24,2021,walk_forward_validation,3,23,HPG|TCB|GAS,1.0,0.391304347826087,2.5555555555555554
2021-09-24,2021,walk_forward_validation,5,23,HPG|TCB|GAS|VPB|MBB,0.6,0.391304347826087,1.5333333333333332
2021-09-24,2021,walk_forward_validation,8,23,HPG|TCB|GAS|VPB|MBB|CTG|SSI|HDB,0.375,0.391304347826087,0.9583333333333333
2021-09-24,2021,walk_forward_validation,10,23,HPG|TCB|GAS|VPB|MBB|CTG|SSI|HDB|BID|STB,0.3,0.391304347826087,0.7666666666666666
2021-09-27,2021,walk_forward_validation,2,23,HPG|VPB,0.5,0.30434782608695654,1.6428571428571428
2021-09-27,2021,walk_forward_validation,3,23,HPG|VPB|TCB,0.3333333333333333,0.30434782608695654,1.0952380952380951
2021-09-27,2021,walk_forward_validation,5,23,HPG|VPB|TCB|SSI|GAS,0.4,0.30434782608695654,1.3142857142857143
2021-09-27,2021,walk_forward_validation,8,23,HPG|VPB|TCB|SSI|GAS|CTG|BID|MBB,0.25,0.30434782608695654,0.8214285714285714
2021-09-27,2021,walk_forward_validation,10,23,HPG|VPB|TCB|SSI|GAS|CTG|BID|MBB|PLX|HDB,0.3,0.30434782608695654,0.9857142857142857
2021-09-28,2021,walk_forward_validation,2,23,HPG|BID,0.5,0.34782608695652173,1.4375
2021-09-28,2021,walk_forward_validation,3,23,HPG|BID|TCB,0.3333333333333333,0.34782608695652173,0.9583333333333333
2021-09-28,2021,walk_forward_validation,5,23,HPG|BID|TCB|VPB|CTG,0.2,0.34782608695652173,0.5750000000000001
2021-09-28,2021,walk_forward_validation,8,23,HPG|BID|TCB|VPB|CTG|MBB|STB|HDB,0.125,0.34782608695652173,0.359375
2021-09-28,2021,walk_forward_validation,10,23,HPG|BID|TCB|VPB|CTG|MBB|STB|HDB|SSI|PLX,0.2,0.34782608695652173,0.5750000000000001
2021-09-29,2021,walk_forward_validation,2,23,HPG|CTG,0.5,0.2608695652173913,1.9166666666666667
2021-09-29,2021,walk_forward_validation,3,23,HPG|CTG|VPB,0.3333333333333333,0.2608695652173913,1.2777777777777777
2021-09-29,2021,walk_forward_validation,5,23,HPG|CTG|VPB|TCB|MBB,0.2,0.2608695652173913,0.7666666666666667
2021-09-29,2021,walk_forward_validation,8,23,HPG|CTG|VPB|TCB|MBB|STB|BID|SSI,0.125,0.2608695652173913,0.4791666666666667
2021-09-29,2021,walk_forward_validation,10,23,HPG|CTG|VPB|TCB|MBB|STB|BID|SSI|HDB|PLX,0.2,0.2608695652173913,0.7666666666666667
2021-09-30,2021,walk_forward_validation,2,23,HPG|VPB,0.5,0.17391304347826086,2.875
2021-09-30,2021,walk_forward_validation,3,23,HPG|VPB|TCB,0.3333333333333333,0.17391304347826086,1.9166666666666665
2021-09-30,2021,walk_forward_validation,5,23,HPG|VPB|TCB|BID|CTG,0.2,0.17391304347826086,1.1500000000000001
2021-09-30,2021,walk_forward_validation,8,23,HPG|VPB|TCB|BID|CTG|HDB|GAS|PLX,0.25,0.17391304347826086,1.4375
2021-09-30,2021,walk_forward_validation,10,23,HPG|VPB|TCB|BID|CTG|HDB|GAS|PLX|VRE|VCB,0.2,0.17391304347826086,1.1500000000000001
2021-10-01,2021,walk_forward_validation,2,23,VPB|HPG,0.0,0.21739130434782608,0.0
2021-10-01,2021,walk_forward_validation,3,23,VPB|HPG|STB,0.0,0.21739130434782608,0.0
2021-10-01,2021,walk_forward_validation,5,23,VPB|HPG|STB|CTG|SSI,0.0,0.21739130434782608,0.0
2021-10-01,2021,walk_forward_validation,8,23,VPB|HPG|STB|CTG|SSI|TCB|MBB|BID,0.0,0.21739130434782608,0.0
2021-10-01,2021,walk_forward_validation,10,23,VPB|HPG|STB|CTG|SSI|TCB|MBB|BID|PLX|HDB,0.0,0.21739130434782608,0.0
2021-10-04,2021,walk_forward_validation,2,23,CTG|STB,1.0,0.34782608695652173,2.875
2021-10-04,2021,walk_forward_validation,3,23,CTG|STB|TCB,0.6666666666666666,0.34782608695652173,1.9166666666666665
2021-10-04,2021,walk_forward_validation,5,23,CTG|STB|TCB|HPG|SSI,0.4,0.34782608695652173,1.1500000000000001
2021-10-04,2021,walk_forward_validation,8,23,CTG|STB|TCB|HPG|SSI|MBB|VPB|HDB,0.25,0.34782608695652173,0.71875
2021-10-04,2021,walk_forward_validation,10,23,CTG|STB|TCB|HPG|SSI|MBB|VPB|HDB|BID|FPT,0.3,0.34782608695652173,0.8625
2021-10-05,2021,walk_forward_validation,2,23,CTG|HPG,0.5,0.2608695652173913,1.9166666666666667
2021-10-05,2021,walk_forward_validation,3,23,CTG|HPG|TCB,0.3333333333333333,0.2608695652173913,1.2777777777777777
2021-10-05,2021,walk_forward_validation,5,23,CTG|HPG|TCB|VPB|MBB,0.4,0.2608695652173913,1.5333333333333334
2021-10-05,2021,walk_forward_validation,8,23,CTG|HPG|TCB|VPB|MBB|SSI|BID|STB,0.25,0.2608695652173913,0.9583333333333334
2021-10-05,2021,walk_forward_validation,10,23,CTG|HPG|TCB|VPB|MBB|SSI|BID|STB|FPT|VCB,0.2,0.2608695652173913,0.7666666666666667
2021-10-06,2021,walk_forward_validation,2,23,CTG|TCB,1.0,0.43478260869565216,2.3000000000000003
2021-10-06,2021,walk_forward_validation,3,23,CTG|TCB|SSI,0.6666666666666666,0.43478260869565216,1.5333333333333332
2021-10-06,2021,walk_forward_validation,5,23,CTG|TCB|SSI|STB|MBB,0.8,0.43478260869565216,1.84
2021-10-06,2021,walk_forward_validation,8,23,CTG|TCB|SSI|STB|MBB|VPB|HPG|MWG,0.625,0.43478260869565216,1.4375
2021-10-06,2021,walk_forward_validation,10,23,CTG|TCB|SSI|STB|MBB|VPB|HPG|MWG|BID|HDB,0.7,0.43478260869565216,1.6099999999999999
2021-10-07,2021,walk_forward_validation,2,23,TCB|HPG,0.5,0.391304347826087,1.2777777777777777
2021-10-07,2021,walk_forward_validation,3,23,TCB|HPG|CTG,0.6666666666666666,0.391304347826087,1.7037037037037035
2021-10-07,2021,walk_forward_validation,5,23,TCB|HPG|CTG|SSI|MWG,0.4,0.391304347826087,1.0222222222222221
2021-10-07,2021,walk_forward_validation,8,23,TCB|HPG|CTG|SSI|MWG|VPB|STB|BID,0.625,0.391304347826087,1.597222222222222
2021-10-07,2021,walk_forward_validation,10,23,TCB|HPG|CTG|SSI|MWG|VPB|STB|BID|MBB|HDB,0.6,0.391304347826087,1.5333333333333332
2021-10-08,2021,walk_forward_validation,2,23,MWG|TCB,0.0,0.30434782608695654,0.0
2021-10-08,2021,walk_forward_validation,3,23,MWG|TCB|HPG,0.0,0.30434782608695654,0.0
2021-10-08,2021,walk_forward_validation,5,23,MWG|TCB|HPG|VPB|SSI,0.0,0.30434782608695654,0.0
2021-10-08,2021,walk_forward_validation,8,23,MWG|TCB|HPG|VPB|SSI|CTG|BID|MBB,0.25,0.30434782608695654,0.8214285714285714
2021-10-08,2021,walk_forward_validation,10,23,MWG|TCB|HPG|VPB|SSI|CTG|BID|MBB|POW|STB,0.3,0.30434782608695654,0.9857142857142857
2021-10-11,2021,walk_forward_validation,2,23,MWG|BID,0.5,0.2608695652173913,1.9166666666666667
2021-10-11,2021,walk_forward_validation,3,23,MWG|BID|MBB,0.3333333333333333,0.2608695652173913,1.2777777777777777
2021-10-11,2021,walk_forward_validation,5,23,MWG|BID|MBB|TCB|HPG,0.2,0.2608695652173913,0.7666666666666667
2021-10-11,2021,walk_forward_validation,8,23,MWG|BID|MBB|TCB|HPG|PLX|VPB|FPT,0.125,0.2608695652173913,0.4791666666666667
2021-10-11,2021,walk_forward_validation,10,23,MWG|BID|MBB|TCB|HPG|PLX|VPB|FPT|POW|CTG,0.3,0.2608695652173913,1.15
2021-10-12,2021,walk_forward_validation,2,23,MWG|TCB,0.0,0.34782608695652173,0.0
2021-10-12,2021,walk_forward_validation,3,23,MWG|TCB|MBB,0.0,0.34782608695652173,0.0
2021-10-12,2021,walk_forward_validation,5,23,MWG|TCB|MBB|BID|PLX,0.2,0.34782608695652173,0.5750000000000001
2021-10-12,2021,walk_forward_validation,8,23,MWG|TCB|MBB|BID|PLX|HPG|CTG|SSI,0.375,0.34782608695652173,1.078125
2021-10-12,2021,walk_forward_validation,10,23,MWG|TCB|MBB|BID|PLX|HPG|CTG|SSI|VPB|VHM,0.3,0.34782608695652173,0.8625
2021-10-13,2021,walk_forward_validation,2,23,TCB|MWG,0.0,0.391304347826087,0.0
2021-10-13,2021,walk_forward_validation,3,23,TCB|MWG|HPG,0.0,0.391304347826087,0.0
2021-10-13,2021,walk_forward_validation,5,23,TCB|MWG|HPG|MSN|FPT,0.0,0.391304347826087,0.0
2021-10-13,2021,walk_forward_validation,8,23,TCB|MWG|HPG|MSN|FPT|BID|MBB|PLX,0.25,0.391304347826087,0.6388888888888888
2021-10-13,2021,walk_forward_validation,10,23,TCB|MWG|HPG|MSN|FPT|BID|MBB|PLX|SSI|HDB,0.4,0.391304347826087,1.0222222222222221
2021-10-14,2021,walk_forward_validation,2,23,TCB|MWG,0.0,0.30434782608695654,0.0
2021-10-14,2021,walk_forward_validation,3,23,TCB|MWG|VIC,0.0,0.30434782608695654,0.0
2021-10-14,2021,walk_forward_validation,5,23,TCB|MWG|VIC|MSN|HPG,0.0,0.30434782608695654,0.0
2021-10-14,2021,walk_forward_validation,8,23,TCB|MWG|VIC|MSN|HPG|MBB|PLX|VPB,0.125,0.30434782608695654,0.4107142857142857
2021-10-14,2021,walk_forward_validation,10,23,TCB|MWG|VIC|MSN|HPG|MBB|PLX|VPB|VHM|SSI,0.2,0.30434782608695654,0.6571428571428571
2021-10-15,2021,walk_forward_validation,2,23,TCB|VIC,0.0,0.30434782608695654,0.0
2021-10-15,2021,walk_forward_validation,3,23,TCB|VIC|MSN,0.3333333333333333,0.30434782608695654,1.0952380952380951
2021-10-15,2021,walk_forward_validation,5,23,TCB|VIC|MSN|MWG|HPG,0.2,0.30434782608695654,0.6571428571428571
2021-10-15,2021,walk_forward_validation,8,23,TCB|VIC|MSN|MWG|HPG|MBB|VPB|PLX,0.25,0.30434782608695654,0.8214285714285714
2021-10-15,2021,walk_forward_validation,10,23,TCB|VIC|MSN|MWG|HPG|MBB|VPB|PLX|STB|VRE,0.2,0.30434782608695654,0.6571428571428571
2021-10-18,2021,walk_forward_validation,2,23,TCB|VIC,0.0,0.4782608695652174,0.0
2021-10-18,2021,walk_forward_validation,3,23,TCB|VIC|MWG,0.3333333333333333,0.4782608695652174,0.6969696969696969
2021-10-18,2021,walk_forward_validation,5,23,TCB|VIC|MWG|HPG|VRE,0.2,0.4782608695652174,0.4181818181818182
2021-10-18,2021,walk_forward_validation,8,23,TCB|VIC|MWG|HPG|VRE|VPB|MBB|SSI,0.25,0.4782608695652174,0.5227272727272727
2021-10-18,2021,walk_forward_validation,10,23,TCB|VIC|MWG|HPG|VRE|VPB|MBB|SSI|CTG|MSN,0.4,0.4782608695652174,0.8363636363636364
2021-10-19,2021,walk_forward_validation,2,23,TCB|VIC,0.0,0.4782608695652174,0.0
2021-10-19,2021,walk_forward_validation,3,23,TCB|VIC|HPG,0.0,0.4782608695652174,0.0
2021-10-19,2021,walk_forward_validation,5,23,TCB|VIC|HPG|MSN|BID,0.4,0.4782608695652174,0.8363636363636364
2021-10-19,2021,walk_forward_validation,8,23,TCB|VIC|HPG|MSN|BID|VRE|STB|VPB,0.375,0.4782608695652174,0.7840909090909091
2021-10-19,2021,walk_forward_validation,10,23,TCB|VIC|HPG|MSN|BID|VRE|STB|VPB|MBB|MWG,0.4,0.4782608695652174,0.8363636363636364
2021-10-20,2021,walk_forward_validation,2,23,VIC|TCB,0.0,0.4782608695652174,0.0
2021-10-20,2021,walk_forward_validation,3,23,VIC|TCB|HPG,0.0,0.4782608695652174,0.0
2021-10-20,2021,walk_forward_validation,5,23,VIC|TCB|HPG|STB|MWG,0.4,0.4782608695652174,0.8363636363636364
2021-10-20,2021,walk_forward_validation,8,23,VIC|TCB|HPG|STB|MWG|VRE|MBB|HDB,0.375,0.4782608695652174,0.7840909090909091
2021-10-20,2021,walk_forward_validation,10,23,VIC|TCB|HPG|STB|MWG|VRE|MBB|HDB|MSN|VPB,0.3,0.4782608695652174,0.6272727272727272
2021-10-21,2021,walk_forward_validation,2,23,TCB|VIC,0.0,0.43478260869565216,0.0
2021-10-21,2021,walk_forward_validation,3,23,TCB|VIC|MSN,0.0,0.43478260869565216,0.0
2021-10-21,2021,walk_forward_validation,5,23,TCB|VIC|MSN|HPG|HDB,0.2,0.43478260869565216,0.46
2021-10-21,2021,walk_forward_validation,8,23,TCB|VIC|MSN|HPG|HDB|VRE|STB|MBB,0.125,0.43478260869565216,0.28750000000000003
2021-10-21,2021,walk_forward_validation,10,23,TCB|VIC|MSN|HPG|HDB|VRE|STB|MBB|VPB|MWG,0.2,0.43478260869565216,0.46
2021-10-22,2021,walk_forward_validation,2,23,TCB|VIC,0.0,0.43478260869565216,0.0
2021-10-22,2021,walk_forward_validation,3,23,TCB|VIC|VRE,0.0,0.43478260869565216,0.0
2021-10-22,2021,walk_forward_validation,5,23,TCB|VIC|VRE|MSN|HPG,0.2,0.43478260869565216,0.46
2021-10-22,2021,walk_forward_validation,8,23,TCB|VIC|VRE|MSN|HPG|BID|VPB|STB,0.375,0.43478260869565216,0.8625
2021-10-22,2021,walk_forward_validation,10,23,TCB|VIC|VRE|MSN|HPG|BID|VPB|STB|SSI|HDB,0.5,0.43478260869565216,1.1500000000000001
2021-10-25,2021,walk_forward_validation,2,23,STB|TCB,0.5,0.4782608695652174,1.0454545454545454
2021-10-25,2021,walk_forward_validation,3,23,STB|TCB|HPG,0.3333333333333333,0.4782608695652174,0.6969696969696969
2021-10-25,2021,walk_forward_validation,5,23,STB|TCB|HPG|VIC|MSN,0.4,0.4782608695652174,0.8363636363636364
2021-10-25,2021,walk_forward_validation,8,23,STB|TCB|HPG|VIC|MSN|VRE|MBB|SSI,0.5,0.4782608695652174,1.0454545454545454
2021-10-25,2021,walk_forward_validation,10,23,STB|TCB|HPG|VIC|MSN|VRE|MBB|SSI|MWG|VPB,0.5,0.4782608695652174,1.0454545454545454
2021-10-26,2021,walk_forward_validation,2,23,TCB|VRE,0.0,0.43478260869565216,0.0
2021-10-26,2021,walk_forward_validation,3,23,TCB|VRE|MSN,0.3333333333333333,0.43478260869565216,0.7666666666666666
2021-10-26,2021,walk_forward_validation,5,23,TCB|VRE|MSN|VIC|HPG,0.2,0.43478260869565216,0.46
2021-10-26,2021,walk_forward_validation,8,23,TCB|VRE|MSN|VIC|HPG|MWG|STB|PLX,0.375,0.43478260869565216,0.8625
2021-10-26,2021,walk_forward_validation,10,23,TCB|VRE|MSN|VIC|HPG|MWG|STB|PLX|MBB|SSI,0.4,0.43478260869565216,0.92
2021-10-27,2021,walk_forward_validation,2,23,VIC|TCB,0.5,0.5217391304347826,0.9583333333333334
2021-10-27,2021,walk_forward_validation,3,23,VIC|TCB|VRE,0.3333333333333333,0.5217391304347826,0.6388888888888888
2021-10-27,2021,walk_forward_validation,5,23,VIC|TCB|VRE|MSN|MWG,0.6,0.5217391304347826,1.15
2021-10-27,2021,walk_forward_validation,8,23,VIC|TCB|VRE|MSN|MWG|HPG|STB|VHM,0.5,0.5217391304347826,0.9583333333333334
2021-10-27,2021,walk_forward_validation,10,23,VIC|TCB|VRE|MSN|MWG|HPG|STB|VHM|PLX|MBB,0.5,0.5217391304347826,0.9583333333333334
2021-10-28,2021,walk_forward_validation,2,23,VIC|VRE,0.0,0.4782608695652174,0.0
2021-10-28,2021,walk_forward_validation,3,23,VIC|VRE|MSN,0.0,0.4782608695652174,0.0
2021-10-28,2021,walk_forward_validation,5,23,VIC|VRE|MSN|POW|HPG,0.2,0.4782608695652174,0.4181818181818182
2021-10-28,2021,walk_forward_validation,8,23,VIC|VRE|MSN|POW|HPG|TCB|STB|MWG,0.5,0.4782608695652174,1.0454545454545454
2021-10-28,2021,walk_forward_validation,10,23,VIC|VRE|MSN|POW|HPG|TCB|STB|MWG|VPB|MBB,0.5,0.4782608695652174,1.0454545454545454
2021-10-29,2021,walk_forward_validation,2,23,VIC|MSN,0.5,0.5217391304347826,0.9583333333333334
2021-10-29,2021,walk_forward_validation,3,23,VIC|MSN|VRE,0.3333333333333333,0.5217391304347826,0.6388888888888888
2021-10-29,2021,walk_forward_validation,5,23,VIC|MSN|VRE|STB|HPG,0.4,0.5217391304347826,0.7666666666666667
2021-10-29,2021,walk_forward_validation,8,23,VIC|MSN|VRE|STB|HPG|CTG|TCB|MWG,0.625,0.5217391304347826,1.1979166666666667
2021-10-29,2021,walk_forward_validation,10,23,VIC|MSN|VRE|STB|HPG|CTG|TCB|MWG|MBB|BID,0.7,0.5217391304347826,1.3416666666666666
2021-11-01,2021,walk_forward_validation,2,23,VIC|STB,1.0,0.43478260869565216,2.3000000000000003
2021-11-01,2021,walk_forward_validation,3,23,VIC|STB|VRE,0.6666666666666666,0.43478260869565216,1.5333333333333332
2021-11-01,2021,walk_forward_validation,5,23,VIC|STB|VRE|MSN|BID,0.8,0.43478260869565216,1.84
2021-11-01,2021,walk_forward_validation,8,23,VIC|STB|VRE|MSN|BID|TCB|CTG|MBB,0.75,0.43478260869565216,1.725
2021-11-01,2021,walk_forward_validation,10,23,VIC|STB|VRE|MSN|BID|TCB|CTG|MBB|VHM|HPG,0.6,0.43478260869565216,1.38
2021-11-02,2021,walk_forward_validation,2,23,VIC|VRE,0.5,0.43478260869565216,1.1500000000000001
2021-11-02,2021,walk_forward_validation,3,23,VIC|VRE|CTG,0.6666666666666666,0.43478260869565216,1.5333333333333332
2021-11-02,2021,walk_forward_validation,5,23,VIC|VRE|CTG|TCB|BID,0.6,0.43478260869565216,1.38
2021-11-02,2021,walk_forward_validation,8,23,VIC|VRE|CTG|TCB|BID|MSN|STB|MBB,0.75,0.43478260869565216,1.725
2021-11-02,2021,walk_forward_validation,10,23,VIC|VRE|CTG|TCB|BID|MSN|STB|MBB|HDB|SSI,0.8,0.43478260869565216,1.84
2021-11-03,2021,walk_forward_validation,2,23,VIC|STB,1.0,0.391304347826087,2.5555555555555554
2021-11-03,2021,walk_forward_validation,3,23,VIC|STB|MBB,0.6666666666666666,0.391304347826087,1.7037037037037035
2021-11-03,2021,walk_forward_validation,5,23,VIC|STB|MBB|CTG|TCB,0.6,0.391304347826087,1.5333333333333332
2021-11-03,2021,walk_forward_validation,8,23,VIC|STB|MBB|CTG|TCB|BID|MSN|VRE,0.625,0.391304347826087,1.597222222222222
2021-11-03,2021,walk_forward_validation,10,23,VIC|STB|MBB|CTG|TCB|BID|MSN|VRE|VCB|SSI,0.6,0.391304347826087,1.5333333333333332
2021-11-04,2021,walk_forward_validation,2,23,VIC|STB,1.0,0.391304347826087,2.5555555555555554
2021-11-04,2021,walk_forward_validation,3,23,VIC|STB|TCB,0.6666666666666666,0.391304347826087,1.7037037037037035
2021-11-04,2021,walk_forward_validation,5,23,VIC|STB|TCB|VRE|CTG,0.6,0.391304347826087,1.5333333333333332
2021-11-04,2021,walk_forward_validation,8,23,VIC|STB|TCB|VRE|CTG|MBB|MSN|GAS,0.5,0.391304347826087,1.2777777777777777
2021-11-04,2021,walk_forward_validation,10,23,VIC|STB|TCB|VRE|CTG|MBB|MSN|GAS|BID|HDB,0.5,0.391304347826087,1.2777777777777777
2021-11-05,2021,walk_forward_validation,2,23,VIC|BID,0.5,0.391304347826087,1.2777777777777777
2021-11-05,2021,walk_forward_validation,3,23,VIC|BID|STB,0.6666666666666666,0.391304347826087,1.7037037037037035
2021-11-05,2021,walk_forward_validation,5,23,VIC|BID|STB|MWG|CTG,0.8,0.391304347826087,2.0444444444444443
2021-11-05,2021,walk_forward_validation,8,23,VIC|BID|STB|MWG|CTG|VRE|MSN|TCB,0.625,0.391304347826087,1.597222222222222
2021-11-05,2021,walk_forward_validation,10,23,VIC|BID|STB|MWG|CTG|VRE|MSN|TCB|MBB|VHM,0.5,0.391304347826087,1.2777777777777777
2021-11-08,2021,walk_forward_validation,2,23,STB|BID,0.5,0.5217391304347826,0.9583333333333334
2021-11-08,2021,walk_forward_validation,3,23,STB|BID|VIC,0.6666666666666666,0.5217391304347826,1.2777777777777777
2021-11-08,2021,walk_forward_validation,5,23,STB|BID|VIC|CTG|MSN,0.8,0.5217391304347826,1.5333333333333334
2021-11-08,2021,walk_forward_validation,8,23,STB|BID|VIC|CTG|MSN|POW|VRE|MWG,0.75,0.5217391304347826,1.4375
2021-11-08,2021,walk_forward_validation,10,23,STB|BID|VIC|CTG|MSN|POW|VRE|MWG|GAS|HDB,0.7,0.5217391304347826,1.3416666666666666
2021-11-09,2021,walk_forward_validation,2,23,CTG|VIC,1.0,0.4782608695652174,2.090909090909091
2021-11-09,2021,walk_forward_validation,3,23,CTG|VIC|MSN,1.0,0.4782608695652174,2.090909090909091
2021-11-09,2021,walk_forward_validation,5,23,CTG|VIC|MSN|STB|BID,1.0,0.4782608695652174,2.090909090909091
2021-11-09,2021,walk_forward_validation,8,23,CTG|VIC|MSN|STB|BID|MBB|VHM|VCB,0.75,0.4782608695652174,1.5681818181818181
2021-11-09,2021,walk_forward_validation,10,23,CTG|VIC|MSN|STB|BID|MBB|VHM|VCB|SSI|BVH,0.7,0.4782608695652174,1.4636363636363634
2021-11-10,2021,walk_forward_validation,2,23,VIC|STB,1.0,0.4782608695652174,2.090909090909091
2021-11-10,2021,walk_forward_validation,3,23,VIC|STB|MSN,1.0,0.4782608695652174,2.090909090909091
2021-11-10,2021,walk_forward_validation,5,23,VIC|STB|MSN|MBB|CTG,1.0,0.4782608695652174,2.090909090909091
2021-11-10,2021,walk_forward_validation,8,23,VIC|STB|MSN|MBB|CTG|BID|TCB|BVH,0.75,0.4782608695652174,1.5681818181818181
2021-11-10,2021,walk_forward_validation,10,23,VIC|STB|MSN|MBB|CTG|BID|TCB|BVH|SSI|VRE,0.7,0.4782608695652174,1.4636363636363634
2021-11-11,2021,walk_forward_validation,2,23,STB|VIC,1.0,0.5217391304347826,1.9166666666666667
2021-11-11,2021,walk_forward_validation,3,23,STB|VIC|MSN,1.0,0.5217391304347826,1.9166666666666667
2021-11-11,2021,walk_forward_validation,5,23,STB|VIC|MSN|BID|CTG,1.0,0.5217391304347826,1.9166666666666667
2021-11-11,2021,walk_forward_validation,8,23,STB|VIC|MSN|BID|CTG|SSI|HPG|MWG,0.75,0.5217391304347826,1.4375
2021-11-11,2021,walk_forward_validation,10,23,STB|VIC|MSN|BID|CTG|SSI|HPG|MWG|VHM|MBB,0.7,0.5217391304347826,1.3416666666666666
2021-11-12,2021,walk_forward_validation,2,23,MSN|STB,1.0,0.43478260869565216,2.3000000000000003
2021-11-12,2021,walk_forward_validation,3,23,MSN|STB|CTG,1.0,0.43478260869565216,2.3000000000000003
2021-11-12,2021,walk_forward_validation,5,23,MSN|STB|CTG|VIC|BID,1.0,0.43478260869565216,2.3000000000000003
2021-11-12,2021,walk_forward_validation,8,23,MSN|STB|CTG|VIC|BID|MWG|BVH|MBB,0.625,0.43478260869565216,1.4375
2021-11-12,2021,walk_forward_validation,10,23,MSN|STB|CTG|VIC|BID|MWG|BVH|MBB|GAS|PLX,0.5,0.43478260869565216,1.1500000000000001
2021-11-15,2021,walk_forward_validation,2,23,VIC|MSN,1.0,0.43478260869565216,2.3000000000000003
2021-11-15,2021,walk_forward_validation,3,23,VIC|MSN|MWG,0.6666666666666666,0.43478260869565216,1.5333333333333332
2021-11-15,2021,walk_forward_validation,5,23,VIC|MSN|MWG|HPG|STB,0.6,0.43478260869565216,1.38
2021-11-15,2021,walk_forward_validation,8,23,VIC|MSN|MWG|HPG|STB|CTG|MBB|GAS,0.5,0.43478260869565216,1.1500000000000001
2021-11-15,2021,walk_forward_validation,10,23,VIC|MSN|MWG|HPG|STB|CTG|MBB|GAS|BID|TCB,0.5,0.43478260869565216,1.1500000000000001
2021-11-16,2021,walk_forward_validation,2,23,MSN|HPG,0.5,0.34782608695652173,1.4375
2021-11-16,2021,walk_forward_validation,3,23,MSN|HPG|STB,0.3333333333333333,0.34782608695652173,0.9583333333333333
2021-11-16,2021,walk_forward_validation,5,23,MSN|HPG|STB|GAS|SSI,0.4,0.34782608695652173,1.1500000000000001
2021-11-16,2021,walk_forward_validation,8,23,MSN|HPG|STB|GAS|SSI|MBB|VIC|MWG,0.375,0.34782608695652173,1.078125
2021-11-16,2021,walk_forward_validation,10,23,MSN|HPG|STB|GAS|SSI|MBB|VIC|MWG|CTG|HDB,0.5,0.34782608695652173,1.4375
2021-11-17,2021,walk_forward_validation,2,23,HPG|VIC,0.5,0.391304347826087,1.2777777777777777
2021-11-17,2021,walk_forward_validation,3,23,HPG|VIC|SSI,0.6666666666666666,0.391304347826087,1.7037037037037035
2021-11-17,2021,walk_forward_validation,5,23,HPG|VIC|SSI|MSN|CTG,0.8,0.391304347826087,2.0444444444444443
2021-11-17,2021,walk_forward_validation,8,23,HPG|VIC|SSI|MSN|CTG|GAS|STB|VHM,0.625,0.391304347826087,1.597222222222222
2021-11-17,2021,walk_forward_validation,10,23,HPG|VIC|SSI|MSN|CTG|GAS|STB|VHM|BID|MWG,0.6,0.391304347826087,1.5333333333333332
2021-11-18,2021,walk_forward_validation,2,23,HPG|MSN,0.5,0.391304347826087,1.2777777777777777
2021-11-18,2021,walk_forward_validation,3,23,HPG|MSN|GAS,0.3333333333333333,0.391304347826087,0.8518518518518517
2021-11-18,2021,walk_forward_validation,5,23,HPG|MSN|GAS|VIC|CTG,0.6,0.391304347826087,1.5333333333333332
2021-11-18,2021,walk_forward_validation,8,23,HPG|MSN|GAS|VIC|CTG|MWG|VHM|STB,0.5,0.391304347826087,1.2777777777777777
2021-11-18,2021,walk_forward_validation,10,23,HPG|MSN|GAS|VIC|CTG|MWG|VHM|STB|VRE|BID,0.5,0.391304347826087,1.2777777777777777
2021-11-19,2021,walk_forward_validation,2,23,HPG|GAS,0.0,0.2608695652173913,0.0
2021-11-19,2021,walk_forward_validation,3,23,HPG|GAS|MSN,0.3333333333333333,0.2608695652173913,1.2777777777777777
2021-11-19,2021,walk_forward_validation,5,23,HPG|GAS|MSN|CTG|VHM,0.6,0.2608695652173913,2.3
2021-11-19,2021,walk_forward_validation,8,23,HPG|GAS|MSN|CTG|VHM|BVH|VIC|STB,0.5,0.2608695652173913,1.9166666666666667
2021-11-19,2021,walk_forward_validation,10,23,HPG|GAS|MSN|CTG|VHM|BVH|VIC|STB|MWG|BID,0.4,0.2608695652173913,1.5333333333333334
2021-11-22,2021,walk_forward_validation,2,23,GAS|HPG,0.0,0.2608695652173913,0.0
2021-11-22,2021,walk_forward_validation,3,23,GAS|HPG|MSN,0.3333333333333333,0.2608695652173913,1.2777777777777777
2021-11-22,2021,walk_forward_validation,5,23,GAS|HPG|MSN|BVH|MWG,0.2,0.2608695652173913,0.7666666666666667
2021-11-22,2021,walk_forward_validation,8,23,GAS|HPG|MSN|BVH|MWG|VHM|PLX|VCB,0.25,0.2608695652173913,0.9583333333333334
2021-11-22,2021,walk_forward_validation,10,23,GAS|HPG|MSN|BVH|MWG|VHM|PLX|VCB|VIC|VRE,0.4,0.2608695652173913,1.5333333333333334
2021-11-23,2021,walk_forward_validation,2,23,GAS|HPG,0.0,0.21739130434782608,0.0
2021-11-23,2021,walk_forward_validation,3,23,GAS|HPG|MSN,0.3333333333333333,0.21739130434782608,1.5333333333333332
2021-11-23,2021,walk_forward_validation,5,23,GAS|HPG|MSN|BVH|VHM,0.4,0.21739130434782608,1.84
2021-11-23,2021,walk_forward_validation,8,23,GAS|HPG|MSN|BVH|VHM|VRE|MWG|MBB,0.375,0.21739130434782608,1.725
2021-11-23,2021,walk_forward_validation,10,23,GAS|HPG|MSN|BVH|VHM|VRE|MWG|MBB|VCB|VIC,0.4,0.21739130434782608,1.84
2021-11-24,2021,walk_forward_validation,2,23,GAS|HPG,0.0,0.21739130434782608,0.0
2021-11-24,2021,walk_forward_validation,3,23,GAS|HPG|MSN,0.3333333333333333,0.21739130434782608,1.5333333333333332
2021-11-24,2021,walk_forward_validation,5,23,GAS|HPG|MSN|VHM|MWG,0.4,0.21739130434782608,1.84
2021-11-24,2021,walk_forward_validation,8,23,GAS|HPG|MSN|VHM|MWG|VRE|FPT|VIC,0.5,0.21739130434782608,2.3000000000000003
2021-11-24,2021,walk_forward_validation,10,23,GAS|HPG|MSN|VHM|MWG|VRE|FPT|VIC|VCB|BVH,0.4,0.21739130434782608,1.84
2021-11-25,2021,walk_forward_validation,2,23,GAS|HPG,0.0,0.21739130434782608,0.0
2021-11-25,2021,walk_forward_validation,3,23,GAS|HPG|MSN,0.3333333333333333,0.21739130434782608,1.5333333333333332
2021-11-25,2021,walk_forward_validation,5,23,GAS|HPG|MSN|VHM|VRE,0.6,0.21739130434782608,2.76
2021-11-25,2021,walk_forward_validation,8,23,GAS|HPG|MSN|VHM|VRE|VCB|MWG|MBB,0.375,0.21739130434782608,1.725
2021-11-25,2021,walk_forward_validation,10,23,GAS|HPG|MSN|VHM|VRE|VCB|MWG|MBB|BVH|FPT,0.3,0.21739130434782608,1.38
2021-11-26,2021,walk_forward_validation,2,23,GAS|HPG,0.0,0.17391304347826086,0.0
2021-11-26,2021,walk_forward_validation,3,23,GAS|HPG|VHM,0.3333333333333333,0.17391304347826086,1.9166666666666665
2021-11-26,2021,walk_forward_validation,5,23,GAS|HPG|VHM|MSN|VRE,0.6,0.17391304347826086,3.45
2021-11-26,2021,walk_forward_validation,8,23,GAS|HPG|VHM|MSN|VRE|VCB|MWG|MBB,0.375,0.17391304347826086,2.15625
2021-11-26,2021,walk_forward_validation,10,23,GAS|HPG|VHM|MSN|VRE|VCB|MWG|MBB|CTG|BVH,0.3,0.17391304347826086,1.725
2021-11-29,2021,walk_forward_validation,2,23,GAS|MSN,0.5,0.17391304347826086,2.875
2021-11-29,2021,walk_forward_validation,3,23,GAS|MSN|HPG,0.3333333333333333,0.17391304347826086,1.9166666666666665
2021-11-29,2021,walk_forward_validation,5,23,GAS|MSN|HPG|MWG|VHM,0.2,0.17391304347826086,1.1500000000000001
2021-11-29,2021,walk_forward_validation,8,23,GAS|MSN|HPG|MWG|VHM|MBB|STB|CTG,0.125,0.17391304347826086,0.71875
2021-11-29,2021,walk_forward_validation,10,23,GAS|MSN|HPG|MWG|VHM|MBB|STB|CTG|VCB|VRE,0.3,0.17391304347826086,1.725
2021-11-30,2021,walk_forward_validation,2,23,GAS|MSN,0.5,0.30434782608695654,1.6428571428571428
2021-11-30,2021,walk_forward_validation,3,23,GAS|MSN|VHM,0.3333333333333333,0.30434782608695654,1.0952380952380951
2021-11-30,2021,walk_forward_validation,5,23,GAS|MSN|VHM|VCB|STB,0.6,0.30434782608695654,1.9714285714285713
2021-11-30,2021,walk_forward_validation,8,23,GAS|MSN|VHM|VCB|STB|MBB|HPG|FPT,0.375,0.30434782608695654,1.232142857142857
2021-11-30,2021,walk_forward_validation,10,23,GAS|MSN|VHM|VCB|STB|MBB|HPG|FPT|BVH|TCB,0.3,0.30434782608695654,0.9857142857142857
2021-12-01,2021,walk_forward_validation,2,23,GAS|MSN,0.5,0.30434782608695654,1.6428571428571428
2021-12-01,2021,walk_forward_validation,3,23,GAS|MSN|VHM,0.3333333333333333,0.30434782608695654,1.0952380952380951
2021-12-01,2021,walk_forward_validation,5,23,GAS|MSN|VHM|MWG|HPG,0.2,0.30434782608695654,0.6571428571428571
2021-12-01,2021,walk_forward_validation,8,23,GAS|MSN|VHM|MWG|HPG|VRE|CTG|BVH,0.375,0.30434782608695654,1.232142857142857
2021-12-01,2021,walk_forward_validation,10,23,GAS|MSN|VHM|MWG|HPG|VRE|CTG|BVH|VCB|MBB,0.4,0.30434782608695654,1.3142857142857143
2021-12-02,2021,walk_forward_validation,2,23,GAS|MSN,0.5,0.34782608695652173,1.4375
2021-12-02,2021,walk_forward_validation,3,23,GAS|MSN|HPG,0.3333333333333333,0.34782608695652173,0.9583333333333333
2021-12-02,2021,walk_forward_validation,5,23,GAS|MSN|HPG|VCB|VHM,0.4,0.34782608695652173,1.1500000000000001
2021-12-02,2021,walk_forward_validation,8,23,GAS|MSN|HPG|VCB|VHM|STB|MBB|CTG,0.5,0.34782608695652173,1.4375
2021-12-02,2021,walk_forward_validation,10,23,GAS|MSN|HPG|VCB|VHM|STB|MBB|CTG|FPT|VRE,0.5,0.34782608695652173,1.4375
2021-12-03,2021,walk_forward_validation,2,23,GAS|STB,0.5,0.34782608695652173,1.4375
2021-12-03,2021,walk_forward_validation,3,23,GAS|STB|MSN,0.6666666666666666,0.34782608695652173,1.9166666666666665
2021-12-03,2021,walk_forward_validation,5,23,GAS|STB|MSN|BVH|VRE,0.6,0.34782608695652173,1.725
2021-12-03,2021,walk_forward_validation,8,23,GAS|STB|MSN|BVH|VRE|HPG|VHM|SSI,0.375,0.34782608695652173,1.078125
2021-12-03,2021,walk_forward_validation,10,23,GAS|STB|MSN|BVH|VRE|HPG|VHM|SSI|MBB|VPB,0.3,0.34782608695652173,0.8625
2022-01-04,2022,walk_forward_validation,2,23,PLX|GAS,1.0,0.6086956521739131,1.6428571428571428
2022-01-04,2022,walk_forward_validation,3,23,PLX|GAS|MBB,1.0,0.6086956521739131,1.6428571428571428
2022-01-04,2022,walk_forward_validation,5,23,PLX|GAS|MBB|MSN|MWG,0.8,0.6086956521739131,1.3142857142857143
2022-01-04,2022,walk_forward_validation,8,23,PLX|GAS|MBB|MSN|MWG|CTG|BID|STB,0.875,0.6086956521739131,1.4375
2022-01-04,2022,walk_forward_validation,10,23,PLX|GAS|MBB|MSN|MWG|CTG|BID|STB|VCB|VHM,0.8,0.6086956521739131,1.3142857142857143
2022-01-05,2022,walk_forward_validation,2,23,GAS|PLX,1.0,0.6086956521739131,1.6428571428571428
2022-01-05,2022,walk_forward_validation,3,23,GAS|PLX|STB,1.0,0.6086956521739131,1.6428571428571428
2022-01-05,2022,walk_forward_validation,5,23,GAS|PLX|STB|CTG|MWG,1.0,0.6086956521739131,1.6428571428571428
2022-01-05,2022,walk_forward_validation,8,23,GAS|PLX|STB|CTG|MWG|MBB|VRE|VHM,0.875,0.6086956521739131,1.4375
2022-01-05,2022,walk_forward_validation,10,23,GAS|PLX|STB|CTG|MWG|MBB|VRE|VHM|SAB|BID,0.8,0.6086956521739131,1.3142857142857143
2022-01-06,2022,walk_forward_validation,2,23,GAS|PLX,1.0,0.6521739130434783,1.5333333333333332
2022-01-06,2022,walk_forward_validation,3,23,GAS|PLX|STB,1.0,0.6521739130434783,1.5333333333333332
2022-01-06,2022,walk_forward_validation,5,23,GAS|PLX|STB|VHM|VCB,0.8,0.6521739130434783,1.2266666666666668
2022-01-06,2022,walk_forward_validation,8,23,GAS|PLX|STB|VHM|VCB|CTG|MWG|BID,0.875,0.6521739130434783,1.3416666666666666
2022-01-06,2022,walk_forward_validation,10,23,GAS|PLX|STB|VHM|VCB|CTG|MWG|BID|MBB|SSI,0.8,0.6521739130434783,1.2266666666666668
2022-01-07,2022,walk_forward_validation,2,23,GAS|PLX,1.0,0.6956521739130435,1.4375
2022-01-07,2022,walk_forward_validation,3,23,GAS|PLX|STB,1.0,0.6956521739130435,1.4375
2022-01-07,2022,walk_forward_validation,5,23,GAS|PLX|STB|VHM|VCB,0.8,0.6956521739130435,1.1500000000000001
2022-01-07,2022,walk_forward_validation,8,23,GAS|PLX|STB|VHM|VCB|MBB|VRE|SSI,0.75,0.6956521739130435,1.078125
2022-01-07,2022,walk_forward_validation,10,23,GAS|PLX|STB|VHM|VCB|MBB|VRE|SSI|BID|MWG,0.8,0.6956521739130435,1.1500000000000001
2022-01-10,2022,walk_forward_validation,2,23,GAS|STB,1.0,0.7391304347826086,1.3529411764705883
2022-01-10,2022,walk_forward_validation,3,23,GAS|STB|PLX,1.0,0.7391304347826086,1.3529411764705883
2022-01-10,2022,walk_forward_validation,5,23,GAS|STB|PLX|BID|SSI,0.8,0.7391304347826086,1.0823529411764707
2022-01-10,2022,walk_forward_validation,8,23,GAS|STB|PLX|BID|SSI|VHM|VCB|MBB,0.75,0.7391304347826086,1.0147058823529413
2022-01-10,2022,walk_forward_validation,10,23,GAS|STB|PLX|BID|SSI|VHM|VCB|MBB|POW|SAB,0.7,0.7391304347826086,0.9470588235294117
2022-01-11,2022,walk_forward_validation,2,23,GAS|PLX,1.0,0.7391304347826086,1.3529411764705883
2022-01-11,2022,walk_forward_validation,3,23,GAS|PLX|SSI,0.6666666666666666,0.7391304347826086,0.9019607843137255
2022-01-11,2022,walk_forward_validation,5,23,GAS|PLX|SSI|STB|VCB,0.8,0.7391304347826086,1.0823529411764707
2022-01-11,2022,walk_forward_validation,8,23,GAS|PLX|SSI|STB|VCB|POW|BID|VHM,0.625,0.7391304347826086,0.8455882352941178
2022-01-11,2022,walk_forward_validation,10,23,GAS|PLX|SSI|STB|VCB|POW|BID|VHM|MBB|VRE,0.6,0.7391304347826086,0.8117647058823529
2022-01-12,2022,walk_forward_validation,2,23,GAS|VCB,1.0,0.6521739130434783,1.5333333333333332
2022-01-12,2022,walk_forward_validation,3,23,GAS|VCB|MBB,1.0,0.6521739130434783,1.5333333333333332
2022-01-12,2022,walk_forward_validation,5,23,GAS|VCB|MBB|PLX|POW,1.0,0.6521739130434783,1.5333333333333332
2022-01-12,2022,walk_forward_validation,8,23,GAS|VCB|MBB|PLX|POW|SSI|CTG|TCB,0.875,0.6521739130434783,1.3416666666666666
2022-01-12,2022,walk_forward_validation,10,23,GAS|VCB|MBB|PLX|POW|SSI|CTG|TCB|SAB|MWG,0.8,0.6521739130434783,1.2266666666666668
2022-01-13,2022,walk_forward_validation,2,23,GAS|VRE,1.0,0.5652173913043478,1.7692307692307694
2022-01-13,2022,walk_forward_validation,3,23,GAS|VRE|VCB,1.0,0.5652173913043478,1.7692307692307694
2022-01-13,2022,walk_forward_validation,5,23,GAS|VRE|VCB|PLX|SSI,0.8,0.5652173913043478,1.4153846153846155
2022-01-13,2022,walk_forward_validation,8,23,GAS|VRE|VCB|PLX|SSI|POW|STB|HDB,0.625,0.5652173913043478,1.1057692307692308
2022-01-13,2022,walk_forward_validation,10,23,GAS|VRE|VCB|PLX|SSI|POW|STB|HDB|MWG|TCB,0.6,0.5652173913043478,1.0615384615384615
2022-01-14,2022,walk_forward_validation,2,23,GAS|PLX,1.0,0.6086956521739131,1.6428571428571428
2022-01-14,2022,walk_forward_validation,3,23,GAS|PLX|MBB,1.0,0.6086956521739131,1.6428571428571428
2022-01-14,2022,walk_forward_validation,5,23,GAS|PLX|MBB|VCB|POW,1.0,0.6086956521739131,1.6428571428571428
2022-01-14,2022,walk_forward_validation,8,23,GAS|PLX|MBB|VCB|POW|SSI|STB|VRE,0.625,0.6086956521739131,1.0267857142857142
2022-01-14,2022,walk_forward_validation,10,23,GAS|PLX|MBB|VCB|POW|SSI|STB|VRE|CTG|MWG,0.5,0.6086956521739131,0.8214285714285714
2022-01-17,2022,walk_forward_validation,2,23,SSI|GAS,0.5,0.5652173913043478,0.8846153846153847
2022-01-17,2022,walk_forward_validation,3,23,SSI|GAS|VRE,0.6666666666666666,0.5652173913043478,1.1794871794871795
2022-01-17,2022,walk_forward_validation,5,23,SSI|GAS|VRE|PLX|STB,0.6,0.5652173913043478,1.0615384615384615
2022-01-17,2022,walk_forward_validation,8,23,SSI|GAS|VRE|PLX|STB|HDB|POW|MBB,0.625,0.5652173913043478,1.1057692307692308
2022-01-17,2022,walk_forward_validation,10,23,SSI|GAS|VRE|PLX|STB|HDB|POW|MBB|CTG|SAB,0.6,0.5652173913043478,1.0615384615384615
2022-01-18,2022,walk_forward_validation,2,23,SSI|POW,1.0,0.6521739130434783,1.5333333333333332
2022-01-18,2022,walk_forward_validation,3,23,SSI|POW|GAS,1.0,0.6521739130434783,1.5333333333333332
2022-01-18,2022,walk_forward_validation,5,23,SSI|POW|GAS|VRE|PLX,1.0,0.6521739130434783,1.5333333333333332
2022-01-18,2022,walk_forward_validation,8,23,SSI|POW|GAS|VRE|PLX|MBB|STB|VCB,0.75,0.6521739130434783,1.15
2022-01-18,2022,walk_forward_validation,10,23,SSI|POW|GAS|VRE|PLX|MBB|STB|VCB|VHM|HDB,0.6,0.6521739130434783,0.9199999999999999
2022-01-19,2022,walk_forward_validation,2,23,SSI|GAS,0.5,0.5652173913043478,0.8846153846153847
2022-01-19,2022,walk_forward_validation,3,23,SSI|GAS|PLX,0.6666666666666666,0.5652173913043478,1.1794871794871795
2022-01-19,2022,walk_forward_validation,5,23,SSI|GAS|PLX|MBB|STB,0.6,0.5652173913043478,1.0615384615384615
2022-01-19,2022,walk_forward_validation,8,23,SSI|GAS|PLX|MBB|STB|VRE|POW|MWG,0.625,0.5652173913043478,1.1057692307692308
2022-01-19,2022,walk_forward_validation,10,23,SSI|GAS|PLX|MBB|STB|VRE|POW|MWG|HDB|VCB,0.5,0.5652173913043478,0.8846153846153847
2022-01-20,2022,walk_forward_validation,2,23,SSI|POW,0.5,0.5652173913043478,0.8846153846153847
2022-01-20,2022,walk_forward_validation,3,23,SSI|POW|GAS,0.6666666666666666,0.5652173913043478,1.1794871794871795
2022-01-20,2022,walk_forward_validation,5,23,SSI|POW|GAS|VRE|MBB,0.6,0.5652173913043478,1.0615384615384615
2022-01-20,2022,walk_forward_validation,8,23,SSI|POW|GAS|VRE|MBB|PLX|HDB|MWG,0.625,0.5652173913043478,1.1057692307692308
2022-01-20,2022,walk_forward_validation,10,23,SSI|POW|GAS|VRE|MBB|PLX|HDB|MWG|STB|VCB,0.5,0.5652173913043478,0.8846153846153847
2022-01-21,2022,walk_forward_validation,2,23,SSI|POW,1.0,0.6521739130434783,1.5333333333333332
2022-01-21,2022,walk_forward_validation,3,23,SSI|POW|PLX,1.0,0.6521739130434783,1.5333333333333332
2022-01-21,2022,walk_forward_validation,5,23,SSI|POW|PLX|GAS|VRE,1.0,0.6521739130434783,1.5333333333333332
2022-01-21,2022,walk_forward_validation,8,23,SSI|POW|PLX|GAS|VRE|STB|TCB|MWG,0.875,0.6521739130434783,1.3416666666666666
2022-01-21,2022,walk_forward_validation,10,23,SSI|POW|PLX|GAS|VRE|STB|TCB|MWG|HDB|VHM,0.7,0.6521739130434783,1.0733333333333333
2022-01-24,2022,walk_forward_validation,2,23,SSI|POW,1.0,0.6086956521739131,1.6428571428571428
2022-01-24,2022,walk_forward_validation,3,23,SSI|POW|VRE,1.0,0.6086956521739131,1.6428571428571428
2022-01-24,2022,walk_forward_validation,5,23,SSI|POW|VRE|PLX|TCB,0.8,0.6086956521739131,1.3142857142857143
2022-01-24,2022,walk_forward_validation,8,23,SSI|POW|VRE|PLX|TCB|STB|GAS|HPG,0.75,0.6086956521739131,1.232142857142857
2022-01-24,2022,walk_forward_validation,10,23,SSI|POW|VRE|PLX|TCB|STB|GAS|HPG|HDB|VHM,0.6,0.6086956521739131,0.9857142857142857
2022-01-25,2022,walk_forward_validation,2,23,SSI|POW,1.0,0.5652173913043478,1.7692307692307694
2022-01-25,2022,walk_forward_validation,3,23,SSI|POW|PLX,1.0,0.5652173913043478,1.7692307692307694
2022-01-25,2022,walk_forward_validation,5,23,SSI|POW|PLX|VRE|TCB,0.6,0.5652173913043478,1.0615384615384615
2022-01-25,2022,walk_forward_validation,8,23,SSI|POW|PLX|VRE|TCB|GAS|VHM|MBB,0.625,0.5652173913043478,1.1057692307692308
2022-01-25,2022,walk_forward_validation,10,23,SSI|POW|PLX|VRE|TCB|GAS|VHM|MBB|HPG|HDB,0.6,0.5652173913043478,1.0615384615384615
2022-01-26,2022,walk_forward_validation,2,23,SSI|POW,1.0,0.5217391304347826,1.9166666666666667
2022-01-26,2022,walk_forward_validation,3,23,SSI|POW|VRE,0.6666666666666666,0.5217391304347826,1.2777777777777777
2022-01-26,2022,walk_forward_validation,5,23,SSI|POW|VRE|TCB|HDB,0.4,0.5217391304347826,0.7666666666666667
2022-01-26,2022,walk_forward_validation,8,23,SSI|POW|VRE|TCB|HDB|STB|VHM|GAS,0.375,0.5217391304347826,0.71875
2022-01-26,2022,walk_forward_validation,10,23,SSI|POW|VRE|TCB|HDB|STB|VHM|GAS|PLX|VPB,0.5,0.5217391304347826,0.9583333333333334
2022-01-27,2022,walk_forward_validation,2,23,SSI|POW,1.0,0.5217391304347826,1.9166666666666667
2022-01-27,2022,walk_forward_validation,3,23,SSI|POW|PLX,1.0,0.5217391304347826,1.9166666666666667
2022-01-27,2022,walk_forward_validation,5,23,SSI|POW|PLX|VRE|GAS,0.8,0.5217391304347826,1.5333333333333334
2022-01-27,2022,walk_forward_validation,8,23,SSI|POW|PLX|VRE|GAS|VPB|STB|HDB,0.625,0.5217391304347826,1.1979166666666667
2022-01-27,2022,walk_forward_validation,10,23,SSI|POW|PLX|VRE|GAS|VPB|STB|HDB|HPG|MBB,0.6,0.5217391304347826,1.15
2022-01-28,2022,walk_forward_validation,2,23,SSI|POW,1.0,0.5217391304347826,1.9166666666666667
2022-01-28,2022,walk_forward_validation,3,23,SSI|POW|VRE,0.6666666666666666,0.5217391304347826,1.2777777777777777
2022-01-28,2022,walk_forward_validation,5,23,SSI|POW|VRE|PLX|STB,0.6,0.5217391304347826,1.15
2022-01-28,2022,walk_forward_validation,8,23,SSI|POW|VRE|PLX|STB|TCB|MBB|GAS,0.5,0.5217391304347826,0.9583333333333334
2022-01-28,2022,walk_forward_validation,10,23,SSI|POW|VRE|PLX|STB|TCB|MBB|GAS|HDB|VPB,0.5,0.5217391304347826,0.9583333333333334
2022-02-07,2022,walk_forward_validation,2,23,POW|SSI,0.5,0.4782608695652174,1.0454545454545454
2022-02-07,2022,walk_forward_validation,3,23,POW|SSI|TCB,0.3333333333333333,0.4782608695652174,0.6969696969696969
2022-02-07,2022,walk_forward_validation,5,23,POW|SSI|TCB|PLX|STB,0.4,0.4782608695652174,0.8363636363636364
2022-02-07,2022,walk_forward_validation,8,23,POW|SSI|TCB|PLX|STB|HDB|MBB|VRE,0.25,0.4782608695652174,0.5227272727272727
2022-02-07,2022,walk_forward_validation,10,23,POW|SSI|TCB|PLX|STB|HDB|MBB|VRE|BVH|CTG,0.3,0.4782608695652174,0.6272727272727272
2022-02-08,2022,walk_forward_validation,2,23,POW|SSI,0.5,0.4782608695652174,1.0454545454545454
2022-02-08,2022,walk_forward_validation,3,23,POW|SSI|TCB,0.3333333333333333,0.4782608695652174,0.6969696969696969
2022-02-08,2022,walk_forward_validation,5,23,POW|SSI|TCB|PLX|STB,0.4,0.4782608695652174,0.8363636363636364
2022-02-08,2022,walk_forward_validation,8,23,POW|SSI|TCB|PLX|STB|MBB|VRE|HDB,0.25,0.4782608695652174,0.5227272727272727
2022-02-08,2022,walk_forward_validation,10,23,POW|SSI|TCB|PLX|STB|MBB|VRE|HDB|GAS|MWG,0.4,0.4782608695652174,0.8363636363636364
2022-02-09,2022,walk_forward_validation,2,23,VRE|STB,0.0,0.43478260869565216,0.0
2022-02-09,2022,walk_forward_validation,3,23,VRE|STB|PLX,0.3333333333333333,0.43478260869565216,0.7666666666666666
2022-02-09,2022,walk_forward_validation,5,23,VRE|STB|PLX|SSI|POW,0.4,0.43478260869565216,0.92
2022-02-09,2022,walk_forward_validation,8,23,VRE|STB|PLX|SSI|POW|TCB|GAS|HDB,0.375,0.43478260869565216,0.8625
2022-02-09,2022,walk_forward_validation,10,23,VRE|STB|PLX|SSI|POW|TCB|GAS|HDB|MBB|MWG,0.3,0.43478260869565216,0.69
2022-02-10,2022,walk_forward_validation,2,23,VRE|PLX,0.5,0.43478260869565216,1.1500000000000001
2022-02-10,2022,walk_forward_validation,3,23,VRE|PLX|SSI,0.6666666666666666,0.43478260869565216,1.5333333333333332
2022-02-10,2022,walk_forward_validation,5,23,VRE|PLX|SSI|STB|POW,0.4,0.43478260869565216,0.92
2022-02-10,2022,walk_forward_validation,8,23,VRE|PLX|SSI|STB|POW|TCB|HDB|MBB,0.25,0.43478260869565216,0.5750000000000001
2022-02-10,2022,walk_forward_validation,10,23,VRE|PLX|SSI|STB|POW|TCB|HDB|MBB|GAS|VHM,0.3,0.43478260869565216,0.69
2022-02-11,2022,walk_forward_validation,2,23,VRE|POW,0.0,0.34782608695652173,0.0
2022-02-11,2022,walk_forward_validation,3,23,VRE|POW|TCB,0.0,0.34782608695652173,0.0
2022-02-11,2022,walk_forward_validation,5,23,VRE|POW|TCB|SSI|STB,0.2,0.34782608695652173,0.5750000000000001
2022-02-11,2022,walk_forward_validation,8,23,VRE|POW|TCB|SSI|STB|PLX|HDB|MBB,0.125,0.34782608695652173,0.359375
2022-02-11,2022,walk_forward_validation,10,23,VRE|POW|TCB|SSI|STB|PLX|HDB|MBB|VPB|CTG,0.2,0.34782608695652173,0.5750000000000001
2022-02-14,2022,walk_forward_validation,2,23,POW|VRE,0.0,0.391304347826087,0.0
2022-02-14,2022,walk_forward_validation,3,23,POW|VRE|STB,0.3333333333333333,0.391304347826087,0.8518518518518517
2022-02-14,2022,walk_forward_validation,5,23,POW|VRE|STB|SSI|PLX,0.4,0.391304347826087,1.0222222222222221
2022-02-14,2022,walk_forward_validation,8,23,POW|VRE|STB|SSI|PLX|MBB|TCB|HDB,0.375,0.391304347826087,0.9583333333333333
2022-02-14,2022,walk_forward_validation,10,23,POW|VRE|STB|SSI|PLX|MBB|TCB|HDB|VPB|GAS,0.4,0.391304347826087,1.0222222222222221
2022-02-15,2022,walk_forward_validation,2,23,POW|VRE,0.0,0.34782608695652173,0.0
2022-02-15,2022,walk_forward_validation,3,23,POW|VRE|STB,0.3333333333333333,0.34782608695652173,0.9583333333333333
2022-02-15,2022,walk_forward_validation,5,23,POW|VRE|STB|GAS|PLX,0.2,0.34782608695652173,0.5750000000000001
2022-02-15,2022,walk_forward_validation,8,23,POW|VRE|STB|GAS|PLX|SSI|MBB|TCB,0.25,0.34782608695652173,0.71875
2022-02-15,2022,walk_forward_validation,10,23,POW|VRE|STB|GAS|PLX|SSI|MBB|TCB|HPG|VPB,0.4,0.34782608695652173,1.1500000000000001
2022-02-16,2022,walk_forward_validation,2,23,POW|VRE,0.0,0.34782608695652173,0.0
2022-02-16,2022,walk_forward_validation,3,23,POW|VRE|STB,0.3333333333333333,0.34782608695652173,0.9583333333333333
2022-02-16,2022,walk_forward_validation,5,23,POW|VRE|STB|PLX|SSI,0.2,0.34782608695652173,0.5750000000000001
2022-02-16,2022,walk_forward_validation,8,23,POW|VRE|STB|PLX|SSI|GAS|TCB|HDB,0.125,0.34782608695652173,0.359375
2022-02-16,2022,walk_forward_validation,10,23,POW|VRE|STB|PLX|SSI|GAS|TCB|HDB|MBB|BID,0.2,0.34782608695652173,0.5750000000000001
2022-02-17,2022,walk_forward_validation,2,23,POW|VRE,0.0,0.34782608695652173,0.0
2022-02-17,2022,walk_forward_validation,3,23,POW|VRE|PLX,0.0,0.34782608695652173,0.0
2022-02-17,2022,walk_forward_validation,5,23,POW|VRE|PLX|STB|BVH,0.2,0.34782608695652173,0.5750000000000001
2022-02-17,2022,walk_forward_validation,8,23,POW|VRE|PLX|STB|BVH|GAS|TCB|SSI,0.25,0.34782608695652173,0.71875
2022-02-17,2022,walk_forward_validation,10,23,POW|VRE|PLX|STB|BVH|GAS|TCB|SSI|MBB|HPG,0.4,0.34782608695652173,1.1500000000000001
2022-02-18,2022,walk_forward_validation,2,23,POW|VRE,0.5,0.43478260869565216,1.1500000000000001
2022-02-18,2022,walk_forward_validation,3,23,POW|VRE|BVH,0.6666666666666666,0.43478260869565216,1.5333333333333332
2022-02-18,2022,walk_forward_validation,5,23,POW|VRE|BVH|PLX|STB,0.6,0.43478260869565216,1.38
2022-02-18,2022,walk_forward_validation,8,23,POW|VRE|BVH|PLX|STB|SSI|HPG|TCB,0.5,0.43478260869565216,1.1500000000000001
2022-02-18,2022,walk_forward_validation,10,23,POW|VRE|BVH|PLX|STB|SSI|HPG|TCB|VPB|MBB,0.6,0.43478260869565216,1.38
2022-02-21,2022,walk_forward_validation,2,23,POW|VRE,0.0,0.2608695652173913,0.0
2022-02-21,2022,walk_forward_validation,3,23,POW|VRE|PLX,0.0,0.2608695652173913,0.0
2022-02-21,2022,walk_forward_validation,5,23,POW|VRE|PLX|HDB|STB,0.2,0.2608695652173913,0.7666666666666667
2022-02-21,2022,walk_forward_validation,8,23,POW|VRE|PLX|HDB|STB|FPT|SSI|BVH,0.375,0.2608695652173913,1.4375
2022-02-21,2022,walk_forward_validation,10,23,POW|VRE|PLX|HDB|STB|FPT|SSI|BVH|MBB|VPB,0.4,0.2608695652173913,1.5333333333333334
2022-02-22,2022,walk_forward_validation,2,23,POW|VRE,0.0,0.2608695652173913,0.0
2022-02-22,2022,walk_forward_validation,3,23,POW|VRE|STB,0.3333333333333333,0.2608695652173913,1.2777777777777777
2022-02-22,2022,walk_forward_validation,5,23,POW|VRE|STB|SSI|BVH,0.4,0.2608695652173913,1.5333333333333334
2022-02-22,2022,walk_forward_validation,8,23,POW|VRE|STB|SSI|BVH|PLX|HDB|MBB,0.25,0.2608695652173913,0.9583333333333334
2022-02-22,2022,walk_forward_validation,10,23,POW|VRE|STB|SSI|BVH|PLX|HDB|MBB|VPB|MWG,0.3,0.2608695652173913,1.15
2022-02-23,2022,walk_forward_validation,2,23,VRE|POW,0.0,0.21739130434782608,0.0
2022-02-23,2022,walk_forward_validation,3,23,VRE|POW|PLX,0.0,0.21739130434782608,0.0
2022-02-23,2022,walk_forward_validation,5,23,VRE|POW|PLX|BVH|VPB,0.4,0.21739130434782608,1.84
2022-02-23,2022,walk_forward_validation,8,23,VRE|POW|PLX|BVH|VPB|MWG|STB|HDB,0.375,0.21739130434782608,1.725
2022-02-23,2022,walk_forward_validation,10,23,VRE|POW|PLX|BVH|VPB|MWG|STB|HDB|MBB|GAS,0.3,0.21739130434782608,1.38
2022-02-24,2022,walk_forward_validation,2,23,POW|VRE,0.0,0.17391304347826086,0.0
2022-02-24,2022,walk_forward_validation,3,23,POW|VRE|SSI,0.0,0.17391304347826086,0.0
2022-02-24,2022,walk_forward_validation,5,23,POW|VRE|SSI|STB|HDB,0.2,0.17391304347826086,1.1500000000000001
2022-02-24,2022,walk_forward_validation,8,23,POW|VRE|SSI|STB|HDB|PLX|GAS|VPB,0.125,0.17391304347826086,0.71875
2022-02-24,2022,walk_forward_validation,10,23,POW|VRE|SSI|STB|HDB|PLX|GAS|VPB|HPG|MWG,0.2,0.17391304347826086,1.1500000000000001
2022-02-25,2022,walk_forward_validation,2,23,POW|VRE,0.0,0.21739130434782608,0.0
2022-02-25,2022,walk_forward_validation,3,23,POW|VRE|STB,0.3333333333333333,0.21739130434782608,1.5333333333333332
2022-02-25,2022,walk_forward_validation,5,23,POW|VRE|STB|PLX|BVH,0.2,0.21739130434782608,0.92
2022-02-25,2022,walk_forward_validation,8,23,POW|VRE|STB|PLX|BVH|SSI|HDB|MBB,0.125,0.21739130434782608,0.5750000000000001
2022-02-25,2022,walk_forward_validation,10,23,POW|VRE|STB|PLX|BVH|SSI|HDB|MBB|GAS|MWG,0.2,0.21739130434782608,0.92
2022-02-28,2022,walk_forward_validation,2,23,POW|SSI,0.0,0.17391304347826086,0.0
2022-02-28,2022,walk_forward_validation,3,23,POW|SSI|VRE,0.0,0.17391304347826086,0.0
2022-02-28,2022,walk_forward_validation,5,23,POW|SSI|VRE|STB|HDB,0.0,0.17391304347826086,0.0
2022-02-28,2022,walk_forward_validation,8,23,POW|SSI|VRE|STB|HDB|VPB|MWG|BVH,0.125,0.17391304347826086,0.71875
2022-02-28,2022,walk_forward_validation,10,23,POW|SSI|VRE|STB|HDB|VPB|MWG|BVH|BID|VIC,0.2,0.17391304347826086,1.1500000000000001
2022-03-01,2022,walk_forward_validation,2,23,POW|VRE,0.0,0.21739130434782608,0.0
2022-03-01,2022,walk_forward_validation,3,23,POW|VRE|SSI,0.0,0.21739130434782608,0.0
2022-03-01,2022,walk_forward_validation,5,23,POW|VRE|SSI|STB|HDB,0.0,0.21739130434782608,0.0
2022-03-01,2022,walk_forward_validation,8,23,POW|VRE|SSI|STB|HDB|HPG|VPB|BVH,0.125,0.21739130434782608,0.5750000000000001
2022-03-01,2022,walk_forward_validation,10,23,POW|VRE|SSI|STB|HDB|HPG|VPB|BVH|MBB|VHM,0.1,0.21739130434782608,0.46
2022-03-02,2022,walk_forward_validation,2,23,VRE|POW,0.0,0.391304347826087,0.0
2022-03-02,2022,walk_forward_validation,3,23,VRE|POW|STB,0.3333333333333333,0.391304347826087,0.8518518518518517
2022-03-02,2022,walk_forward_validation,5,23,VRE|POW|STB|SSI|HDB,0.4,0.391304347826087,1.0222222222222221
2022-03-02,2022,walk_forward_validation,8,23,VRE|POW|STB|SSI|HDB|HPG|BVH|VHM,0.375,0.391304347826087,0.9583333333333333
2022-03-02,2022,walk_forward_validation,10,23,VRE|POW|STB|SSI|HDB|HPG|BVH|VHM|VPB|FPT,0.5,0.391304347826087,1.2777777777777777
2022-03-03,2022,walk_forward_validation,2,23,VRE|POW,0.5,0.5652173913043478,0.8846153846153847
2022-03-03,2022,walk_forward_validation,3,23,VRE|POW|SSI,0.3333333333333333,0.5652173913043478,0.5897435897435898
2022-03-03,2022,walk_forward_validation,5,23,VRE|POW|SSI|STB|VHM,0.4,0.5652173913043478,0.7076923076923077
2022-03-03,2022,walk_forward_validation,8,23,VRE|POW|SSI|STB|VHM|HDB|VPB|BVH,0.625,0.5652173913043478,1.1057692307692308
2022-03-03,2022,walk_forward_validation,10,23,VRE|POW|SSI|STB|VHM|HDB|VPB|BVH|PLX|GAS,0.5,0.5652173913043478,0.8846153846153847
2022-03-04,2022,walk_forward_validation,2,23,VRE|POW,0.5,0.5652173913043478,0.8846153846153847
2022-03-04,2022,walk_forward_validation,3,23,VRE|POW|SSI,0.3333333333333333,0.5652173913043478,0.5897435897435898
2022-03-04,2022,walk_forward_validation,5,23,VRE|POW|SSI|STB|VPB,0.4,0.5652173913043478,0.7076923076923077
2022-03-04,2022,walk_forward_validation,8,23,VRE|POW|SSI|STB|VPB|HDB|BVH|VHM,0.5,0.5652173913043478,0.8846153846153847
2022-03-04,2022,walk_forward_validation,10,23,VRE|POW|SSI|STB|VPB|HDB|BVH|VHM|FPT|HPG,0.5,0.5652173913043478,0.8846153846153847
2022-03-07,2022,walk_forward_validation,2,23,POW|VRE,0.5,0.6086956521739131,0.8214285714285714
2022-03-07,2022,walk_forward_validation,3,23,POW|VRE|SSI,0.3333333333333333,0.6086956521739131,0.5476190476190476
2022-03-07,2022,walk_forward_validation,5,23,POW|VRE|SSI|HDB|STB,0.6,0.6086956521739131,0.9857142857142857
2022-03-07,2022,walk_forward_validation,8,23,POW|VRE|SSI|HDB|STB|VHM|VPB|FPT,0.625,0.6086956521739131,1.0267857142857142
2022-03-07,2022,walk_forward_validation,10,23,POW|VRE|SSI|HDB|STB|VHM|VPB|FPT|MSN|BVH,0.6,0.6086956521739131,0.9857142857142857
2022-03-08,2022,walk_forward_validation,2,23,POW|SSI,0.0,0.5217391304347826,0.0
2022-03-08,2022,walk_forward_validation,3,23,POW|SSI|VRE,0.3333333333333333,0.5217391304347826,0.6388888888888888
2022-03-08,2022,walk_forward_validation,5,23,POW|SSI|VRE|HPG|VHM,0.2,0.5217391304347826,0.38333333333333336
2022-03-08,2022,walk_forward_validation,8,23,POW|SSI|VRE|HPG|VHM|STB|FPT|VPB,0.375,0.5217391304347826,0.71875
2022-03-08,2022,walk_forward_validation,10,23,POW|SSI|VRE|HPG|VHM|STB|FPT|VPB|HDB|BID,0.5,0.5217391304347826,0.9583333333333334
2022-03-09,2022,walk_forward_validation,2,23,POW|SSI,0.0,0.4782608695652174,0.0
2022-03-09,2022,walk_forward_validation,3,23,POW|SSI|VRE,0.3333333333333333,0.4782608695652174,0.6969696969696969
2022-03-09,2022,walk_forward_validation,5,23,POW|SSI|VRE|HPG|FPT,0.4,0.4782608695652174,0.8363636363636364
2022-03-09,2022,walk_forward_validation,8,23,POW|SSI|VRE|HPG|FPT|VHM|MSN|VPB,0.375,0.4782608695652174,0.7840909090909091
2022-03-09,2022,walk_forward_validation,10,23,POW|SSI|VRE|HPG|FPT|VHM|MSN|VPB|STB|HDB,0.5,0.4782608695652174,1.0454545454545454
2022-03-10,2022,walk_forward_validation,2,23,POW|SSI,0.0,0.43478260869565216,0.0
2022-03-10,2022,walk_forward_validation,3,23,POW|SSI|HPG,0.0,0.43478260869565216,0.0
2022-03-10,2022,walk_forward_validation,5,23,POW|SSI|HPG|VRE|VHM,0.2,0.43478260869565216,0.46
2022-03-10,2022,walk_forward_validation,8,23,POW|SSI|HPG|VRE|VHM|STB|VPB|FPT,0.375,0.43478260869565216,0.8625
2022-03-10,2022,walk_forward_validation,10,23,POW|SSI|HPG|VRE|VHM|STB|VPB|FPT|MSN|HDB,0.4,0.43478260869565216,0.92
2022-03-11,2022,walk_forward_validation,2,23,POW|SSI,0.0,0.43478260869565216,0.0
2022-03-11,2022,walk_forward_validation,3,23,POW|SSI|HPG,0.0,0.43478260869565216,0.0
2022-03-11,2022,walk_forward_validation,5,23,POW|SSI|HPG|VRE|VPB,0.4,0.43478260869565216,0.92
2022-03-11,2022,walk_forward_validation,8,23,POW|SSI|HPG|VRE|VPB|STB|FPT|VHM,0.375,0.43478260869565216,0.8625
2022-03-11,2022,walk_forward_validation,10,23,POW|SSI|HPG|VRE|VPB|STB|FPT|VHM|BVH|MSN,0.5,0.43478260869565216,1.1500000000000001
2022-03-14,2022,walk_forward_validation,2,23,SSI|POW,0.0,0.43478260869565216,0.0
2022-03-14,2022,walk_forward_validation,3,23,SSI|POW|HPG,0.0,0.43478260869565216,0.0
2022-03-14,2022,walk_forward_validation,5,23,SSI|POW|HPG|STB|VRE,0.0,0.43478260869565216,0.0
2022-03-14,2022,walk_forward_validation,8,23,SSI|POW|HPG|STB|VRE|VPB|VHM|FPT,0.25,0.43478260869565216,0.5750000000000001
2022-03-14,2022,walk_forward_validation,10,23,SSI|POW|HPG|STB|VRE|VPB|VHM|FPT|BVH|HDB,0.4,0.43478260869565216,0.92
2022-03-15,2022,walk_forward_validation,2,23,POW|SSI,0.0,0.43478260869565216,0.0
2022-03-15,2022,walk_forward_validation,3,23,POW|SSI|STB,0.0,0.43478260869565216,0.0
2022-03-15,2022,walk_forward_validation,5,23,POW|SSI|STB|VRE|HPG,0.0,0.43478260869565216,0.0
2022-03-15,2022,walk_forward_validation,8,23,POW|SSI|STB|VRE|HPG|VPB|VHM|HDB,0.25,0.43478260869565216,0.5750000000000001
2022-03-15,2022,walk_forward_validation,10,23,POW|SSI|STB|VRE|HPG|VPB|VHM|HDB|BVH|FPT,0.4,0.43478260869565216,0.92
2022-03-16,2022,walk_forward_validation,2,23,POW|SSI,0.0,0.34782608695652173,0.0
2022-03-16,2022,walk_forward_validation,3,23,POW|SSI|STB,0.0,0.34782608695652173,0.0
2022-03-16,2022,walk_forward_validation,5,23,POW|SSI|STB|VPB|HPG,0.2,0.34782608695652173,0.5750000000000001
2022-03-16,2022,walk_forward_validation,8,23,POW|SSI|STB|VPB|HPG|VRE|HDB|VHM,0.125,0.34782608695652173,0.359375
2022-03-16,2022,walk_forward_validation,10,23,POW|SSI|STB|VPB|HPG|VRE|HDB|VHM|FPT|BID,0.2,0.34782608695652173,0.5750000000000001
2022-03-17,2022,walk_forward_validation,2,23,POW|SSI,0.0,0.391304347826087,0.0
2022-03-17,2022,walk_forward_validation,3,23,POW|SSI|STB,0.0,0.391304347826087,0.0
2022-03-17,2022,walk_forward_validation,5,23,POW|SSI|STB|VPB|HPG,0.2,0.391304347826087,0.5111111111111111
2022-03-17,2022,walk_forward_validation,8,23,POW|SSI|STB|VPB|HPG|VRE|FPT|HDB,0.25,0.391304347826087,0.6388888888888888
2022-03-17,2022,walk_forward_validation,10,23,POW|SSI|STB|VPB|HPG|VRE|FPT|HDB|BID|BVH,0.3,0.391304347826087,0.7666666666666666
2022-03-18,2022,walk_forward_validation,2,23,POW|STB,0.0,0.391304347826087,0.0
2022-03-18,2022,walk_forward_validation,3,23,POW|STB|VRE,0.0,0.391304347826087,0.0
2022-03-18,2022,walk_forward_validation,5,23,POW|STB|VRE|SSI|VPB,0.2,0.391304347826087,0.5111111111111111
2022-03-18,2022,walk_forward_validation,8,23,POW|STB|VRE|SSI|VPB|HPG|BID|FPT,0.25,0.391304347826087,0.6388888888888888
2022-03-18,2022,walk_forward_validation,10,23,POW|STB|VRE|SSI|VPB|HPG|BID|FPT|VHM|HDB,0.2,0.391304347826087,0.5111111111111111
2022-03-21,2022,walk_forward_validation,2,23,STB|VRE,0.0,0.43478260869565216,0.0
2022-03-21,2022,walk_forward_validation,3,23,STB|VRE|VHM,0.0,0.43478260869565216,0.0
2022-03-21,2022,walk_forward_validation,5,23,STB|VRE|VHM|POW|VPB,0.2,0.43478260869565216,0.46
2022-03-21,2022,walk_forward_validation,8,23,STB|VRE|VHM|POW|VPB|FPT|MWG|HPG,0.375,0.43478260869565216,0.8625
2022-03-21,2022,walk_forward_validation,10,23,STB|VRE|VHM|POW|VPB|FPT|MWG|HPG|BVH|SSI,0.4,0.43478260869565216,0.92
2022-03-22,2022,walk_forward_validation,2,23,STB|VHM,0.0,0.5652173913043478,0.0
2022-03-22,2022,walk_forward_validation,3,23,STB|VHM|POW,0.0,0.5652173913043478,0.0
2022-03-22,2022,walk_forward_validation,5,23,STB|VHM|POW|VRE|VPB,0.4,0.5652173913043478,0.7076923076923077
2022-03-22,2022,walk_forward_validation,8,23,STB|VHM|POW|VRE|VPB|FPT|SSI|MWG,0.5,0.5652173913043478,0.8846153846153847
2022-03-22,2022,walk_forward_validation,10,23,STB|VHM|POW|VRE|VPB|FPT|SSI|MWG|BVH|HPG,0.6,0.5652173913043478,1.0615384615384615
2022-03-23,2022,walk_forward_validation,2,23,STB|VHM,0.0,0.6086956521739131,0.0
2022-03-23,2022,walk_forward_validation,3,23,STB|VHM|POW,0.0,0.6086956521739131,0.0
2022-03-23,2022,walk_forward_validation,5,23,STB|VHM|POW|VPB|SSI,0.2,0.6086956521739131,0.32857142857142857
2022-03-23,2022,walk_forward_validation,8,23,STB|VHM|POW|VPB|SSI|VRE|MWG|FPT,0.5,0.6086956521739131,0.8214285714285714
2022-03-23,2022,walk_forward_validation,10,23,STB|VHM|POW|VPB|SSI|VRE|MWG|FPT|BVH|HPG,0.6,0.6086956521739131,0.9857142857142857
2022-03-24,2022,walk_forward_validation,2,23,STB|POW,0.0,0.6086956521739131,0.0
2022-03-24,2022,walk_forward_validation,3,23,STB|POW|VPB,0.3333333333333333,0.6086956521739131,0.5476190476190476
2022-03-24,2022,walk_forward_validation,5,23,STB|POW|VPB|VRE|SSI,0.4,0.6086956521739131,0.6571428571428571
2022-03-24,2022,walk_forward_validation,8,23,STB|POW|VPB|VRE|SSI|FPT|MWG|BVH,0.625,0.6086956521739131,1.0267857142857142
2022-03-24,2022,walk_forward_validation,10,23,STB|POW|VPB|VRE|SSI|FPT|MWG|BVH|HDB|VHM,0.5,0.6086956521739131,0.8214285714285714
2022-03-25,2022,walk_forward_validation,2,23,STB|VRE,0.5,0.6086956521739131,0.8214285714285714
2022-03-25,2022,walk_forward_validation,3,23,STB|VRE|POW,0.3333333333333333,0.6086956521739131,0.5476190476190476
2022-03-25,2022,walk_forward_validation,5,23,STB|VRE|POW|VPB|FPT,0.6,0.6086956521739131,0.9857142857142857
2022-03-25,2022,walk_forward_validation,8,23,STB|VRE|POW|VPB|FPT|BID|SSI|HPG,0.5,0.6086956521739131,0.8214285714285714
2022-03-25,2022,walk_forward_validation,10,23,STB|VRE|POW|VPB|FPT|BID|SSI|HPG|VHM|MWG,0.5,0.6086956521739131,0.8214285714285714
2022-03-28,2022,walk_forward_validation,2,23,POW|VRE,0.5,0.5652173913043478,0.8846153846153847
2022-03-28,2022,walk_forward_validation,3,23,POW|VRE|STB,0.3333333333333333,0.5652173913043478,0.5897435897435898
2022-03-28,2022,walk_forward_validation,5,23,POW|VRE|STB|VPB|VHM,0.4,0.5652173913043478,0.7076923076923077
2022-03-28,2022,walk_forward_validation,8,23,POW|VRE|STB|VPB|VHM|HPG|BVH|BID,0.375,0.5652173913043478,0.6634615384615385
2022-03-28,2022,walk_forward_validation,10,23,POW|VRE|STB|VPB|VHM|HPG|BVH|BID|SSI|MWG,0.4,0.5652173913043478,0.7076923076923077
2022-03-29,2022,walk_forward_validation,2,23,POW|VRE,0.5,0.6086956521739131,0.8214285714285714
2022-03-29,2022,walk_forward_validation,3,23,POW|VRE|VHM,0.3333333333333333,0.6086956521739131,0.5476190476190476
2022-03-29,2022,walk_forward_validation,5,23,POW|VRE|VHM|STB|VPB,0.4,0.6086956521739131,0.6571428571428571
2022-03-29,2022,walk_forward_validation,8,23,POW|VRE|VHM|STB|VPB|MWG|HPG|BVH,0.625,0.6086956521739131,1.0267857142857142
2022-03-29,2022,walk_forward_validation,10,23,POW|VRE|VHM|STB|VPB|MWG|HPG|BVH|BID|HDB,0.6,0.6086956521739131,0.9857142857142857
2022-03-30,2022,walk_forward_validation,2,23,POW|VRE,0.5,0.5652173913043478,0.8846153846153847
2022-03-30,2022,walk_forward_validation,3,23,POW|VRE|VPB,0.6666666666666666,0.5652173913043478,1.1794871794871795
2022-03-30,2022,walk_forward_validation,5,23,POW|VRE|VPB|STB|HDB,0.4,0.5652173913043478,0.7076923076923077
2022-03-30,2022,walk_forward_validation,8,23,POW|VRE|VPB|STB|HDB|BVH|VHM|MWG,0.5,0.5652173913043478,0.8846153846153847
2022-03-30,2022,walk_forward_validation,10,23,POW|VRE|VPB|STB|HDB|BVH|VHM|MWG|BID|SSI,0.4,0.5652173913043478,0.7076923076923077
2022-03-31,2022,walk_forward_validation,2,23,VRE|POW,0.5,0.5652173913043478,0.8846153846153847
2022-03-31,2022,walk_forward_validation,3,23,VRE|POW|HDB,0.3333333333333333,0.5652173913043478,0.5897435897435898
2022-03-31,2022,walk_forward_validation,5,23,VRE|POW|HDB|VPB|STB,0.4,0.5652173913043478,0.7076923076923077
2022-03-31,2022,walk_forward_validation,8,23,VRE|POW|HDB|VPB|STB|BVH|MWG|VHM,0.5,0.5652173913043478,0.8846153846153847
2022-03-31,2022,walk_forward_validation,10,23,VRE|POW|HDB|VPB|STB|BVH|MWG|VHM|SSI|HPG,0.5,0.5652173913043478,0.8846153846153847
2022-04-01,2022,walk_forward_validation,2,23,POW|VRE,0.0,0.4782608695652174,0.0
2022-04-01,2022,walk_forward_validation,3,23,POW|VRE|VPB,0.3333333333333333,0.4782608695652174,0.6969696969696969
2022-04-01,2022,walk_forward_validation,5,23,POW|VRE|VPB|SSI|HDB,0.2,0.4782608695652174,0.4181818181818182
2022-04-01,2022,walk_forward_validation,8,23,POW|VRE|VPB|SSI|HDB|VHM|STB|BID,0.125,0.4782608695652174,0.26136363636363635
2022-04-01,2022,walk_forward_validation,10,23,POW|VRE|VPB|SSI|HDB|VHM|STB|BID|BVH|MBB,0.2,0.4782608695652174,0.4181818181818182
2022-04-04,2022,walk_forward_validation,2,23,VRE|POW,0.0,0.5217391304347826,0.0
2022-04-04,2022,walk_forward_validation,3,23,VRE|POW|VPB,0.3333333333333333,0.5217391304347826,0.6388888888888888
2022-04-04,2022,walk_forward_validation,5,23,VRE|POW|VPB|SSI|HDB,0.2,0.5217391304347826,0.38333333333333336
2022-04-04,2022,walk_forward_validation,8,23,VRE|POW|VPB|SSI|HDB|BVH|HPG|STB,0.375,0.5217391304347826,0.71875
2022-04-04,2022,walk_forward_validation,10,23,VRE|POW|VPB|SSI|HDB|BVH|HPG|STB|VHM|MSN,0.5,0.5217391304347826,0.9583333333333334
2022-04-05,2022,walk_forward_validation,2,23,VRE|POW,0.5,0.5652173913043478,0.8846153846153847
2022-04-05,2022,walk_forward_validation,3,23,VRE|POW|SSI,0.3333333333333333,0.5652173913043478,0.5897435897435898
2022-04-05,2022,walk_forward_validation,5,23,VRE|POW|SSI|VPB|BVH,0.6,0.5652173913043478,1.0615384615384615
2022-04-05,2022,walk_forward_validation,8,23,VRE|POW|SSI|VPB|BVH|HDB|VHM|BID,0.5,0.5652173913043478,0.8846153846153847
2022-04-05,2022,walk_forward_validation,10,23,VRE|POW|SSI|VPB|BVH|HDB|VHM|BID|MWG|HPG,0.6,0.5652173913043478,1.0615384615384615
2022-04-06,2022,walk_forward_validation,2,23,VRE|POW,0.5,0.5217391304347826,0.9583333333333334
2022-04-06,2022,walk_forward_validation,3,23,VRE|POW|HPG,0.6666666666666666,0.5217391304347826,1.2777777777777777
2022-04-06,2022,walk_forward_validation,5,23,VRE|POW|HPG|SSI|VPB,0.4,0.5217391304347826,0.7666666666666667
2022-04-06,2022,walk_forward_validation,8,23,VRE|POW|HPG|SSI|VPB|HDB|BVH|STB,0.375,0.5217391304347826,0.71875
2022-04-06,2022,walk_forward_validation,10,23,VRE|POW|HPG|SSI|VPB|HDB|BVH|STB|MBB|VHM,0.4,0.5217391304347826,0.7666666666666667
2022-04-07,2022,walk_forward_validation,2,23,VRE|POW,0.0,0.5217391304347826,0.0
2022-04-07,2022,walk_forward_validation,3,23,VRE|POW|VPB,0.0,0.5217391304347826,0.0
2022-04-07,2022,walk_forward_validation,5,23,VRE|POW|VPB|HDB|SSI,0.0,0.5217391304347826,0.0
2022-04-07,2022,walk_forward_validation,8,23,VRE|POW|VPB|HDB|SSI|BVH|HPG|MBB,0.25,0.5217391304347826,0.4791666666666667
2022-04-07,2022,walk_forward_validation,10,23,VRE|POW|VPB|HDB|SSI|BVH|HPG|MBB|STB|BID,0.2,0.5217391304347826,0.38333333333333336
2022-04-08,2022,walk_forward_validation,2,23,VPB|POW,0.0,0.5217391304347826,0.0
2022-04-08,2022,walk_forward_validation,3,23,VPB|POW|VRE,0.3333333333333333,0.5217391304347826,0.6388888888888888
2022-04-08,2022,walk_forward_validation,5,23,VPB|POW|VRE|MSN|SSI,0.4,0.5217391304347826,0.7666666666666667
2022-04-08,2022,walk_forward_validation,8,23,VPB|POW|VRE|MSN|SSI|HDB|BVH|MWG,0.5,0.5217391304347826,0.9583333333333334
2022-04-08,2022,walk_forward_validation,10,23,VPB|POW|VRE|MSN|SSI|HDB|BVH|MWG|MBB|BID,0.4,0.5217391304347826,0.7666666666666667
2022-04-12,2022,walk_forward_validation,2,23,POW|VPB,0.0,0.4782608695652174,0.0
2022-04-12,2022,walk_forward_validation,3,23,POW|VPB|VRE,0.3333333333333333,0.4782608695652174,0.6969696969696969
2022-04-12,2022,walk_forward_validation,5,23,POW|VPB|VRE|HPG|SSI,0.2,0.4782608695652174,0.4181818181818182
2022-04-12,2022,walk_forward_validation,8,23,POW|VPB|VRE|HPG|SSI|MSN|HDB|BVH,0.25,0.4782608695652174,0.5227272727272727
2022-04-12,2022,walk_forward_validation,10,23,POW|VPB|VRE|HPG|SSI|MSN|HDB|BVH|BID|MBB,0.2,0.4782608695652174,0.4181818181818182
2022-04-13,2022,walk_forward_validation,2,23,VPB|SSI,0.0,0.43478260869565216,0.0
2022-04-13,2022,walk_forward_validation,3,23,VPB|SSI|VRE,0.0,0.43478260869565216,0.0
2022-04-13,2022,walk_forward_validation,5,23,VPB|SSI|VRE|POW|HDB,0.0,0.43478260869565216,0.0
2022-04-13,2022,walk_forward_validation,8,23,VPB|SSI|VRE|POW|HDB|MSN|MBB|HPG,0.0,0.43478260869565216,0.0
2022-04-13,2022,walk_forward_validation,10,23,VPB|SSI|VRE|POW|HDB|MSN|MBB|HPG|STB|BVH,0.1,0.43478260869565216,0.23
2022-04-14,2022,walk_forward_validation,2,23,VRE|POW,0.5,0.4782608695652174,1.0454545454545454
2022-04-14,2022,walk_forward_validation,3,23,VRE|POW|VPB,0.3333333333333333,0.4782608695652174,0.6969696969696969
2022-04-14,2022,walk_forward_validation,5,23,VRE|POW|VPB|MSN|SSI,0.2,0.4782608695652174,0.4181818181818182
2022-04-14,2022,walk_forward_validation,8,23,VRE|POW|VPB|MSN|SSI|HDB|HPG|BVH,0.375,0.4782608695652174,0.7840909090909091
2022-04-14,2022,walk_forward_validation,10,23,VRE|POW|VPB|MSN|SSI|HDB|HPG|BVH|VHM|STB,0.4,0.4782608695652174,0.8363636363636364
2022-04-15,2022,walk_forward_validation,2,23,POW|VRE,1.0,0.6086956521739131,1.6428571428571428
2022-04-15,2022,walk_forward_validation,3,23,POW|VRE|SSI,0.6666666666666666,0.6086956521739131,1.0952380952380951
2022-04-15,2022,walk_forward_validation,5,23,POW|VRE|SSI|HPG|VPB,0.6,0.6086956521739131,0.9857142857142857
2022-04-15,2022,walk_forward_validation,8,23,POW|VRE|SSI|HPG|VPB|MSN|BID|HDB,0.625,0.6086956521739131,1.0267857142857142
2022-04-15,2022,walk_forward_validation,10,23,POW|VRE|SSI|HPG|VPB|MSN|BID|HDB|STB|MBB,0.5,0.6086956521739131,0.8214285714285714
2022-04-18,2022,walk_forward_validation,2,23,SSI|POW,0.5,0.6086956521739131,0.8214285714285714
2022-04-18,2022,walk_forward_validation,3,23,SSI|POW|VRE,0.6666666666666666,0.6086956521739131,1.0952380952380951
2022-04-18,2022,walk_forward_validation,5,23,SSI|POW|VRE|HPG|VPB,0.6,0.6086956521739131,0.9857142857142857
2022-04-18,2022,walk_forward_validation,8,23,SSI|POW|VRE|HPG|VPB|BID|STB|HDB,0.625,0.6086956521739131,1.0267857142857142
2022-04-18,2022,walk_forward_validation,10,23,SSI|POW|VRE|HPG|VPB|BID|STB|HDB|MBB|CTG,0.7,0.6086956521739131,1.15
2022-04-19,2022,walk_forward_validation,2,23,SSI|POW,0.5,0.5652173913043478,0.8846153846153847
2022-04-19,2022,walk_forward_validation,3,23,SSI|POW|MSN,0.6666666666666666,0.5652173913043478,1.1794871794871795
2022-04-19,2022,walk_forward_validation,5,23,SSI|POW|MSN|STB|VRE,0.6,0.5652173913043478,1.0615384615384615
2022-04-19,2022,walk_forward_validation,8,23,SSI|POW|MSN|STB|VRE|HPG|VPB|BID,0.5,0.5652173913043478,0.8846153846153847
2022-04-19,2022,walk_forward_validation,10,23,SSI|POW|MSN|STB|VRE|HPG|VPB|BID|MBB|GAS,0.6,0.5652173913043478,1.0615384615384615
2022-04-20,2022,walk_forward_validation,2,23,POW|SSI,0.5,0.4782608695652174,1.0454545454545454
2022-04-20,2022,walk_forward_validation,3,23,POW|SSI|MSN,0.3333333333333333,0.4782608695652174,0.6969696969696969
2022-04-20,2022,walk_forward_validation,5,23,POW|SSI|MSN|VRE|STB,0.2,0.4782608695652174,0.4181818181818182
2022-04-20,2022,walk_forward_validation,8,23,POW|SSI|MSN|VRE|STB|VPB|HPG|GAS,0.25,0.4782608695652174,0.5227272727272727
2022-04-20,2022,walk_forward_validation,10,23,POW|SSI|MSN|VRE|STB|VPB|HPG|GAS|VHM|BID,0.4,0.4782608695652174,0.8363636363636364
2022-04-21,2022,walk_forward_validation,2,23,POW|SSI,0.5,0.391304347826087,1.2777777777777777
2022-04-21,2022,walk_forward_validation,3,23,POW|SSI|MSN,0.3333333333333333,0.391304347826087,0.8518518518518517
2022-04-21,2022,walk_forward_validation,5,23,POW|SSI|MSN|VRE|VHM,0.6,0.391304347826087,1.5333333333333332
2022-04-21,2022,walk_forward_validation,8,23,POW|SSI|MSN|VRE|VHM|HPG|VPB|STB,0.375,0.391304347826087,0.9583333333333333
2022-04-21,2022,walk_forward_validation,10,23,POW|SSI|MSN|VRE|VHM|HPG|VPB|STB|GAS|BID,0.4,0.391304347826087,1.0222222222222221
2022-04-22,2022,walk_forward_validation,2,23,POW|MSN,0.5,0.4782608695652174,1.0454545454545454
2022-04-22,2022,walk_forward_validation,3,23,POW|MSN|SSI,0.3333333333333333,0.4782608695652174,0.6969696969696969
2022-04-22,2022,walk_forward_validation,5,23,POW|MSN|SSI|VRE|VPB,0.4,0.4782608695652174,0.8363636363636364
2022-04-22,2022,walk_forward_validation,8,23,POW|MSN|SSI|VRE|VPB|HPG|STB|VHM,0.375,0.4782608695652174,0.7840909090909091
2022-04-22,2022,walk_forward_validation,10,23,POW|MSN|SSI|VRE|VPB|HPG|STB|VHM|BVH|BID,0.3,0.4782608695652174,0.6272727272727272
2022-04-25,2022,walk_forward_validation,2,23,POW|SSI,0.5,0.5217391304347826,0.9583333333333334
2022-04-25,2022,walk_forward_validation,3,23,POW|SSI|VRE,0.6666666666666666,0.5217391304347826,1.2777777777777777
2022-04-25,2022,walk_forward_validation,5,23,POW|SSI|VRE|STB|HPG,0.4,0.5217391304347826,0.7666666666666667
2022-04-25,2022,walk_forward_validation,8,23,POW|SSI|VRE|STB|HPG|MSN|VPB|GAS,0.375,0.5217391304347826,0.71875
2022-04-25,2022,walk_forward_validation,10,23,POW|SSI|VRE|STB|HPG|MSN|VPB|GAS|BVH|TCB,0.3,0.5217391304347826,0.575
2022-04-26,2022,walk_forward_validation,2,23,POW|SSI,0.5,0.4782608695652174,1.0454545454545454
2022-04-26,2022,walk_forward_validation,3,23,POW|SSI|VRE,0.6666666666666666,0.4782608695652174,1.3939393939393938
2022-04-26,2022,walk_forward_validation,5,23,POW|SSI|VRE|HPG|MSN,0.4,0.4782608695652174,0.8363636363636364
2022-04-26,2022,walk_forward_validation,8,23,POW|SSI|VRE|HPG|MSN|HDB|STB|VHM,0.5,0.4782608695652174,1.0454545454545454
2022-04-26,2022,walk_forward_validation,10,23,POW|SSI|VRE|HPG|MSN|HDB|STB|VHM|VPB|BID,0.5,0.4782608695652174,1.0454545454545454
2022-04-27,2022,walk_forward_validation,2,23,POW|VRE,1.0,0.5217391304347826,1.9166666666666667
2022-04-27,2022,walk_forward_validation,3,23,POW|VRE|SSI,0.6666666666666666,0.5217391304347826,1.2777777777777777
2022-04-27,2022,walk_forward_validation,5,23,POW|VRE|SSI|MSN|MWG,0.6,0.5217391304347826,1.15
2022-04-27,2022,walk_forward_validation,8,23,POW|VRE|SSI|MSN|MWG|GAS|BVH|HDB,0.625,0.5217391304347826,1.1979166666666667
2022-04-27,2022,walk_forward_validation,10,23,POW|VRE|SSI|MSN|MWG|GAS|BVH|HDB|STB|VPB,0.5,0.5217391304347826,0.9583333333333334
2022-04-28,2022,walk_forward_validation,2,23,SSI|POW,0.5,0.5217391304347826,0.9583333333333334
2022-04-28,2022,walk_forward_validation,3,23,SSI|POW|VRE,0.6666666666666666,0.5217391304347826,1.2777777777777777
2022-04-28,2022,walk_forward_validation,5,23,SSI|POW|VRE|STB|HDB,0.6,0.5217391304347826,1.15
2022-04-28,2022,walk_forward_validation,8,23,SSI|POW|VRE|STB|HDB|MSN|HPG|VPB,0.375,0.5217391304347826,0.71875
2022-04-28,2022,walk_forward_validation,10,23,SSI|POW|VRE|STB|HDB|MSN|HPG|VPB|BVH|MWG,0.4,0.5217391304347826,0.7666666666666667
2022-04-29,2022,walk_forward_validation,2,23,SSI|POW,0.5,0.6521739130434783,0.7666666666666666
2022-04-29,2022,walk_forward_validation,3,23,SSI|POW|STB,0.3333333333333333,0.6521739130434783,0.5111111111111111
2022-04-29,2022,walk_forward_validation,5,23,SSI|POW|STB|VRE|VPB,0.4,0.6521739130434783,0.6133333333333334
2022-04-29,2022,walk_forward_validation,8,23,SSI|POW|STB|VRE|VPB|BVH|MWG|HPG,0.375,0.6521739130434783,0.575
2022-04-29,2022,walk_forward_validation,10,23,SSI|POW|STB|VRE|VPB|BVH|MWG|HPG|FPT|MSN,0.5,0.6521739130434783,0.7666666666666666
2022-05-04,2022,walk_forward_validation,2,23,SSI|STB,0.0,0.5652173913043478,0.0
2022-05-04,2022,walk_forward_validation,3,23,SSI|STB|VRE,0.3333333333333333,0.5652173913043478,0.5897435897435898
2022-05-04,2022,walk_forward_validation,5,23,SSI|STB|VRE|HPG|VPB,0.2,0.5652173913043478,0.35384615384615387
2022-05-04,2022,walk_forward_validation,8,23,SSI|STB|VRE|HPG|VPB|BVH|HDB|BID,0.25,0.5652173913043478,0.44230769230769235
2022-05-04,2022,walk_forward_validation,10,23,SSI|STB|VRE|HPG|VPB|BVH|HDB|BID|MBB|MWG,0.3,0.5652173913043478,0.5307692307692308
2022-05-05,2022,walk_forward_validation,2,23,SSI|VRE,0.5,0.5652173913043478,0.8846153846153847
2022-05-05,2022,walk_forward_validation,3,23,SSI|VRE|VPB,0.3333333333333333,0.5652173913043478,0.5897435897435898
2022-05-05,2022,walk_forward_validation,5,23,SSI|VRE|VPB|MWG|BVH,0.4,0.5652173913043478,0.7076923076923077
2022-05-05,2022,walk_forward_validation,8,23,SSI|VRE|VPB|MWG|BVH|HPG|BID|STB,0.25,0.5652173913043478,0.44230769230769235
2022-05-05,2022,walk_forward_validation,10,23,SSI|VRE|VPB|MWG|BVH|HPG|BID|STB|HDB|MBB,0.3,0.5652173913043478,0.5307692307692308
2022-05-06,2022,walk_forward_validation,2,23,SSI|STB,0.5,0.6086956521739131,0.8214285714285714
2022-05-06,2022,walk_forward_validation,3,23,SSI|STB|VRE,0.6666666666666666,0.6086956521739131,1.0952380952380951
2022-05-06,2022,walk_forward_validation,5,23,SSI|STB|VRE|BID|MSN,0.4,0.6086956521739131,0.6571428571428571
2022-05-06,2022,walk_forward_validation,8,23,SSI|STB|VRE|BID|MSN|VPB|MBB|HDB,0.5,0.6086956521739131,0.8214285714285714
2022-05-06,2022,walk_forward_validation,10,23,SSI|STB|VRE|BID|MSN|VPB|MBB|HDB|HPG|BVH,0.4,0.6086956521739131,0.6571428571428571
2022-05-09,2022,walk_forward_validation,2,23,SSI|STB,0.5,0.6086956521739131,0.8214285714285714
2022-05-09,2022,walk_forward_validation,3,23,SSI|STB|VPB,0.3333333333333333,0.6086956521739131,0.5476190476190476
2022-05-09,2022,walk_forward_validation,5,23,SSI|STB|VPB|BID|HDB,0.4,0.6086956521739131,0.6571428571428571
2022-05-09,2022,walk_forward_validation,8,23,SSI|STB|VPB|BID|HDB|MBB|POW|VRE,0.625,0.6086956521739131,1.0267857142857142
2022-05-09,2022,walk_forward_validation,10,23,SSI|STB|VPB|BID|HDB|MBB|POW|VRE|TCB|CTG,0.6,0.6086956521739131,0.9857142857142857
2022-05-10,2022,walk_forward_validation,2,23,SSI|STB,0.5,0.5652173913043478,0.8846153846153847
2022-05-10,2022,walk_forward_validation,3,23,SSI|STB|TCB,0.3333333333333333,0.5652173913043478,0.5897435897435898
2022-05-10,2022,walk_forward_validation,5,23,SSI|STB|TCB|CTG|HDB,0.6,0.5652173913043478,1.0615384615384615
2022-05-10,2022,walk_forward_validation,8,23,SSI|STB|TCB|CTG|HDB|VPB|VRE|MBB,0.5,0.5652173913043478,0.8846153846153847
2022-05-10,2022,walk_forward_validation,10,23,SSI|STB|TCB|CTG|HDB|VPB|VRE|MBB|BID|HPG,0.4,0.5652173913043478,0.7076923076923077
2022-05-11,2022,walk_forward_validation,2,23,SSI|STB,0.5,0.5217391304347826,0.9583333333333334
2022-05-11,2022,walk_forward_validation,3,23,SSI|STB|PLX,0.6666666666666666,0.5217391304347826,1.2777777777777777
2022-05-11,2022,walk_forward_validation,5,23,SSI|STB|PLX|BVH|VPB,0.4,0.5217391304347826,0.7666666666666667
2022-05-11,2022,walk_forward_validation,8,23,SSI|STB|PLX|BVH|VPB|MWG|HDB|VRE,0.625,0.5217391304347826,1.1979166666666667
2022-05-11,2022,walk_forward_validation,10,23,SSI|STB|PLX|BVH|VPB|MWG|HDB|VRE|POW|BID,0.6,0.5217391304347826,1.15
2022-05-12,2022,walk_forward_validation,2,23,SSI|STB,0.5,0.4782608695652174,1.0454545454545454
2022-05-12,2022,walk_forward_validation,3,23,SSI|STB|PLX,0.6666666666666666,0.4782608695652174,1.3939393939393938
2022-05-12,2022,walk_forward_validation,5,23,SSI|STB|PLX|VPB|CTG,0.6,0.4782608695652174,1.2545454545454544
2022-05-12,2022,walk_forward_validation,8,23,SSI|STB|PLX|VPB|CTG|BID|BVH|TCB,0.375,0.4782608695652174,0.7840909090909091
2022-05-12,2022,walk_forward_validation,10,23,SSI|STB|PLX|VPB|CTG|BID|BVH|TCB|MBB|POW,0.5,0.4782608695652174,1.0454545454545454
2022-05-13,2022,walk_forward_validation,2,23,STB|SSI,0.0,0.4782608695652174,0.0
2022-05-13,2022,walk_forward_validation,3,23,STB|SSI|POW,0.3333333333333333,0.4782608695652174,0.6969696969696969
2022-05-13,2022,walk_forward_validation,5,23,STB|SSI|POW|TCB|VPB,0.4,0.4782608695652174,0.8363636363636364
2022-05-13,2022,walk_forward_validation,8,23,STB|SSI|POW|TCB|VPB|BVH|PLX|VRE,0.5,0.4782608695652174,1.0454545454545454
2022-05-13,2022,walk_forward_validation,10,23,STB|SSI|POW|TCB|VPB|BVH|PLX|VRE|MBB|BID,0.5,0.4782608695652174,1.0454545454545454
2022-05-16,2022,walk_forward_validation,2,23,STB|TCB,1.0,0.43478260869565216,2.3000000000000003
2022-05-16,2022,walk_forward_validation,3,23,STB|TCB|SSI,0.6666666666666666,0.43478260869565216,1.5333333333333332
2022-05-16,2022,walk_forward_validation,5,23,STB|TCB|SSI|MSN|POW,0.8,0.43478260869565216,1.84
2022-05-16,2022,walk_forward_validation,8,23,STB|TCB|SSI|MSN|POW|BVH|GAS|VPB,0.625,0.43478260869565216,1.4375
2022-05-16,2022,walk_forward_validation,10,23,STB|TCB|SSI|MSN|POW|BVH|GAS|VPB|VRE|BID,0.6,0.43478260869565216,1.38
2022-05-17,2022,walk_forward_validation,2,23,STB|TCB,1.0,0.5652173913043478,1.7692307692307694
2022-05-17,2022,walk_forward_validation,3,23,STB|TCB|MSN,1.0,0.5652173913043478,1.7692307692307694
2022-05-17,2022,walk_forward_validation,5,23,STB|TCB|MSN|BVH|VRE,1.0,0.5652173913043478,1.7692307692307694
2022-05-17,2022,walk_forward_validation,8,23,STB|TCB|MSN|BVH|VRE|BID|SSI|HPG,0.625,0.5652173913043478,1.1057692307692308
2022-05-17,2022,walk_forward_validation,10,23,STB|TCB|MSN|BVH|VRE|BID|SSI|HPG|VPB|HDB,0.6,0.5652173913043478,1.0615384615384615
2022-05-18,2022,walk_forward_validation,2,23,STB|HDB,0.5,0.6086956521739131,0.8214285714285714
2022-05-18,2022,walk_forward_validation,3,23,STB|HDB|SSI,0.3333333333333333,0.6086956521739131,0.5476190476190476
2022-05-18,2022,walk_forward_validation,5,23,STB|HDB|SSI|TCB|BID,0.4,0.6086956521739131,0.6571428571428571
2022-05-18,2022,walk_forward_validation,8,23,STB|HDB|SSI|TCB|BID|FPT|VPB|BVH,0.5,0.6086956521739131,0.8214285714285714
2022-05-18,2022,walk_forward_validation,10,23,STB|HDB|SSI|TCB|BID|FPT|VPB|BVH|CTG|VRE,0.5,0.6086956521739131,0.8214285714285714
2022-05-19,2022,walk_forward_validation,2,23,STB|BVH,0.5,0.5652173913043478,0.8846153846153847
2022-05-19,2022,walk_forward_validation,3,23,STB|BVH|GAS,0.6666666666666666,0.5652173913043478,1.1794871794871795
2022-05-19,2022,walk_forward_validation,5,23,STB|BVH|GAS|TCB|HDB,0.8,0.5652173913043478,1.4153846153846155
2022-05-19,2022,walk_forward_validation,8,23,STB|BVH|GAS|TCB|HDB|MBB|VPB|CTG,0.5,0.5652173913043478,0.8846153846153847
2022-05-19,2022,walk_forward_validation,10,23,STB|BVH|GAS|TCB|HDB|MBB|VPB|CTG|BID|SSI,0.4,0.5652173913043478,0.7076923076923077
2022-05-20,2022,walk_forward_validation,2,23,STB|HDB,0.5,0.6086956521739131,0.8214285714285714
2022-05-20,2022,walk_forward_validation,3,23,STB|HDB|SSI,0.3333333333333333,0.6086956521739131,0.5476190476190476
2022-05-20,2022,walk_forward_validation,5,23,STB|HDB|SSI|BID|MBB,0.2,0.6086956521739131,0.32857142857142857
2022-05-20,2022,walk_forward_validation,8,23,STB|HDB|SSI|BID|MBB|CTG|BVH|POW,0.375,0.6086956521739131,0.6160714285714285
2022-05-20,2022,walk_forward_validation,10,23,STB|HDB|SSI|BID|MBB|CTG|BVH|POW|SAB|FPT,0.5,0.6086956521739131,0.8214285714285714
2022-05-23,2022,walk_forward_validation,2,23,STB|SSI,0.0,0.6521739130434783,0.0
2022-05-23,2022,walk_forward_validation,3,23,STB|SSI|VPB,0.0,0.6521739130434783,0.0
2022-05-23,2022,walk_forward_validation,5,23,STB|SSI|VPB|CTG|BID,0.0,0.6521739130434783,0.0
2022-05-23,2022,walk_forward_validation,8,23,STB|SSI|VPB|CTG|BID|MBB|HDB|TCB,0.125,0.6521739130434783,0.19166666666666665
2022-05-23,2022,walk_forward_validation,10,23,STB|SSI|VPB|CTG|BID|MBB|HDB|TCB|BVH|POW,0.3,0.6521739130434783,0.45999999999999996
2022-05-24,2022,walk_forward_validation,2,23,STB|VPB,0.0,0.6521739130434783,0.0
2022-05-24,2022,walk_forward_validation,3,23,STB|VPB|GAS,0.3333333333333333,0.6521739130434783,0.5111111111111111
2022-05-24,2022,walk_forward_validation,5,23,STB|VPB|GAS|HPG|SSI,0.2,0.6521739130434783,0.3066666666666667
2022-05-24,2022,walk_forward_validation,8,23,STB|VPB|GAS|HPG|SSI|MBB|HDB|CTG,0.25,0.6521739130434783,0.3833333333333333
2022-05-24,2022,walk_forward_validation,10,23,STB|VPB|GAS|HPG|SSI|MBB|HDB|CTG|VRE|BVH,0.4,0.6521739130434783,0.6133333333333334
2022-05-25,2022,walk_forward_validation,2,23,STB|GAS,0.5,0.6521739130434783,0.7666666666666666
2022-05-25,2022,walk_forward_validation,3,23,STB|GAS|HPG,0.3333333333333333,0.6521739130434783,0.5111111111111111
2022-05-25,2022,walk_forward_validation,5,23,STB|GAS|HPG|MBB|VPB,0.2,0.6521739130434783,0.3066666666666667
2022-05-25,2022,walk_forward_validation,8,23,STB|GAS|HPG|MBB|VPB|FPT|HDB|SSI,0.25,0.6521739130434783,0.3833333333333333
2022-05-25,2022,walk_forward_validation,10,23,STB|GAS|HPG|MBB|VPB|FPT|HDB|SSI|MWG|BID,0.3,0.6521739130434783,0.45999999999999996
2022-05-26,2022,walk_forward_validation,2,23,STB|GAS,1.0,0.7391304347826086,1.3529411764705883
2022-05-26,2022,walk_forward_validation,3,23,STB|GAS|MBB,0.6666666666666666,0.7391304347826086,0.9019607843137255
2022-05-26,2022,walk_forward_validation,5,23,STB|GAS|MBB|BID|VPB,0.4,0.7391304347826086,0.5411764705882354
2022-05-26,2022,walk_forward_validation,8,23,STB|GAS|MBB|BID|VPB|HDB|POW|BVH,0.5,0.7391304347826086,0.6764705882352942
2022-05-26,2022,walk_forward_validation,10,23,STB|GAS|MBB|BID|VPB|HDB|POW|BVH|CTG|VRE,0.6,0.7391304347826086,0.8117647058823529
2022-05-27,2022,walk_forward_validation,2,23,STB|VPB,0.5,0.6956521739130435,0.71875
2022-05-27,2022,walk_forward_validation,3,23,STB|VPB|MBB,0.3333333333333333,0.6956521739130435,0.47916666666666663
2022-05-27,2022,walk_forward_validation,5,23,STB|VPB|MBB|MWG|HPG,0.4,0.6956521739130435,0.5750000000000001
2022-05-27,2022,walk_forward_validation,8,23,STB|VPB|MBB|MWG|HPG|HDB|GAS|BID,0.375,0.6956521739130435,0.5390625
2022-05-27,2022,walk_forward_validation,10,23,STB|VPB|MBB|MWG|HPG|HDB|GAS|BID|POW|CTG,0.4,0.6956521739130435,0.5750000000000001
2022-05-30,2022,walk_forward_validation,2,23,GAS|VPB,0.5,0.6956521739130435,0.71875
2022-05-30,2022,walk_forward_validation,3,23,GAS|VPB|FPT,0.6666666666666666,0.6956521739130435,0.9583333333333333
2022-05-30,2022,walk_forward_validation,5,23,GAS|VPB|FPT|MWG|HDB,0.6,0.6956521739130435,0.8625
2022-05-30,2022,walk_forward_validation,8,23,GAS|VPB|FPT|MWG|HDB|MBB|HPG|STB,0.5,0.6956521739130435,0.71875
2022-05-30,2022,walk_forward_validation,10,23,GAS|VPB|FPT|MWG|HDB|MBB|HPG|STB|POW|BID,0.5,0.6956521739130435,0.71875
2022-05-31,2022,walk_forward_validation,2,23,BVH|STB,1.0,0.7391304347826086,1.3529411764705883
2022-05-31,2022,walk_forward_validation,3,23,BVH|STB|VPB,1.0,0.7391304347826086,1.3529411764705883
2022-05-31,2022,walk_forward_validation,5,23,BVH|STB|VPB|HDB|HPG,0.6,0.7391304347826086,0.8117647058823529
2022-05-31,2022,walk_forward_validation,8,23,BVH|STB|VPB|HDB|HPG|VRE|FPT|POW,0.75,0.7391304347826086,1.0147058823529413
2022-05-31,2022,walk_forward_validation,10,23,BVH|STB|VPB|HDB|HPG|VRE|FPT|POW|BID|TCB,0.8,0.7391304347826086,1.0823529411764707
2022-06-01,2022,walk_forward_validation,2,23,VPB|HDB,0.5,0.6956521739130435,0.71875
2022-06-01,2022,walk_forward_validation,3,23,VPB|HDB|STB,0.6666666666666666,0.6956521739130435,0.9583333333333333
2022-06-01,2022,walk_forward_validation,5,23,VPB|HDB|STB|BVH|BID,0.8,0.6956521739130435,1.1500000000000001
2022-06-01,2022,walk_forward_validation,8,23,VPB|HDB|STB|BVH|BID|HPG|VRE|MWG,0.75,0.6956521739130435,1.078125
2022-06-01,2022,walk_forward_validation,10,23,VPB|HDB|STB|BVH|BID|HPG|VRE|MWG|POW|MBB,0.7,0.6956521739130435,1.0062499999999999
2022-06-02,2022,walk_forward_validation,2,23,STB|HPG,0.5,0.7391304347826086,0.6764705882352942
2022-06-02,2022,walk_forward_validation,3,23,STB|HPG|VPB,0.6666666666666666,0.7391304347826086,0.9019607843137255
2022-06-02,2022,walk_forward_validation,5,23,STB|HPG|VPB|MWG|GAS,0.8,0.7391304347826086,1.0823529411764707
2022-06-02,2022,walk_forward_validation,8,23,STB|HPG|VPB|MWG|GAS|HDB|VRE|BVH,0.75,0.7391304347826086,1.0147058823529413
2022-06-02,2022,walk_forward_validation,10,23,STB|HPG|VPB|MWG|GAS|HDB|VRE|BVH|VHM|MBB,0.6,0.7391304347826086,0.8117647058823529
2022-06-03,2022,walk_forward_validation,2,23,STB|HDB,1.0,0.6956521739130435,1.4375
2022-06-03,2022,walk_forward_validation,3,23,STB|HDB|BVH,1.0,0.6956521739130435,1.4375
2022-06-03,2022,walk_forward_validation,5,23,STB|HDB|BVH|HPG|MWG,0.6,0.6956521739130435,0.8625
2022-06-03,2022,walk_forward_validation,8,23,STB|HDB|BVH|HPG|MWG|POW|MBB|VPB,0.625,0.6956521739130435,0.8984375
2022-06-03,2022,walk_forward_validation,10,23,STB|HDB|BVH|HPG|MWG|POW|MBB|VPB|VHM|VRE,0.6,0.6956521739130435,0.8625
2022-06-06,2022,walk_forward_validation,2,23,STB|HPG,0.5,0.6521739130434783,0.7666666666666666
2022-06-06,2022,walk_forward_validation,3,23,STB|HPG|MWG,0.3333333333333333,0.6521739130434783,0.5111111111111111
2022-06-06,2022,walk_forward_validation,5,23,STB|HPG|MWG|POW|HDB,0.6,0.6521739130434783,0.9199999999999999
2022-06-06,2022,walk_forward_validation,8,23,STB|HPG|MWG|POW|HDB|VRE|MBB|BID,0.625,0.6521739130434783,0.9583333333333334
2022-06-06,2022,walk_forward_validation,10,23,STB|HPG|MWG|POW|HDB|VRE|MBB|BID|BVH|VHM,0.6,0.6521739130434783,0.9199999999999999
2022-06-07,2022,walk_forward_validation,2,23,STB|MWG,0.5,0.5652173913043478,0.8846153846153847
2022-06-07,2022,walk_forward_validation,3,23,STB|MWG|BID,0.6666666666666666,0.5652173913043478,1.1794871794871795
2022-06-07,2022,walk_forward_validation,5,23,STB|MWG|BID|HPG|VPB,0.6,0.5652173913043478,1.0615384615384615
2022-06-07,2022,walk_forward_validation,8,23,STB|MWG|BID|HPG|VPB|HDB|SSI|MBB,0.625,0.5652173913043478,1.1057692307692308
2022-06-07,2022,walk_forward_validation,10,23,STB|MWG|BID|HPG|VPB|HDB|SSI|MBB|VRE|VHM,0.6,0.5652173913043478,1.0615384615384615
2022-06-08,2022,walk_forward_validation,2,23,HDB|FPT,1.0,0.5652173913043478,1.7692307692307694
2022-06-08,2022,walk_forward_validation,3,23,HDB|FPT|MWG,0.6666666666666666,0.5652173913043478,1.1794871794871795
2022-06-08,2022,walk_forward_validation,5,23,HDB|FPT|MWG|HPG|CTG,0.6,0.5652173913043478,1.0615384615384615
2022-06-08,2022,walk_forward_validation,8,23,HDB|FPT|MWG|HPG|CTG|MBB|VRE|GAS,0.5,0.5652173913043478,0.8846153846153847
2022-06-08,2022,walk_forward_validation,10,23,HDB|FPT|MWG|HPG|CTG|MBB|VRE|GAS|VPB|BID,0.6,0.5652173913043478,1.0615384615384615
2022-06-09,2022,walk_forward_validation,2,23,MWG|HDB,0.5,0.6086956521739131,0.8214285714285714
2022-06-09,2022,walk_forward_validation,3,23,MWG|HDB|VRE,0.3333333333333333,0.6086956521739131,0.5476190476190476
2022-06-09,2022,walk_forward_validation,5,23,MWG|HDB|VRE|VPB|MBB,0.6,0.6086956521739131,0.9857142857142857
2022-06-09,2022,walk_forward_validation,8,23,MWG|HDB|VRE|VPB|MBB|FPT|VHM|CTG,0.625,0.6086956521739131,1.0267857142857142
2022-06-09,2022,walk_forward_validation,10,23,MWG|HDB|VRE|VPB|MBB|FPT|VHM|CTG|TCB|BID,0.7,0.6086956521739131,1.15
2022-06-10,2022,walk_forward_validation,2,23,MWG|HDB,0.5,0.5217391304347826,0.9583333333333334
2022-06-10,2022,walk_forward_validation,3,23,MWG|HDB|FPT,0.6666666666666666,0.5217391304347826,1.2777777777777777
2022-06-10,2022,walk_forward_validation,5,23,MWG|HDB|FPT|SSI|VRE,0.4,0.5217391304347826,0.7666666666666667
2022-06-10,2022,walk_forward_validation,8,23,MWG|HDB|FPT|SSI|VRE|VPB|GAS|BID,0.5,0.5217391304347826,0.9583333333333334
2022-06-10,2022,walk_forward_validation,10,23,MWG|HDB|FPT|SSI|VRE|VPB|GAS|BID|MBB|STB,0.5,0.5217391304347826,0.9583333333333334
2022-06-13,2022,walk_forward_validation,2,23,BVH|FPT,1.0,0.5652173913043478,1.7692307692307694
2022-06-13,2022,walk_forward_validation,3,23,BVH|FPT|MWG,0.6666666666666666,0.5652173913043478,1.1794871794871795
2022-06-13,2022,walk_forward_validation,5,23,BVH|FPT|MWG|SSI|MBB,0.6,0.5652173913043478,1.0615384615384615
2022-06-13,2022,walk_forward_validation,8,23,BVH|FPT|MWG|SSI|MBB|VPB|VRE|STB,0.625,0.5652173913043478,1.1057692307692308
2022-06-13,2022,walk_forward_validation,10,23,BVH|FPT|MWG|SSI|MBB|VPB|VRE|STB|CTG|BID,0.7,0.5652173913043478,1.2384615384615385
2022-06-14,2022,walk_forward_validation,2,23,SSI|HPG,0.5,0.5217391304347826,0.9583333333333334
2022-06-14,2022,walk_forward_validation,3,23,SSI|HPG|HDB,0.3333333333333333,0.5217391304347826,0.6388888888888888
2022-06-14,2022,walk_forward_validation,5,23,SSI|HPG|HDB|MSN|MWG,0.4,0.5217391304347826,0.7666666666666667
2022-06-14,2022,walk_forward_validation,8,23,SSI|HPG|HDB|MSN|MWG|VPB|MBB|STB,0.625,0.5217391304347826,1.1979166666666667
2022-06-14,2022,walk_forward_validation,10,23,SSI|HPG|HDB|MSN|MWG|VPB|MBB|STB|BID|VRE,0.6,0.5217391304347826,1.15
2022-06-15,2022,walk_forward_validation,2,23,SSI|HPG,1.0,0.5217391304347826,1.9166666666666667
2022-06-15,2022,walk_forward_validation,3,23,SSI|HPG|HDB,0.6666666666666666,0.5217391304347826,1.2777777777777777
2022-06-15,2022,walk_forward_validation,5,23,SSI|HPG|HDB|STB|VPB,0.6,0.5217391304347826,1.15
2022-06-15,2022,walk_forward_validation,8,23,SSI|HPG|HDB|STB|VPB|MBB|VRE|MSN,0.5,0.5217391304347826,0.9583333333333334
2022-06-15,2022,walk_forward_validation,10,23,SSI|HPG|HDB|STB|VPB|MBB|VRE|MSN|MWG|BVH,0.5,0.5217391304347826,0.9583333333333334
2022-06-16,2022,walk_forward_validation,2,23,SSI|BVH,1.0,0.4782608695652174,2.090909090909091
2022-06-16,2022,walk_forward_validation,3,23,SSI|BVH|VRE,0.6666666666666666,0.4782608695652174,1.3939393939393938
2022-06-16,2022,walk_forward_validation,5,23,SSI|BVH|VRE|STB|HPG,0.6,0.4782608695652174,1.2545454545454544
2022-06-16,2022,walk_forward_validation,8,23,SSI|BVH|VRE|STB|HPG|HDB|VPB|MSN,0.5,0.4782608695652174,1.0454545454545454
2022-06-16,2022,walk_forward_validation,10,23,SSI|BVH|VRE|STB|HPG|HDB|VPB|MSN|BID|TCB,0.6,0.4782608695652174,1.2545454545454544
2022-06-17,2022,walk_forward_validation,2,23,SSI|MBB,1.0,0.5217391304347826,1.9166666666666667
2022-06-17,2022,walk_forward_validation,3,23,SSI|MBB|VPB,1.0,0.5217391304347826,1.9166666666666667
2022-06-17,2022,walk_forward_validation,5,23,SSI|MBB|VPB|STB|HPG,1.0,0.5217391304347826,1.9166666666666667
2022-06-17,2022,walk_forward_validation,8,23,SSI|MBB|VPB|STB|HPG|BID|TCB|CTG,1.0,0.5217391304347826,1.9166666666666667
2022-06-17,2022,walk_forward_validation,10,23,SSI|MBB|VPB|STB|HPG|BID|TCB|CTG|BVH|HDB,0.9,0.5217391304347826,1.725
2022-06-20,2022,walk_forward_validation,2,23,SSI|STB,1.0,0.5217391304347826,1.9166666666666667
2022-06-20,2022,walk_forward_validation,3,23,SSI|STB|HPG,1.0,0.5217391304347826,1.9166666666666667
2022-06-20,2022,walk_forward_validation,5,23,SSI|STB|HPG|MBB|BID,1.0,0.5217391304347826,1.9166666666666667
2022-06-20,2022,walk_forward_validation,8,23,SSI|STB|HPG|MBB|BID|CTG|VPB|TCB,1.0,0.5217391304347826,1.9166666666666667
2022-06-20,2022,walk_forward_validation,10,23,SSI|STB|HPG|MBB|BID|CTG|VPB|TCB|PLX|BVH,1.0,0.5217391304347826,1.9166666666666667
2022-06-21,2022,walk_forward_validation,2,23,SSI|HPG,1.0,0.5217391304347826,1.9166666666666667
2022-06-21,2022,walk_forward_validation,3,23,SSI|HPG|STB,1.0,0.5217391304347826,1.9166666666666667
2022-06-21,2022,walk_forward_validation,5,23,SSI|HPG|STB|BID|MBB,1.0,0.5217391304347826,1.9166666666666667
2022-06-21,2022,walk_forward_validation,8,23,SSI|HPG|STB|BID|MBB|POW|VPB|CTG,0.875,0.5217391304347826,1.6770833333333335
2022-06-21,2022,walk_forward_validation,10,23,SSI|HPG|STB|BID|MBB|POW|VPB|CTG|MWG|VRE,0.7,0.5217391304347826,1.3416666666666666
2022-06-22,2022,walk_forward_validation,2,23,SSI|MWG,0.5,0.5217391304347826,0.9583333333333334
2022-06-22,2022,walk_forward_validation,3,23,SSI|MWG|POW,0.6666666666666666,0.5217391304347826,1.2777777777777777
2022-06-22,2022,walk_forward_validation,5,23,SSI|MWG|POW|GAS|FPT,0.4,0.5217391304347826,0.7666666666666667
2022-06-22,2022,walk_forward_validation,8,23,SSI|MWG|POW|GAS|FPT|MBB|BID|STB,0.625,0.5217391304347826,1.1979166666666667
2022-06-22,2022,walk_forward_validation,10,23,SSI|MWG|POW|GAS|FPT|MBB|BID|STB|VPB|HPG,0.6,0.5217391304347826,1.15
2022-06-23,2022,walk_forward_validation,2,23,SSI|MWG,0.5,0.5217391304347826,0.9583333333333334
2022-06-23,2022,walk_forward_validation,3,23,SSI|MWG|STB,0.6666666666666666,0.5217391304347826,1.2777777777777777
2022-06-23,2022,walk_forward_validation,5,23,SSI|MWG|STB|BVH|MBB,0.8,0.5217391304347826,1.5333333333333334
2022-06-23,2022,walk_forward_validation,8,23,SSI|MWG|STB|BVH|MBB|TCB|VPB|BID,0.75,0.5217391304347826,1.4375
2022-06-23,2022,walk_forward_validation,10,23,SSI|MWG|STB|BVH|MBB|TCB|VPB|BID|POW|FPT,0.6,0.5217391304347826,1.15
2022-06-24,2022,walk_forward_validation,2,23,SSI|MWG,0.5,0.5217391304347826,0.9583333333333334
2022-06-24,2022,walk_forward_validation,3,23,SSI|MWG|POW,0.3333333333333333,0.5217391304347826,0.6388888888888888
2022-06-24,2022,walk_forward_validation,5,23,SSI|MWG|POW|BVH|STB,0.6,0.5217391304347826,1.15
2022-06-24,2022,walk_forward_validation,8,23,SSI|MWG|POW|BVH|STB|GAS|BID|MSN,0.5,0.5217391304347826,0.9583333333333334
2022-06-24,2022,walk_forward_validation,10,23,SSI|MWG|POW|BVH|STB|GAS|BID|MSN|HPG|MBB,0.6,0.5217391304347826,1.15
2022-06-27,2022,walk_forward_validation,2,23,SSI|MWG,0.5,0.4782608695652174,1.0454545454545454
2022-06-27,2022,walk_forward_validation,3,23,SSI|MWG|POW,0.3333333333333333,0.4782608695652174,0.6969696969696969
2022-06-27,2022,walk_forward_validation,5,23,SSI|MWG|POW|BVH|MSN,0.4,0.4782608695652174,0.8363636363636364
2022-06-27,2022,walk_forward_validation,8,23,SSI|MWG|POW|BVH|MSN|TCB|STB|VRE,0.5,0.4782608695652174,1.0454545454545454
2022-06-27,2022,walk_forward_validation,10,23,SSI|MWG|POW|BVH|MSN|TCB|STB|VRE|FPT|GAS,0.4,0.4782608695652174,0.8363636363636364
2022-06-28,2022,walk_forward_validation,2,23,SSI|MWG,0.5,0.391304347826087,1.2777777777777777
2022-06-28,2022,walk_forward_validation,3,23,SSI|MWG|BVH,0.3333333333333333,0.391304347826087,0.8518518518518517
2022-06-28,2022,walk_forward_validation,5,23,SSI|MWG|BVH|FPT|MSN,0.2,0.391304347826087,0.5111111111111111
2022-06-28,2022,walk_forward_validation,8,23,SSI|MWG|BVH|FPT|MSN|POW|VPB|TCB,0.25,0.391304347826087,0.6388888888888888
2022-06-28,2022,walk_forward_validation,10,23,SSI|MWG|BVH|FPT|MSN|POW|VPB|TCB|CTG|STB,0.4,0.391304347826087,1.0222222222222221
2022-06-29,2022,walk_forward_validation,2,23,SSI|STB,1.0,0.5217391304347826,1.9166666666666667
2022-06-29,2022,walk_forward_validation,3,23,SSI|STB|MWG,0.6666666666666666,0.5217391304347826,1.2777777777777777
2022-06-29,2022,walk_forward_validation,5,23,SSI|STB|MWG|BVH|VPB,0.6,0.5217391304347826,1.15
2022-06-29,2022,walk_forward_validation,8,23,SSI|STB|MWG|BVH|VPB|TCB|CTG|BID,0.75,0.5217391304347826,1.4375
2022-06-29,2022,walk_forward_validation,10,23,SSI|STB|MWG|BVH|VPB|TCB|CTG|BID|MBB|FPT,0.7,0.5217391304347826,1.3416666666666666
2022-06-30,2022,walk_forward_validation,2,23,SSI|STB,1.0,0.4782608695652174,2.090909090909091
2022-06-30,2022,walk_forward_validation,3,23,SSI|STB|BVH,1.0,0.4782608695652174,2.090909090909091
2022-06-30,2022,walk_forward_validation,5,23,SSI|STB|BVH|TCB|BID,1.0,0.4782608695652174,2.090909090909091
2022-06-30,2022,walk_forward_validation,8,23,SSI|STB|BVH|TCB|BID|MWG|CTG|VPB,0.75,0.4782608695652174,1.5681818181818181
2022-06-30,2022,walk_forward_validation,10,23,SSI|STB|BVH|TCB|BID|MWG|CTG|VPB|MSN|POW,0.6,0.4782608695652174,1.2545454545454544
2022-07-01,2022,walk_forward_validation,2,23,SSI|STB,1.0,0.4782608695652174,2.090909090909091
2022-07-01,2022,walk_forward_validation,3,23,SSI|STB|TCB,1.0,0.4782608695652174,2.090909090909091
2022-07-01,2022,walk_forward_validation,5,23,SSI|STB|TCB|MWG|BVH,0.8,0.4782608695652174,1.6727272727272728
2022-07-01,2022,walk_forward_validation,8,23,SSI|STB|TCB|MWG|BVH|CTG|HDB|VPB,0.625,0.4782608695652174,1.3068181818181819
2022-07-01,2022,walk_forward_validation,10,23,SSI|STB|TCB|MWG|BVH|CTG|HDB|VPB|FPT|VRE,0.5,0.4782608695652174,1.0454545454545454
2022-07-04,2022,walk_forward_validation,2,23,CTG|VPB,0.5,0.4782608695652174,1.0454545454545454
2022-07-04,2022,walk_forward_validation,3,23,CTG|VPB|SSI,0.6666666666666666,0.4782608695652174,1.3939393939393938
2022-07-04,2022,walk_forward_validation,5,23,CTG|VPB|SSI|TCB|BID,0.8,0.4782608695652174,1.6727272727272728
2022-07-04,2022,walk_forward_validation,8,23,CTG|VPB|SSI|TCB|BID|BVH|STB|FPT,0.75,0.4782608695652174,1.5681818181818181
2022-07-04,2022,walk_forward_validation,10,23,CTG|VPB|SSI|TCB|BID|BVH|STB|FPT|HDB|MWG,0.6,0.4782608695652174,1.2545454545454544
2022-07-05,2022,walk_forward_validation,2,23,VPB|SSI,0.5,0.391304347826087,1.2777777777777777
2022-07-05,2022,walk_forward_validation,3,23,VPB|SSI|BVH,0.6666666666666666,0.391304347826087,1.7037037037037035
2022-07-05,2022,walk_forward_validation,5,23,VPB|SSI|BVH|CTG|FPT,0.6,0.391304347826087,1.5333333333333332
2022-07-05,2022,walk_forward_validation,8,23,VPB|SSI|BVH|CTG|FPT|HDB|MBB|POW,0.5,0.391304347826087,1.2777777777777777
2022-07-05,2022,walk_forward_validation,10,23,VPB|SSI|BVH|CTG|FPT|HDB|MBB|POW|TCB|MWG,0.4,0.391304347826087,1.0222222222222221
2022-07-06,2022,walk_forward_validation,2,23,SSI|CTG,1.0,0.4782608695652174,2.090909090909091
2022-07-06,2022,walk_forward_validation,3,23,SSI|CTG|VPB,0.6666666666666666,0.4782608695652174,1.3939393939393938
2022-07-06,2022,walk_forward_validation,5,23,SSI|CTG|VPB|STB|GAS,0.8,0.4782608695652174,1.6727272727272728
2022-07-06,2022,walk_forward_validation,8,23,SSI|CTG|VPB|STB|GAS|BVH|HDB|TCB,0.625,0.4782608695652174,1.3068181818181819
2022-07-06,2022,walk_forward_validation,10,23,SSI|CTG|VPB|STB|GAS|BVH|HDB|TCB|FPT|BID,0.6,0.4782608695652174,1.2545454545454544
2022-07-07,2022,walk_forward_validation,2,23,VPB|SSI,0.5,0.391304347826087,1.2777777777777777
2022-07-07,2022,walk_forward_validation,3,23,VPB|SSI|STB,0.6666666666666666,0.391304347826087,1.7037037037037035
2022-07-07,2022,walk_forward_validation,5,23,VPB|SSI|STB|TCB|MBB,0.4,0.391304347826087,1.0222222222222221
2022-07-07,2022,walk_forward_validation,8,23,VPB|SSI|STB|TCB|MBB|VRE|CTG|FPT,0.375,0.391304347826087,0.9583333333333333
2022-07-07,2022,walk_forward_validation,10,23,VPB|SSI|STB|TCB|MBB|VRE|CTG|FPT|GAS|BVH,0.4,0.391304347826087,1.0222222222222221
2022-07-08,2022,walk_forward_validation,2,23,VPB|TCB,0.0,0.4782608695652174,0.0
2022-07-08,2022,walk_forward_validation,3,23,VPB|TCB|STB,0.3333333333333333,0.4782608695652174,0.6969696969696969
2022-07-08,2022,walk_forward_validation,5,23,VPB|TCB|STB|BID|CTG,0.6,0.4782608695652174,1.2545454545454544
2022-07-08,2022,walk_forward_validation,8,23,VPB|TCB|STB|BID|CTG|BVH|MBB|HDB,0.625,0.4782608695652174,1.3068181818181819
2022-07-08,2022,walk_forward_validation,10,23,VPB|TCB|STB|BID|CTG|BVH|MBB|HDB|MSN|MWG,0.5,0.4782608695652174,1.0454545454545454
2022-07-11,2022,walk_forward_validation,2,23,VPB|TCB,1.0,0.5652173913043478,1.7692307692307694
2022-07-11,2022,walk_forward_validation,3,23,VPB|TCB|STB,1.0,0.5652173913043478,1.7692307692307694
2022-07-11,2022,walk_forward_validation,5,23,VPB|TCB|STB|MBB|POW,1.0,0.5652173913043478,1.7692307692307694
2022-07-11,2022,walk_forward_validation,8,23,VPB|TCB|STB|MBB|POW|BID|CTG|MSN,0.875,0.5652173913043478,1.5480769230769231
2022-07-11,2022,walk_forward_validation,10,23,VPB|TCB|STB|MBB|POW|BID|CTG|MSN|BVH|HDB,0.8,0.5652173913043478,1.4153846153846155
2022-07-12,2022,walk_forward_validation,2,23,CTG|VPB,1.0,0.5217391304347826,1.9166666666666667
2022-07-12,2022,walk_forward_validation,3,23,CTG|VPB|MBB,1.0,0.5217391304347826,1.9166666666666667
2022-07-12,2022,walk_forward_validation,5,23,CTG|VPB|MBB|STB|TCB,1.0,0.5217391304347826,1.9166666666666667
2022-07-12,2022,walk_forward_validation,8,23,CTG|VPB|MBB|STB|TCB|BVH|PLX|HDB,0.625,0.5217391304347826,1.1979166666666667
2022-07-12,2022,walk_forward_validation,10,23,CTG|VPB|MBB|STB|TCB|BVH|PLX|HDB|GAS|POW,0.7,0.5217391304347826,1.3416666666666666
2022-07-13,2022,walk_forward_validation,2,23,MBB|VPB,1.0,0.4782608695652174,2.090909090909091
2022-07-13,2022,walk_forward_validation,3,23,MBB|VPB|GAS,1.0,0.4782608695652174,2.090909090909091
2022-07-13,2022,walk_forward_validation,5,23,MBB|VPB|GAS|TCB|STB,1.0,0.4782608695652174,2.090909090909091
2022-07-13,2022,walk_forward_validation,8,23,MBB|VPB|GAS|TCB|STB|HDB|BID|BVH,0.625,0.4782608695652174,1.3068181818181819
2022-07-13,2022,walk_forward_validation,10,23,MBB|VPB|GAS|TCB|STB|HDB|BID|BVH|FPT|PLX,0.5,0.4782608695652174,1.0454545454545454
2022-07-14,2022,walk_forward_validation,2,23,MWG|VPB,0.0,0.391304347826087,0.0
2022-07-14,2022,walk_forward_validation,3,23,MWG|VPB|STB,0.3333333333333333,0.391304347826087,0.8518518518518517
2022-07-14,2022,walk_forward_validation,5,23,MWG|VPB|STB|HDB|MBB,0.4,0.391304347826087,1.0222222222222221
2022-07-14,2022,walk_forward_validation,8,23,MWG|VPB|STB|HDB|MBB|TCB|BID|BVH,0.5,0.391304347826087,1.2777777777777777
2022-07-14,2022,walk_forward_validation,10,23,MWG|VPB|STB|HDB|MBB|TCB|BID|BVH|GAS|CTG,0.5,0.391304347826087,1.2777777777777777
2022-07-15,2022,walk_forward_validation,2,23,MWG|POW,0.5,0.43478260869565216,1.1500000000000001
2022-07-15,2022,walk_forward_validation,3,23,MWG|POW|VPB,0.3333333333333333,0.43478260869565216,0.7666666666666666
2022-07-15,2022,walk_forward_validation,5,23,MWG|POW|VPB|STB|HDB,0.6,0.43478260869565216,1.38
2022-07-15,2022,walk_forward_validation,8,23,MWG|POW|VPB|STB|HDB|GAS|MBB|BVH,0.5,0.43478260869565216,1.1500000000000001
2022-07-15,2022,walk_forward_validation,10,23,MWG|POW|VPB|STB|HDB|GAS|MBB|BVH|MSN|FPT,0.4,0.43478260869565216,0.92
2022-07-18,2022,walk_forward_validation,2,23,MWG|MSN,0.0,0.391304347826087,0.0
2022-07-18,2022,walk_forward_validation,3,23,MWG|MSN|PLX,0.0,0.391304347826087,0.0
2022-07-18,2022,walk_forward_validation,5,23,MWG|MSN|PLX|VPB|GAS,0.2,0.391304347826087,0.5111111111111111
2022-07-18,2022,walk_forward_validation,8,23,MWG|MSN|PLX|VPB|GAS|BVH|STB|FPT,0.25,0.391304347826087,0.6388888888888888
2022-07-18,2022,walk_forward_validation,10,23,MWG|MSN|PLX|VPB|GAS|BVH|STB|FPT|MBB|POW,0.2,0.391304347826087,0.5111111111111111
2022-07-19,2022,walk_forward_validation,2,23,MWG|FPT,0.5,0.4782608695652174,1.0454545454545454
2022-07-19,2022,walk_forward_validation,3,23,MWG|FPT|POW,0.3333333333333333,0.4782608695652174,0.6969696969696969
2022-07-19,2022,walk_forward_validation,5,23,MWG|FPT|POW|VPB|VNM,0.2,0.4782608695652174,0.4181818181818182
2022-07-19,2022,walk_forward_validation,8,23,MWG|FPT|POW|VPB|VNM|MBB|MSN|BVH,0.125,0.4782608695652174,0.26136363636363635
2022-07-19,2022,walk_forward_validation,10,23,MWG|FPT|POW|VPB|VNM|MBB|MSN|BVH|STB|GAS,0.3,0.4782608695652174,0.6272727272727272
2022-07-20,2022,walk_forward_validation,2,23,MBB|BVH,0.5,0.6086956521739131,0.8214285714285714
2022-07-20,2022,walk_forward_validation,3,23,MBB|BVH|STB,0.6666666666666666,0.6086956521739131,1.0952380952380951
2022-07-20,2022,walk_forward_validation,5,23,MBB|BVH|STB|VPB|TCB,0.8,0.6086956521739131,1.3142857142857143
2022-07-20,2022,walk_forward_validation,8,23,MBB|BVH|STB|VPB|TCB|MWG|PLX|CTG,0.625,0.6086956521739131,1.0267857142857142
2022-07-20,2022,walk_forward_validation,10,23,MBB|BVH|STB|VPB|TCB|MWG|PLX|CTG|FPT|VNM,0.5,0.6086956521739131,0.8214285714285714
2022-07-21,2022,walk_forward_validation,2,23,STB|CTG,0.5,0.4782608695652174,1.0454545454545454
2022-07-21,2022,walk_forward_validation,3,23,STB|CTG|MBB,0.6666666666666666,0.4782608695652174,1.3939393939393938
2022-07-21,2022,walk_forward_validation,5,23,STB|CTG|MBB|TCB|FPT,0.4,0.4782608695652174,0.8363636363636364
2022-07-21,2022,walk_forward_validation,8,23,STB|CTG|MBB|TCB|FPT|MSN|VPB|HDB,0.5,0.4782608695652174,1.0454545454545454
2022-07-21,2022,walk_forward_validation,10,23,STB|CTG|MBB|TCB|FPT|MSN|VPB|HDB|BVH|PLX,0.4,0.4782608695652174,0.8363636363636364
2022-07-22,2022,walk_forward_validation,2,23,STB|TCB,0.5,0.4782608695652174,1.0454545454545454
2022-07-22,2022,walk_forward_validation,3,23,STB|TCB|MBB,0.6666666666666666,0.4782608695652174,1.3939393939393938
2022-07-22,2022,walk_forward_validation,5,23,STB|TCB|MBB|CTG|BVH,0.4,0.4782608695652174,0.8363636363636364
2022-07-22,2022,walk_forward_validation,8,23,STB|TCB|MBB|CTG|BVH|MWG|VPB|FPT,0.375,0.4782608695652174,0.7840909090909091
2022-07-22,2022,walk_forward_validation,10,23,STB|TCB|MBB|CTG|BVH|MWG|VPB|FPT|MSN|PLX,0.3,0.4782608695652174,0.6272727272727272
2022-07-25,2022,walk_forward_validation,2,23,STB|CTG,0.5,0.4782608695652174,1.0454545454545454
2022-07-25,2022,walk_forward_validation,3,23,STB|CTG|TCB,0.3333333333333333,0.4782608695652174,0.6969696969696969
2022-07-25,2022,walk_forward_validation,5,23,STB|CTG|TCB|MBB|FPT,0.4,0.4782608695652174,0.8363636363636364
2022-07-25,2022,walk_forward_validation,8,23,STB|CTG|TCB|MBB|FPT|VPB|BVH|BID,0.5,0.4782608695652174,1.0454545454545454
2022-07-25,2022,walk_forward_validation,10,23,STB|CTG|TCB|MBB|FPT|VPB|BVH|BID|MSN|SSI,0.5,0.4782608695652174,1.0454545454545454
2022-07-26,2022,walk_forward_validation,2,23,STB|CTG,0.5,0.5217391304347826,0.9583333333333334
2022-07-26,2022,walk_forward_validation,3,23,STB|CTG|TCB,0.3333333333333333,0.5217391304347826,0.6388888888888888
2022-07-26,2022,walk_forward_validation,5,23,STB|CTG|TCB|SSI|MBB,0.6,0.5217391304347826,1.15
2022-07-26,2022,walk_forward_validation,8,23,STB|CTG|TCB|SSI|MBB|BID|MSN|VPB,0.625,0.5217391304347826,1.1979166666666667
2022-07-26,2022,walk_forward_validation,10,23,STB|CTG|TCB|SSI|MBB|BID|MSN|VPB|POW|FPT,0.5,0.5217391304347826,0.9583333333333334
2022-07-27,2022,walk_forward_validation,2,23,STB|MBB,1.0,0.6086956521739131,1.6428571428571428
2022-07-27,2022,walk_forward_validation,3,23,STB|MBB|SSI,1.0,0.6086956521739131,1.6428571428571428
2022-07-27,2022,walk_forward_validation,5,23,STB|MBB|SSI|BID|POW,0.8,0.6086956521739131,1.3142857142857143
2022-07-27,2022,walk_forward_validation,8,23,STB|MBB|SSI|BID|POW|CTG|PLX|BVH,0.5,0.6086956521739131,0.8214285714285714
2022-07-27,2022,walk_forward_validation,10,23,STB|MBB|SSI|BID|POW|CTG|PLX|BVH|MWG|MSN,0.5,0.6086956521739131,0.8214285714285714
2022-07-28,2022,walk_forward_validation,2,23,MBB|STB,0.5,0.4782608695652174,1.0454545454545454
2022-07-28,2022,walk_forward_validation,3,23,MBB|STB|CTG,0.3333333333333333,0.4782608695652174,0.6969696969696969
2022-07-28,2022,walk_forward_validation,5,23,MBB|STB|CTG|TCB|BID,0.4,0.4782608695652174,0.8363636363636364
2022-07-28,2022,walk_forward_validation,8,23,MBB|STB|CTG|TCB|BID|HDB|MWG|VPB,0.625,0.4782608695652174,1.3068181818181819
2022-07-28,2022,walk_forward_validation,10,23,MBB|STB|CTG|TCB|BID|HDB|MWG|VPB|FPT|PLX,0.5,0.4782608695652174,1.0454545454545454
2022-07-29,2022,walk_forward_validation,2,23,CTG|STB,0.0,0.391304347826087,0.0
2022-07-29,2022,walk_forward_validation,3,23,CTG|STB|VPB,0.3333333333333333,0.391304347826087,0.8518518518518517
2022-07-29,2022,walk_forward_validation,5,23,CTG|STB|VPB|BID|TCB,0.2,0.391304347826087,0.5111111111111111
2022-07-29,2022,walk_forward_validation,8,23,CTG|STB|VPB|BID|TCB|MBB|VNM|MWG,0.375,0.391304347826087,0.9583333333333333
2022-07-29,2022,walk_forward_validation,10,23,CTG|STB|VPB|BID|TCB|MBB|VNM|MWG|BVH|HDB,0.4,0.391304347826087,1.0222222222222221
2022-08-01,2022,walk_forward_validation,2,23,STB|TCB,0.0,0.391304347826087,0.0
2022-08-01,2022,walk_forward_validation,3,23,STB|TCB|MBB,0.3333333333333333,0.391304347826087,0.8518518518518517
2022-08-01,2022,walk_forward_validation,5,23,STB|TCB|MBB|CTG|BID,0.2,0.391304347826087,0.5111111111111111
2022-08-01,2022,walk_forward_validation,8,23,STB|TCB|MBB|CTG|BID|VPB|HDB|PLX,0.375,0.391304347826087,0.9583333333333333
2022-08-01,2022,walk_forward_validation,10,23,STB|TCB|MBB|CTG|BID|VPB|HDB|PLX|BVH|MWG,0.4,0.391304347826087,1.0222222222222221
2022-08-02,2022,walk_forward_validation,2,23,STB|MBB,0.5,0.4782608695652174,1.0454545454545454
2022-08-02,2022,walk_forward_validation,3,23,STB|MBB|BID,0.6666666666666666,0.4782608695652174,1.3939393939393938
2022-08-02,2022,walk_forward_validation,5,23,STB|MBB|BID|MSN|CTG,0.6,0.4782608695652174,1.2545454545454544
2022-08-02,2022,walk_forward_validation,8,23,STB|MBB|BID|MSN|CTG|TCB|VPB|VCB,0.625,0.4782608695652174,1.3068181818181819
2022-08-02,2022,walk_forward_validation,10,23,STB|MBB|BID|MSN|CTG|TCB|VPB|VCB|POW|BVH,0.5,0.4782608695652174,1.0454545454545454
2022-08-03,2022,walk_forward_validation,2,23,STB|MBB,0.5,0.43478260869565216,1.1500000000000001
2022-08-03,2022,walk_forward_validation,3,23,STB|MBB|CTG,0.3333333333333333,0.43478260869565216,0.7666666666666666
2022-08-03,2022,walk_forward_validation,5,23,STB|MBB|CTG|TCB|BID,0.2,0.43478260869565216,0.46
2022-08-03,2022,walk_forward_validation,8,23,STB|MBB|CTG|TCB|BID|VPB|MSN|HDB,0.5,0.43478260869565216,1.1500000000000001
2022-08-03,2022,walk_forward_validation,10,23,STB|MBB|CTG|TCB|BID|VPB|MSN|HDB|FPT|VNM,0.6,0.43478260869565216,1.38
2022-08-04,2022,walk_forward_validation,2,23,STB|MBB,0.5,0.391304347826087,1.2777777777777777
2022-08-04,2022,walk_forward_validation,3,23,STB|MBB|CTG,0.3333333333333333,0.391304347826087,0.8518518518518517
2022-08-04,2022,walk_forward_validation,5,23,STB|MBB|CTG|BID|VPB,0.4,0.391304347826087,1.0222222222222221
2022-08-04,2022,walk_forward_validation,8,23,STB|MBB|CTG|BID|VPB|HDB|TCB|MSN,0.5,0.391304347826087,1.2777777777777777
2022-08-04,2022,walk_forward_validation,10,23,STB|MBB|CTG|BID|VPB|HDB|TCB|MSN|PLX|VCB,0.4,0.391304347826087,1.0222222222222221
2022-08-05,2022,walk_forward_validation,2,23,STB|MBB,0.5,0.43478260869565216,1.1500000000000001
2022-08-05,2022,walk_forward_validation,3,23,STB|MBB|VPB,0.6666666666666666,0.43478260869565216,1.5333333333333332
2022-08-05,2022,walk_forward_validation,5,23,STB|MBB|VPB|CTG|BID,0.6,0.43478260869565216,1.38
2022-08-05,2022,walk_forward_validation,8,23,STB|MBB|VPB|CTG|BID|HDB|TCB|FPT,0.5,0.43478260869565216,1.1500000000000001
2022-08-05,2022,walk_forward_validation,10,23,STB|MBB|VPB|CTG|BID|HDB|TCB|FPT|PLX|POW,0.5,0.43478260869565216,1.1500000000000001
2022-08-08,2022,walk_forward_validation,2,23,MBB|STB,0.5,0.391304347826087,1.2777777777777777
2022-08-08,2022,walk_forward_validation,3,23,MBB|STB|SSI,0.3333333333333333,0.391304347826087,0.8518518518518517
2022-08-08,2022,walk_forward_validation,5,23,MBB|STB|SSI|VPB|TCB,0.4,0.391304347826087,1.0222222222222221
2022-08-08,2022,walk_forward_validation,8,23,MBB|STB|SSI|VPB|TCB|CTG|HDB|BID,0.375,0.391304347826087,0.9583333333333333
2022-08-08,2022,walk_forward_validation,10,23,MBB|STB|SSI|VPB|TCB|CTG|HDB|BID|POW|FPT,0.4,0.391304347826087,1.0222222222222221
2022-08-09,2022,walk_forward_validation,2,23,MBB|STB,0.5,0.391304347826087,1.2777777777777777
2022-08-09,2022,walk_forward_validation,3,23,MBB|STB|VPB,0.6666666666666666,0.391304347826087,1.7037037037037035
2022-08-09,2022,walk_forward_validation,5,23,MBB|STB|VPB|SSI|CTG,0.4,0.391304347826087,1.0222222222222221
2022-08-09,2022,walk_forward_validation,8,23,MBB|STB|VPB|SSI|CTG|BID|TCB|HDB,0.375,0.391304347826087,0.9583333333333333
2022-08-09,2022,walk_forward_validation,10,23,MBB|STB|VPB|SSI|CTG|BID|TCB|HDB|POW|FPT,0.4,0.391304347826087,1.0222222222222221
2022-08-10,2022,walk_forward_validation,2,23,VPB|SSI,0.5,0.43478260869565216,1.1500000000000001
2022-08-10,2022,walk_forward_validation,3,23,VPB|SSI|MBB,0.6666666666666666,0.43478260869565216,1.5333333333333332
2022-08-10,2022,walk_forward_validation,5,23,VPB|SSI|MBB|STB|CTG,0.4,0.43478260869565216,0.92
2022-08-10,2022,walk_forward_validation,8,23,VPB|SSI|MBB|STB|CTG|TCB|HDB|BID,0.375,0.43478260869565216,0.8625
2022-08-10,2022,walk_forward_validation,10,23,VPB|SSI|MBB|STB|CTG|TCB|HDB|BID|POW|PLX,0.4,0.43478260869565216,0.92
2022-08-11,2022,walk_forward_validation,2,23,SSI|STB,0.0,0.5217391304347826,0.0
2022-08-11,2022,walk_forward_validation,3,23,SSI|STB|MBB,0.3333333333333333,0.5217391304347826,0.6388888888888888
2022-08-11,2022,walk_forward_validation,5,23,SSI|STB|MBB|HDB|BID,0.4,0.5217391304347826,0.7666666666666667
2022-08-11,2022,walk_forward_validation,8,23,SSI|STB|MBB|HDB|BID|CTG|VPB|TCB,0.375,0.5217391304347826,0.71875
2022-08-11,2022,walk_forward_validation,10,23,SSI|STB|MBB|HDB|BID|CTG|VPB|TCB|VRE|PLX,0.3,0.5217391304347826,0.575
2022-08-12,2022,walk_forward_validation,2,23,SSI|STB,0.0,0.5217391304347826,0.0
2022-08-12,2022,walk_forward_validation,3,23,SSI|STB|BID,0.0,0.5217391304347826,0.0
2022-08-12,2022,walk_forward_validation,5,23,SSI|STB|BID|HDB|MBB,0.4,0.5217391304347826,0.7666666666666667
2022-08-12,2022,walk_forward_validation,8,23,SSI|STB|BID|HDB|MBB|POW|CTG|VPB,0.5,0.5217391304347826,0.9583333333333334
2022-08-12,2022,walk_forward_validation,10,23,SSI|STB|BID|HDB|MBB|POW|CTG|VPB|VCB|TCB,0.4,0.5217391304347826,0.7666666666666667
2022-08-15,2022,walk_forward_validation,2,23,STB|SSI,0.0,0.4782608695652174,0.0
2022-08-15,2022,walk_forward_validation,3,23,STB|SSI|CTG,0.0,0.4782608695652174,0.0
2022-08-15,2022,walk_forward_validation,5,23,STB|SSI|CTG|MBB|HDB,0.2,0.4782608695652174,0.4181818181818182
2022-08-15,2022,walk_forward_validation,8,23,STB|SSI|CTG|MBB|HDB|FPT|VPB|BID,0.25,0.4782608695652174,0.5227272727272727
2022-08-15,2022,walk_forward_validation,10,23,STB|SSI|CTG|MBB|HDB|FPT|VPB|BID|TCB|POW,0.3,0.4782608695652174,0.6272727272727272
2022-08-16,2022,walk_forward_validation,2,23,MBB|HDB,0.0,0.43478260869565216,0.0
2022-08-16,2022,walk_forward_validation,3,23,MBB|HDB|STB,0.0,0.43478260869565216,0.0
2022-08-16,2022,walk_forward_validation,5,23,MBB|HDB|STB|SSI|CTG,0.0,0.43478260869565216,0.0
2022-08-16,2022,walk_forward_validation,8,23,MBB|HDB|STB|SSI|CTG|BID|FPT|VPB,0.125,0.43478260869565216,0.28750000000000003
2022-08-16,2022,walk_forward_validation,10,23,MBB|HDB|STB|SSI|CTG|BID|FPT|VPB|PLX|TCB,0.1,0.43478260869565216,0.23
2022-08-17,2022,walk_forward_validation,2,23,SSI|MBB,0.0,0.4782608695652174,0.0
2022-08-17,2022,walk_forward_validation,3,23,SSI|MBB|HDB,0.0,0.4782608695652174,0.0
2022-08-17,2022,walk_forward_validation,5,23,SSI|MBB|HDB|STB|PLX,0.0,0.4782608695652174,0.0
2022-08-17,2022,walk_forward_validation,8,23,SSI|MBB|HDB|STB|PLX|TCB|GAS|CTG,0.125,0.4782608695652174,0.26136363636363635
2022-08-17,2022,walk_forward_validation,10,23,SSI|MBB|HDB|STB|PLX|TCB|GAS|CTG|VRE|BID,0.2,0.4782608695652174,0.4181818181818182
2022-08-18,2022,walk_forward_validation,2,23,SSI|HDB,0.0,0.4782608695652174,0.0
2022-08-18,2022,walk_forward_validation,3,23,SSI|HDB|MBB,0.0,0.4782608695652174,0.0
2022-08-18,2022,walk_forward_validation,5,23,SSI|HDB|MBB|STB|FPT,0.2,0.4782608695652174,0.4181818181818182
2022-08-18,2022,walk_forward_validation,8,23,SSI|HDB|MBB|STB|FPT|GAS|VPB|VRE,0.5,0.4782608695652174,1.0454545454545454
2022-08-18,2022,walk_forward_validation,10,23,SSI|HDB|MBB|STB|FPT|GAS|VPB|VRE|MSN|TCB,0.5,0.4782608695652174,1.0454545454545454
2022-08-19,2022,walk_forward_validation,2,23,MBB|SSI,0.0,0.4782608695652174,0.0
2022-08-19,2022,walk_forward_validation,3,23,MBB|SSI|HDB,0.0,0.4782608695652174,0.0
2022-08-19,2022,walk_forward_validation,5,23,MBB|SSI|HDB|VPB|STB,0.0,0.4782608695652174,0.0
2022-08-19,2022,walk_forward_validation,8,23,MBB|SSI|HDB|VPB|STB|GAS|CTG|PLX,0.0,0.4782608695652174,0.0
2022-08-19,2022,walk_forward_validation,10,23,MBB|SSI|HDB|VPB|STB|GAS|CTG|PLX|VRE|BID,0.1,0.4782608695652174,0.2090909090909091
2022-08-22,2022,walk_forward_validation,2,23,MBB|VPB,0.0,0.4782608695652174,0.0
2022-08-22,2022,walk_forward_validation,3,23,MBB|VPB|SSI,0.0,0.4782608695652174,0.0
2022-08-22,2022,walk_forward_validation,5,23,MBB|VPB|SSI|GAS|CTG,0.0,0.4782608695652174,0.0
2022-08-22,2022,walk_forward_validation,8,23,MBB|VPB|SSI|GAS|CTG|STB|BID|PLX,0.0,0.4782608695652174,0.0
2022-08-22,2022,walk_forward_validation,10,23,MBB|VPB|SSI|GAS|CTG|STB|BID|PLX|HDB|VRE,0.2,0.4782608695652174,0.4181818181818182
2022-08-23,2022,walk_forward_validation,2,23,MBB|VPB,0.0,0.5652173913043478,0.0
2022-08-23,2022,walk_forward_validation,3,23,MBB|VPB|GAS,0.0,0.5652173913043478,0.0
2022-08-23,2022,walk_forward_validation,5,23,MBB|VPB|GAS|SSI|BID,0.0,0.5652173913043478,0.0
2022-08-23,2022,walk_forward_validation,8,23,MBB|VPB|GAS|SSI|BID|STB|PLX|POW,0.125,0.5652173913043478,0.22115384615384617
2022-08-23,2022,walk_forward_validation,10,23,MBB|VPB|GAS|SSI|BID|STB|PLX|POW|HDB|CTG,0.2,0.5652173913043478,0.35384615384615387
2022-08-24,2022,walk_forward_validation,2,23,MBB|VPB,0.0,0.5217391304347826,0.0
2022-08-24,2022,walk_forward_validation,3,23,MBB|VPB|STB,0.0,0.5217391304347826,0.0
2022-08-24,2022,walk_forward_validation,5,23,MBB|VPB|STB|GAS|SSI,0.2,0.5217391304347826,0.38333333333333336
2022-08-24,2022,walk_forward_validation,8,23,MBB|VPB|STB|GAS|SSI|PLX|TCB|CTG,0.125,0.5217391304347826,0.23958333333333334
2022-08-24,2022,walk_forward_validation,10,23,MBB|VPB|STB|GAS|SSI|PLX|TCB|CTG|BID|POW,0.2,0.5217391304347826,0.38333333333333336
2022-08-25,2022,walk_forward_validation,2,23,MBB|VPB,0.0,0.5217391304347826,0.0
2022-08-25,2022,walk_forward_validation,3,23,MBB|VPB|SSI,0.0,0.5217391304347826,0.0
2022-08-25,2022,walk_forward_validation,5,23,MBB|VPB|SSI|STB|TCB,0.0,0.5217391304347826,0.0
2022-08-25,2022,walk_forward_validation,8,23,MBB|VPB|SSI|STB|TCB|GAS|CTG|HDB,0.125,0.5217391304347826,0.23958333333333334
2022-08-25,2022,walk_forward_validation,10,23,MBB|VPB|SSI|STB|TCB|GAS|CTG|HDB|MWG|POW,0.2,0.5217391304347826,0.38333333333333336
2022-08-26,2022,walk_forward_validation,2,23,MBB|SSI,0.0,0.4782608695652174,0.0
2022-08-26,2022,walk_forward_validation,3,23,MBB|SSI|VPB,0.0,0.4782608695652174,0.0
2022-08-26,2022,walk_forward_validation,5,23,MBB|SSI|VPB|POW|PLX,0.0,0.4782608695652174,0.0
2022-08-26,2022,walk_forward_validation,8,23,MBB|SSI|VPB|POW|PLX|GAS|STB|TCB,0.125,0.4782608695652174,0.26136363636363635
2022-08-26,2022,walk_forward_validation,10,23,MBB|SSI|VPB|POW|PLX|GAS|STB|TCB|HDB|VCB,0.2,0.4782608695652174,0.4181818181818182
2022-08-29,2022,walk_forward_validation,2,23,MBB|SSI,0.0,0.5217391304347826,0.0
2022-08-29,2022,walk_forward_validation,3,23,MBB|SSI|VPB,0.0,0.5217391304347826,0.0
2022-08-29,2022,walk_forward_validation,5,23,MBB|SSI|VPB|GAS|STB,0.0,0.5217391304347826,0.0
2022-08-29,2022,walk_forward_validation,8,23,MBB|SSI|VPB|GAS|STB|PLX|MSN|POW,0.25,0.5217391304347826,0.4791666666666667
2022-08-29,2022,walk_forward_validation,10,23,MBB|SSI|VPB|GAS|STB|PLX|MSN|POW|FPT|CTG,0.3,0.5217391304347826,0.575
2022-08-30,2022,walk_forward_validation,2,23,MBB|SSI,0.0,0.43478260869565216,0.0
2022-08-30,2022,walk_forward_validation,3,23,MBB|SSI|GAS,0.3333333333333333,0.43478260869565216,0.7666666666666666
2022-08-30,2022,walk_forward_validation,5,23,MBB|SSI|GAS|MSN|BID,0.2,0.43478260869565216,0.46
2022-08-30,2022,walk_forward_validation,8,23,MBB|SSI|GAS|MSN|BID|CTG|VPB|STB,0.125,0.43478260869565216,0.28750000000000003
2022-08-30,2022,walk_forward_validation,10,23,MBB|SSI|GAS|MSN|BID|CTG|VPB|STB|PLX|TCB,0.1,0.43478260869565216,0.23
2022-08-31,2022,walk_forward_validation,2,23,MBB|MSN,0.0,0.391304347826087,0.0
2022-08-31,2022,walk_forward_validation,3,23,MBB|MSN|GAS,0.3333333333333333,0.391304347826087,0.8518518518518517
2022-08-31,2022,walk_forward_validation,5,23,MBB|MSN|GAS|VPB|BID,0.2,0.391304347826087,0.5111111111111111
2022-08-31,2022,walk_forward_validation,8,23,MBB|MSN|GAS|VPB|BID|HDB|STB|SSI,0.25,0.391304347826087,0.6388888888888888
2022-08-31,2022,walk_forward_validation,10,23,MBB|MSN|GAS|VPB|BID|HDB|STB|SSI|CTG|POW,0.2,0.391304347826087,0.5111111111111111
2022-09-05,2022,walk_forward_validation,2,23,MSN|MBB,0.0,0.391304347826087,0.0
2022-09-05,2022,walk_forward_validation,3,23,MSN|MBB|GAS,0.3333333333333333,0.391304347826087,0.8518518518518517
2022-09-05,2022,walk_forward_validation,5,23,MSN|MBB|GAS|VPB|SSI,0.2,0.391304347826087,0.5111111111111111
2022-09-05,2022,walk_forward_validation,8,23,MSN|MBB|GAS|VPB|SSI|POW|BVH|BID,0.125,0.391304347826087,0.3194444444444444
2022-09-05,2022,walk_forward_validation,10,23,MSN|MBB|GAS|VPB|SSI|POW|BVH|BID|CTG|HPG,0.1,0.391304347826087,0.25555555555555554
2022-09-06,2022,walk_forward_validation,2,23,MBB|MSN,0.0,0.391304347826087,0.0
2022-09-06,2022,walk_forward_validation,3,23,MBB|MSN|BID,0.0,0.391304347826087,0.0
2022-09-06,2022,walk_forward_validation,5,23,MBB|MSN|BID|CTG|VPB,0.0,0.391304347826087,0.0
2022-09-06,2022,walk_forward_validation,8,23,MBB|MSN|BID|CTG|VPB|HDB|POW|SSI,0.125,0.391304347826087,0.3194444444444444
2022-09-06,2022,walk_forward_validation,10,23,MBB|MSN|BID|CTG|VPB|HDB|POW|SSI|STB|BVH,0.1,0.391304347826087,0.25555555555555554
2022-09-07,2022,walk_forward_validation,2,23,POW|GAS,0.5,0.43478260869565216,1.1500000000000001
2022-09-07,2022,walk_forward_validation,3,23,POW|GAS|MBB,0.3333333333333333,0.43478260869565216,0.7666666666666666
2022-09-07,2022,walk_forward_validation,5,23,POW|GAS|MBB|MSN|BID,0.2,0.43478260869565216,0.46
2022-09-07,2022,walk_forward_validation,8,23,POW|GAS|MBB|MSN|BID|HDB|SSI|CTG,0.125,0.43478260869565216,0.28750000000000003
2022-09-07,2022,walk_forward_validation,10,23,POW|GAS|MBB|MSN|BID|HDB|SSI|CTG|STB|HPG,0.1,0.43478260869565216,0.23
2022-09-08,2022,walk_forward_validation,2,23,POW|MBB,0.0,0.4782608695652174,0.0
2022-09-08,2022,walk_forward_validation,3,23,POW|MBB|GAS,0.3333333333333333,0.4782608695652174,0.6969696969696969
2022-09-08,2022,walk_forward_validation,5,23,POW|MBB|GAS|SSI|CTG,0.2,0.4782608695652174,0.4181818181818182
2022-09-08,2022,walk_forward_validation,8,23,POW|MBB|GAS|SSI|CTG|MSN|BID|HDB,0.25,0.4782608695652174,0.5227272727272727
2022-09-08,2022,walk_forward_validation,10,23,POW|MBB|GAS|SSI|CTG|MSN|BID|HDB|HPG|STB,0.2,0.4782608695652174,0.4181818181818182
2022-09-09,2022,walk_forward_validation,2,23,POW|MSN,0.0,0.4782608695652174,0.0
2022-09-09,2022,walk_forward_validation,3,23,POW|MSN|MBB,0.0,0.4782608695652174,0.0
2022-09-09,2022,walk_forward_validation,5,23,POW|MSN|MBB|GAS|HPG,0.2,0.4782608695652174,0.4181818181818182
2022-09-09,2022,walk_forward_validation,8,23,POW|MSN|MBB|GAS|HPG|HDB|VPB|SSI,0.25,0.4782608695652174,0.5227272727272727
2022-09-09,2022,walk_forward_validation,10,23,POW|MSN|MBB|GAS|HPG|HDB|VPB|SSI|SAB|BID,0.3,0.4782608695652174,0.6272727272727272
2022-09-12,2022,walk_forward_validation,2,23,POW|GAS,0.5,0.391304347826087,1.2777777777777777
2022-09-12,2022,walk_forward_validation,3,23,POW|GAS|HPG,0.3333333333333333,0.391304347826087,0.8518518518518517
2022-09-12,2022,walk_forward_validation,5,23,POW|GAS|HPG|MSN|SSI,0.2,0.391304347826087,0.5111111111111111
2022-09-12,2022,walk_forward_validation,8,23,POW|GAS|HPG|MSN|SSI|VPB|MBB|BID,0.125,0.391304347826087,0.3194444444444444
2022-09-12,2022,walk_forward_validation,10,23,POW|GAS|HPG|MSN|SSI|VPB|MBB|BID|CTG|HDB,0.1,0.391304347826087,0.25555555555555554
2022-09-13,2022,walk_forward_validation,2,23,POW|MSN,0.0,0.43478260869565216,0.0
2022-09-13,2022,walk_forward_validation,3,23,POW|MSN|GAS,0.3333333333333333,0.43478260869565216,0.7666666666666666
2022-09-13,2022,walk_forward_validation,5,23,POW|MSN|GAS|SSI|HPG,0.2,0.43478260869565216,0.46
2022-09-13,2022,walk_forward_validation,8,23,POW|MSN|GAS|SSI|HPG|CTG|VRE|MBB,0.25,0.43478260869565216,0.5750000000000001
2022-09-13,2022,walk_forward_validation,10,23,POW|MSN|GAS|SSI|HPG|CTG|VRE|MBB|HDB|VPB,0.2,0.43478260869565216,0.46
2022-09-14,2022,walk_forward_validation,2,23,POW|MSN,0.0,0.4782608695652174,0.0
2022-09-14,2022,walk_forward_validation,3,23,POW|MSN|GAS,0.3333333333333333,0.4782608695652174,0.6969696969696969
2022-09-14,2022,walk_forward_validation,5,23,POW|MSN|GAS|HPG|VPB,0.2,0.4782608695652174,0.4181818181818182
2022-09-14,2022,walk_forward_validation,8,23,POW|MSN|GAS|HPG|VPB|CTG|VRE|SSI,0.25,0.4782608695652174,0.5227272727272727
2022-09-14,2022,walk_forward_validation,10,23,POW|MSN|GAS|HPG|VPB|CTG|VRE|SSI|HDB|MBB,0.2,0.4782608695652174,0.4181818181818182
2022-09-15,2022,walk_forward_validation,2,23,POW|MSN,0.0,0.4782608695652174,0.0
2022-09-15,2022,walk_forward_validation,3,23,POW|MSN|GAS,0.3333333333333333,0.4782608695652174,0.6969696969696969
2022-09-15,2022,walk_forward_validation,5,23,POW|MSN|GAS|VRE|CTG,0.4,0.4782608695652174,0.8363636363636364
2022-09-15,2022,walk_forward_validation,8,23,POW|MSN|GAS|VRE|CTG|BID|VPB|HPG,0.375,0.4782608695652174,0.7840909090909091
2022-09-15,2022,walk_forward_validation,10,23,POW|MSN|GAS|VRE|CTG|BID|VPB|HPG|VHM|SSI,0.4,0.4782608695652174,0.8363636363636364
2022-09-16,2022,walk_forward_validation,2,23,POW|MSN,0.0,0.4782608695652174,0.0
2022-09-16,2022,walk_forward_validation,3,23,POW|MSN|GAS,0.3333333333333333,0.4782608695652174,0.6969696969696969
2022-09-16,2022,walk_forward_validation,5,23,POW|MSN|GAS|CTG|HPG,0.4,0.4782608695652174,0.8363636363636364
2022-09-16,2022,walk_forward_validation,8,23,POW|MSN|GAS|CTG|HPG|VRE|SSI|VPB,0.25,0.4782608695652174,0.5227272727272727
2022-09-16,2022,walk_forward_validation,10,23,POW|MSN|GAS|CTG|HPG|VRE|SSI|VPB|BID|HDB,0.3,0.4782608695652174,0.6272727272727272
2022-09-19,2022,walk_forward_validation,2,23,SSI|VRE,0.5,0.43478260869565216,1.1500000000000001
2022-09-19,2022,walk_forward_validation,3,23,SSI|VRE|POW,0.3333333333333333,0.43478260869565216,0.7666666666666666
2022-09-19,2022,walk_forward_validation,5,23,SSI|VRE|POW|MSN|VPB,0.2,0.43478260869565216,0.46
2022-09-19,2022,walk_forward_validation,8,23,SSI|VRE|POW|MSN|VPB|HPG|GAS|BID,0.375,0.43478260869565216,0.8625
2022-09-19,2022,walk_forward_validation,10,23,SSI|VRE|POW|MSN|VPB|HPG|GAS|BID|CTG|HDB,0.4,0.43478260869565216,0.92
2022-09-20,2022,walk_forward_validation,2,23,VRE|SSI,0.5,0.4782608695652174,1.0454545454545454
2022-09-20,2022,walk_forward_validation,3,23,VRE|SSI|MSN,0.3333333333333333,0.4782608695652174,0.6969696969696969
2022-09-20,2022,walk_forward_validation,5,23,VRE|SSI|MSN|POW|VPB,0.2,0.4782608695652174,0.4181818181818182
2022-09-20,2022,walk_forward_validation,8,23,VRE|SSI|MSN|POW|VPB|GAS|CTG|BID,0.5,0.4782608695652174,1.0454545454545454
2022-09-20,2022,walk_forward_validation,10,23,VRE|SSI|MSN|POW|VPB|GAS|CTG|BID|HPG|VHM,0.4,0.4782608695652174,0.8363636363636364
2022-09-21,2022,walk_forward_validation,2,23,SSI|POW,0.0,0.4782608695652174,0.0
2022-09-21,2022,walk_forward_validation,3,23,SSI|POW|MSN,0.0,0.4782608695652174,0.0
2022-09-21,2022,walk_forward_validation,5,23,SSI|POW|MSN|HDB|VRE,0.2,0.4782608695652174,0.4181818181818182
2022-09-21,2022,walk_forward_validation,8,23,SSI|POW|MSN|HDB|VRE|BID|CTG|HPG,0.375,0.4782608695652174,0.7840909090909091
2022-09-21,2022,walk_forward_validation,10,23,SSI|POW|MSN|HDB|VRE|BID|CTG|HPG|GAS|VPB,0.4,0.4782608695652174,0.8363636363636364
2022-09-22,2022,walk_forward_validation,2,23,SSI|VRE,0.5,0.5217391304347826,0.9583333333333334
2022-09-22,2022,walk_forward_validation,3,23,SSI|VRE|POW,0.3333333333333333,0.5217391304347826,0.6388888888888888
2022-09-22,2022,walk_forward_validation,5,23,SSI|VRE|POW|CTG|VIC,0.6,0.5217391304347826,1.15
2022-09-22,2022,walk_forward_validation,8,23,SSI|VRE|POW|CTG|VIC|HPG|GAS|BID,0.625,0.5217391304347826,1.1979166666666667
2022-09-22,2022,walk_forward_validation,10,23,SSI|VRE|POW|CTG|VIC|HPG|GAS|BID|MSN|VCB,0.6,0.5217391304347826,1.15
2022-09-23,2022,walk_forward_validation,2,23,SSI|GAS,0.5,0.43478260869565216,1.1500000000000001
2022-09-23,2022,walk_forward_validation,3,23,SSI|GAS|HPG,0.3333333333333333,0.43478260869565216,0.7666666666666666
2022-09-23,2022,walk_forward_validation,5,23,SSI|GAS|HPG|VRE|BID,0.4,0.43478260869565216,0.92
2022-09-23,2022,walk_forward_validation,8,23,SSI|GAS|HPG|VRE|BID|POW|CTG|VNM,0.5,0.43478260869565216,1.1500000000000001
2022-09-23,2022,walk_forward_validation,10,23,SSI|GAS|HPG|VRE|BID|POW|CTG|VNM|HDB|STB,0.5,0.43478260869565216,1.1500000000000001
2022-09-26,2022,walk_forward_validation,2,23,SSI|CTG,0.5,0.43478260869565216,1.1500000000000001
2022-09-26,2022,walk_forward_validation,3,23,SSI|CTG|VRE,0.3333333333333333,0.43478260869565216,0.7666666666666666
2022-09-26,2022,walk_forward_validation,5,23,SSI|CTG|VRE|BID|GAS,0.6,0.43478260869565216,1.38
2022-09-26,2022,walk_forward_validation,8,23,SSI|CTG|VRE|BID|GAS|HDB|POW|STB,0.5,0.43478260869565216,1.1500000000000001
2022-09-26,2022,walk_forward_validation,10,23,SSI|CTG|VRE|BID|GAS|HDB|POW|STB|HPG|VNM,0.5,0.43478260869565216,1.1500000000000001
2022-09-27,2022,walk_forward_validation,2,23,SSI|CTG,0.5,0.4782608695652174,1.0454545454545454
2022-09-27,2022,walk_forward_validation,3,23,SSI|CTG|VRE,0.6666666666666666,0.4782608695652174,1.3939393939393938
2022-09-27,2022,walk_forward_validation,5,23,SSI|CTG|VRE|GAS|HDB,0.6,0.4782608695652174,1.2545454545454544
2022-09-27,2022,walk_forward_validation,8,23,SSI|CTG|VRE|GAS|HDB|POW|BID|HPG,0.5,0.4782608695652174,1.0454545454545454
2022-09-27,2022,walk_forward_validation,10,23,SSI|CTG|VRE|GAS|HDB|POW|BID|HPG|VNM|VIC,0.6,0.4782608695652174,1.2545454545454544
2022-09-28,2022,walk_forward_validation,2,23,SSI|VRE,0.0,0.43478260869565216,0.0
2022-09-28,2022,walk_forward_validation,3,23,SSI|VRE|GAS,0.3333333333333333,0.43478260869565216,0.7666666666666666
2022-09-28,2022,walk_forward_validation,5,23,SSI|VRE|GAS|HDB|CTG,0.4,0.43478260869565216,0.92
2022-09-28,2022,walk_forward_validation,8,23,SSI|VRE|GAS|HDB|CTG|POW|HPG|BID,0.375,0.43478260869565216,0.8625
2022-09-28,2022,walk_forward_validation,10,23,SSI|VRE|GAS|HDB|CTG|POW|HPG|BID|VIC|BVH,0.5,0.43478260869565216,1.1500000000000001
2022-09-29,2022,walk_forward_validation,2,23,SSI|CTG,0.5,0.4782608695652174,1.0454545454545454
2022-09-29,2022,walk_forward_validation,3,23,SSI|CTG|HDB,0.3333333333333333,0.4782608695652174,0.6969696969696969
2022-09-29,2022,walk_forward_validation,5,23,SSI|CTG|HDB|VRE|POW,0.2,0.4782608695652174,0.4181818181818182
2022-09-29,2022,walk_forward_validation,8,23,SSI|CTG|HDB|VRE|POW|BID|HPG|VIC,0.375,0.4782608695652174,0.7840909090909091
2022-09-29,2022,walk_forward_validation,10,23,SSI|CTG|HDB|VRE|POW|BID|HPG|VIC|GAS|STB,0.4,0.4782608695652174,0.8363636363636364
2022-09-30,2022,walk_forward_validation,2,23,SSI|BID,0.5,0.4782608695652174,1.0454545454545454
2022-09-30,2022,walk_forward_validation,3,23,SSI|BID|CTG,0.6666666666666666,0.4782608695652174,1.3939393939393938
2022-09-30,2022,walk_forward_validation,5,23,SSI|BID|CTG|POW|HDB,0.4,0.4782608695652174,0.8363636363636364
2022-09-30,2022,walk_forward_validation,8,23,SSI|BID|CTG|POW|HDB|STB|GAS|PLX,0.375,0.4782608695652174,0.7840909090909091
2022-09-30,2022,walk_forward_validation,10,23,SSI|BID|CTG|POW|HDB|STB|GAS|PLX|VRE|HPG,0.3,0.4782608695652174,0.6272727272727272
2022-10-03,2022,walk_forward_validation,2,23,SSI|CTG,0.5,0.5217391304347826,0.9583333333333334
2022-10-03,2022,walk_forward_validation,3,23,SSI|CTG|BID,0.6666666666666666,0.5217391304347826,1.2777777777777777
2022-10-03,2022,walk_forward_validation,5,23,SSI|CTG|BID|STB|POW,0.4,0.5217391304347826,0.7666666666666667
2022-10-03,2022,walk_forward_validation,8,23,SSI|CTG|BID|STB|POW|HPG|BVH|VRE,0.375,0.5217391304347826,0.71875
2022-10-03,2022,walk_forward_validation,10,23,SSI|CTG|BID|STB|POW|HPG|BVH|VRE|HDB|GAS,0.4,0.5217391304347826,0.7666666666666667
2022-10-04,2022,walk_forward_validation,2,23,SSI|CTG,0.5,0.4782608695652174,1.0454545454545454
2022-10-04,2022,walk_forward_validation,3,23,SSI|CTG|STB,0.3333333333333333,0.4782608695652174,0.6969696969696969
2022-10-04,2022,walk_forward_validation,5,23,SSI|CTG|STB|BID|HPG,0.4,0.4782608695652174,0.8363636363636364
2022-10-04,2022,walk_forward_validation,8,23,SSI|CTG|STB|BID|HPG|BVH|POW|HDB,0.375,0.4782608695652174,0.7840909090909091
2022-10-04,2022,walk_forward_validation,10,23,SSI|CTG|STB|BID|HPG|BVH|POW|HDB|MBB|GAS,0.4,0.4782608695652174,0.8363636363636364
2022-10-05,2022,walk_forward_validation,2,23,SSI|CTG,0.5,0.4782608695652174,1.0454545454545454
2022-10-05,2022,walk_forward_validation,3,23,SSI|CTG|BID,0.6666666666666666,0.4782608695652174,1.3939393939393938
2022-10-05,2022,walk_forward_validation,5,23,SSI|CTG|BID|STB|POW,0.4,0.4782608695652174,0.8363636363636364
2022-10-05,2022,walk_forward_validation,8,23,SSI|CTG|BID|STB|POW|HPG|BVH|HDB,0.375,0.4782608695652174,0.7840909090909091
2022-10-05,2022,walk_forward_validation,10,23,SSI|CTG|BID|STB|POW|HPG|BVH|HDB|VPB|MBB,0.5,0.4782608695652174,1.0454545454545454
2022-10-06,2022,walk_forward_validation,2,23,SSI|CTG,0.5,0.5652173913043478,0.8846153846153847
2022-10-06,2022,walk_forward_validation,3,23,SSI|CTG|STB,0.6666666666666666,0.5652173913043478,1.1794871794871795
2022-10-06,2022,walk_forward_validation,5,23,SSI|CTG|STB|POW|BID,0.6,0.5652173913043478,1.0615384615384615
2022-10-06,2022,walk_forward_validation,8,23,SSI|CTG|STB|POW|BID|HPG|MBB|BVH,0.625,0.5652173913043478,1.1057692307692308
2022-10-06,2022,walk_forward_validation,10,23,SSI|CTG|STB|POW|BID|HPG|MBB|BVH|MWG|MSN,0.6,0.5652173913043478,1.0615384615384615
2022-10-07,2022,walk_forward_validation,2,23,SSI|CTG,0.5,0.5652173913043478,0.8846153846153847
2022-10-07,2022,walk_forward_validation,3,23,SSI|CTG|STB,0.6666666666666666,0.5652173913043478,1.1794871794871795
2022-10-07,2022,walk_forward_validation,5,23,SSI|CTG|STB|POW|BID,0.6,0.5652173913043478,1.0615384615384615
2022-10-07,2022,walk_forward_validation,8,23,SSI|CTG|STB|POW|BID|HPG|MWG|MSN,0.5,0.5652173913043478,0.8846153846153847
2022-10-07,2022,walk_forward_validation,10,23,SSI|CTG|STB|POW|BID|HPG|MWG|MSN|VPB|MBB,0.6,0.5652173913043478,1.0615384615384615
2022-10-10,2022,walk_forward_validation,2,23,SSI|STB,0.0,0.5217391304347826,0.0
2022-10-10,2022,walk_forward_validation,3,23,SSI|STB|CTG,0.3333333333333333,0.5217391304347826,0.6388888888888888
2022-10-10,2022,walk_forward_validation,5,23,SSI|STB|CTG|BID|POW,0.4,0.5217391304347826,0.7666666666666667
2022-10-10,2022,walk_forward_validation,8,23,SSI|STB|CTG|BID|POW|MBB|TCB|MSN,0.5,0.5217391304347826,0.9583333333333334
2022-10-10,2022,walk_forward_validation,10,23,SSI|STB|CTG|BID|POW|MBB|TCB|MSN|HPG|MWG,0.4,0.5217391304347826,0.7666666666666667
2022-10-11,2022,walk_forward_validation,2,23,SSI|STB,0.5,0.6521739130434783,0.7666666666666666
2022-10-11,2022,walk_forward_validation,3,23,SSI|STB|CTG,0.6666666666666666,0.6521739130434783,1.0222222222222221
2022-10-11,2022,walk_forward_validation,5,23,SSI|STB|CTG|POW|MBB,0.8,0.6521739130434783,1.2266666666666668
2022-10-11,2022,walk_forward_validation,8,23,SSI|STB|CTG|POW|MBB|TCB|BID|HPG,0.75,0.6521739130434783,1.15
2022-10-11,2022,walk_forward_validation,10,23,SSI|STB|CTG|POW|MBB|TCB|BID|HPG|MWG|VRE,0.7,0.6521739130434783,1.0733333333333333
2022-10-12,2022,walk_forward_validation,2,23,SSI|STB,0.5,0.6521739130434783,0.7666666666666666
2022-10-12,2022,walk_forward_validation,3,23,SSI|STB|TCB,0.6666666666666666,0.6521739130434783,1.0222222222222221
2022-10-12,2022,walk_forward_validation,5,23,SSI|STB|TCB|CTG|POW,0.8,0.6521739130434783,1.2266666666666668
2022-10-12,2022,walk_forward_validation,8,23,SSI|STB|TCB|CTG|POW|BID|MBB|HPG,0.75,0.6521739130434783,1.15
2022-10-12,2022,walk_forward_validation,10,23,SSI|STB|TCB|CTG|POW|BID|MBB|HPG|MWG|VRE,0.7,0.6521739130434783,1.0733333333333333
2022-10-13,2022,walk_forward_validation,2,23,SSI|STB,0.0,0.6086956521739131,0.0
2022-10-13,2022,walk_forward_validation,3,23,SSI|STB|TCB,0.0,0.6086956521739131,0.0
2022-10-13,2022,walk_forward_validation,5,23,SSI|STB|TCB|POW|CTG,0.4,0.6086956521739131,0.6571428571428571
2022-10-13,2022,walk_forward_validation,8,23,SSI|STB|TCB|POW|CTG|MBB|BID|MSN,0.625,0.6086956521739131,1.0267857142857142
2022-10-13,2022,walk_forward_validation,10,23,SSI|STB|TCB|POW|CTG|MBB|BID|MSN|HPG|VRE,0.6,0.6086956521739131,0.9857142857142857
2022-10-14,2022,walk_forward_validation,2,23,SSI|STB,0.0,0.6521739130434783,0.0
2022-10-14,2022,walk_forward_validation,3,23,SSI|STB|TCB,0.0,0.6521739130434783,0.0
2022-10-14,2022,walk_forward_validation,5,23,SSI|STB|TCB|CTG|POW,0.4,0.6521739130434783,0.6133333333333334
2022-10-14,2022,walk_forward_validation,8,23,SSI|STB|TCB|CTG|POW|MBB|HPG|BID,0.5,0.6521739130434783,0.7666666666666666
2022-10-14,2022,walk_forward_validation,10,23,SSI|STB|TCB|CTG|POW|MBB|HPG|BID|MSN|VCB,0.6,0.6521739130434783,0.9199999999999999
2022-10-17,2022,walk_forward_validation,2,23,SSI|TCB,0.0,0.6086956521739131,0.0
2022-10-17,2022,walk_forward_validation,3,23,SSI|TCB|CTG,0.3333333333333333,0.6086956521739131,0.5476190476190476
2022-10-17,2022,walk_forward_validation,5,23,SSI|TCB|CTG|BID|MBB,0.4,0.6086956521739131,0.6571428571428571
2022-10-17,2022,walk_forward_validation,8,23,SSI|TCB|CTG|BID|MBB|HPG|STB|POW,0.375,0.6086956521739131,0.6160714285714285
2022-10-17,2022,walk_forward_validation,10,23,SSI|TCB|CTG|BID|MBB|HPG|STB|POW|VRE|MWG,0.4,0.6086956521739131,0.6571428571428571
2022-10-18,2022,walk_forward_validation,2,23,SSI|STB,0.0,0.6521739130434783,0.0
2022-10-18,2022,walk_forward_validation,3,23,SSI|STB|TCB,0.0,0.6521739130434783,0.0
2022-10-18,2022,walk_forward_validation,5,23,SSI|STB|TCB|HPG|BID,0.2,0.6521739130434783,0.3066666666666667
2022-10-18,2022,walk_forward_validation,8,23,SSI|STB|TCB|HPG|BID|MBB|CTG|POW,0.375,0.6521739130434783,0.575
2022-10-18,2022,walk_forward_validation,10,23,SSI|STB|TCB|HPG|BID|MBB|CTG|POW|MWG|BVH,0.4,0.6521739130434783,0.6133333333333334
2022-10-19,2022,walk_forward_validation,2,23,SSI|STB,0.5,0.7391304347826086,0.6764705882352942
2022-10-19,2022,walk_forward_validation,3,23,SSI|STB|HPG,0.3333333333333333,0.7391304347826086,0.45098039215686275
2022-10-19,2022,walk_forward_validation,5,23,SSI|STB|HPG|TCB|CTG,0.4,0.7391304347826086,0.5411764705882354
2022-10-19,2022,walk_forward_validation,8,23,SSI|STB|HPG|TCB|CTG|BID|POW|MBB,0.5,0.7391304347826086,0.6764705882352942
2022-10-19,2022,walk_forward_validation,10,23,SSI|STB|HPG|TCB|CTG|BID|POW|MBB|MSN|VRE,0.6,0.7391304347826086,0.8117647058823529
2022-10-20,2022,walk_forward_validation,2,23,SSI|STB,0.5,0.6956521739130435,0.71875
2022-10-20,2022,walk_forward_validation,3,23,SSI|STB|HPG,0.3333333333333333,0.6956521739130435,0.47916666666666663
2022-10-20,2022,walk_forward_validation,5,23,SSI|STB|HPG|TCB|BID,0.6,0.6956521739130435,0.8625
2022-10-20,2022,walk_forward_validation,8,23,SSI|STB|HPG|TCB|BID|MBB|CTG|POW,0.625,0.6956521739130435,0.8984375
2022-10-20,2022,walk_forward_validation,10,23,SSI|STB|HPG|TCB|BID|MBB|CTG|POW|VRE|MWG,0.6,0.6956521739130435,0.8625
2022-10-21,2022,walk_forward_validation,2,23,SSI|TCB,1.0,0.7391304347826086,1.3529411764705883
2022-10-21,2022,walk_forward_validation,3,23,SSI|TCB|STB,1.0,0.7391304347826086,1.3529411764705883
2022-10-21,2022,walk_forward_validation,5,23,SSI|TCB|STB|HPG|CTG,0.8,0.7391304347826086,1.0823529411764707
2022-10-21,2022,walk_forward_validation,8,23,SSI|TCB|STB|HPG|CTG|MBB|POW|MWG,0.75,0.7391304347826086,1.0147058823529413
2022-10-21,2022,walk_forward_validation,10,23,SSI|TCB|STB|HPG|CTG|MBB|POW|MWG|MSN|BID,0.8,0.7391304347826086,1.0823529411764707
2022-10-24,2022,walk_forward_validation,2,23,SSI|TCB,1.0,0.782608695652174,1.2777777777777777
2022-10-24,2022,walk_forward_validation,3,23,SSI|TCB|STB,1.0,0.782608695652174,1.2777777777777777
2022-10-24,2022,walk_forward_validation,5,23,SSI|TCB|STB|MWG|MBB,0.8,0.782608695652174,1.0222222222222221
2022-10-24,2022,walk_forward_validation,8,23,SSI|TCB|STB|MWG|MBB|HPG|POW|BID,0.75,0.782608695652174,0.9583333333333333
2022-10-24,2022,walk_forward_validation,10,23,SSI|TCB|STB|MWG|MBB|HPG|POW|BID|CTG|VRE,0.8,0.782608695652174,1.0222222222222221
2022-10-25,2022,walk_forward_validation,2,23,TCB|SSI,1.0,0.8260869565217391,1.2105263157894737
2022-10-25,2022,walk_forward_validation,3,23,TCB|SSI|STB,1.0,0.8260869565217391,1.2105263157894737
2022-10-25,2022,walk_forward_validation,5,23,TCB|SSI|STB|MWG|POW,0.8,0.8260869565217391,0.968421052631579
2022-10-25,2022,walk_forward_validation,8,23,TCB|SSI|STB|MWG|POW|MBB|HPG|MSN,0.75,0.8260869565217391,0.9078947368421053
2022-10-25,2022,walk_forward_validation,10,23,TCB|SSI|STB|MWG|POW|MBB|HPG|MSN|PLX|BID,0.8,0.8260869565217391,0.968421052631579
2022-10-26,2022,walk_forward_validation,2,23,SSI|TCB,1.0,0.782608695652174,1.2777777777777777
2022-10-26,2022,walk_forward_validation,3,23,SSI|TCB|STB,1.0,0.782608695652174,1.2777777777777777
2022-10-26,2022,walk_forward_validation,5,23,SSI|TCB|STB|MBB|MWG,0.8,0.782608695652174,1.0222222222222221
2022-10-26,2022,walk_forward_validation,8,23,SSI|TCB|STB|MBB|MWG|POW|HPG|VRE,0.75,0.782608695652174,0.9583333333333333
2022-10-26,2022,walk_forward_validation,10,23,SSI|TCB|STB|MBB|MWG|POW|HPG|VRE|CTG|BID,0.8,0.782608695652174,1.0222222222222221
2022-10-27,2022,walk_forward_validation,2,23,TCB|SSI,1.0,0.7391304347826086,1.3529411764705883
2022-10-27,2022,walk_forward_validation,3,23,TCB|SSI|STB,1.0,0.7391304347826086,1.3529411764705883
2022-10-27,2022,walk_forward_validation,5,23,TCB|SSI|STB|MWG|VRE,0.8,0.7391304347826086,1.0823529411764707
2022-10-27,2022,walk_forward_validation,8,23,TCB|SSI|STB|MWG|VRE|POW|MBB|HPG,0.625,0.7391304347826086,0.8455882352941178
2022-10-27,2022,walk_forward_validation,10,23,TCB|SSI|STB|MWG|VRE|POW|MBB|HPG|BID|CTG,0.7,0.7391304347826086,0.9470588235294117
2022-10-28,2022,walk_forward_validation,2,23,SSI|STB,1.0,0.782608695652174,1.2777777777777777
2022-10-28,2022,walk_forward_validation,3,23,SSI|STB|HPG,0.6666666666666666,0.782608695652174,0.8518518518518517
2022-10-28,2022,walk_forward_validation,5,23,SSI|STB|HPG|BID|VRE,0.8,0.782608695652174,1.0222222222222221
2022-10-28,2022,walk_forward_validation,8,23,SSI|STB|HPG|BID|VRE|TCB|POW|MBB,0.625,0.782608695652174,0.798611111111111
2022-10-28,2022,walk_forward_validation,10,23,SSI|STB|HPG|BID|VRE|TCB|POW|MBB|MWG|CTG,0.6,0.782608695652174,0.7666666666666666
2022-10-31,2022,walk_forward_validation,2,23,HPG|SSI,1.0,0.7391304347826086,1.3529411764705883
2022-10-31,2022,walk_forward_validation,3,23,HPG|SSI|STB,1.0,0.7391304347826086,1.3529411764705883
2022-10-31,2022,walk_forward_validation,5,23,HPG|SSI|STB|MWG|POW,0.8,0.7391304347826086,1.0823529411764707
2022-10-31,2022,walk_forward_validation,8,23,HPG|SSI|STB|MWG|POW|MBB|TCB|VRE,0.75,0.7391304347826086,1.0147058823529413
2022-10-31,2022,walk_forward_validation,10,23,HPG|SSI|STB|MWG|POW|MBB|TCB|VRE|BID|BVH,0.7,0.7391304347826086,0.9470588235294117
2022-11-01,2022,walk_forward_validation,2,23,HPG|MWG,0.5,0.6086956521739131,0.8214285714285714
2022-11-01,2022,walk_forward_validation,3,23,HPG|MWG|SSI,0.6666666666666666,0.6086956521739131,1.0952380952380951
2022-11-01,2022,walk_forward_validation,5,23,HPG|MWG|SSI|MBB|POW,0.6,0.6086956521739131,0.9857142857142857
2022-11-01,2022,walk_forward_validation,8,23,HPG|MWG|SSI|MBB|POW|BID|STB|CTG,0.75,0.6086956521739131,1.232142857142857
2022-11-01,2022,walk_forward_validation,10,23,HPG|MWG|SSI|MBB|POW|BID|STB|CTG|BVH|VNM,0.7,0.6086956521739131,1.15
2022-11-02,2022,walk_forward_validation,2,23,MWG|HPG,0.5,0.6086956521739131,0.8214285714285714
2022-11-02,2022,walk_forward_validation,3,23,MWG|HPG|SSI,0.6666666666666666,0.6086956521739131,1.0952380952380951
2022-11-02,2022,walk_forward_validation,5,23,MWG|HPG|SSI|BID|POW,0.8,0.6086956521739131,1.3142857142857143
2022-11-02,2022,walk_forward_validation,8,23,MWG|HPG|SSI|BID|POW|CTG|MBB|STB,0.75,0.6086956521739131,1.232142857142857
2022-11-02,2022,walk_forward_validation,10,23,MWG|HPG|SSI|BID|POW|CTG|MBB|STB|VNM|FPT,0.7,0.6086956521739131,1.15
2022-11-03,2022,walk_forward_validation,2,23,HPG|MWG,0.5,0.6086956521739131,0.8214285714285714
2022-11-03,2022,walk_forward_validation,3,23,HPG|MWG|BID,0.6666666666666666,0.6086956521739131,1.0952380952380951
2022-11-03,2022,walk_forward_validation,5,23,HPG|MWG|BID|CTG|SSI,0.8,0.6086956521739131,1.3142857142857143
2022-11-03,2022,walk_forward_validation,8,23,HPG|MWG|BID|CTG|SSI|MBB|POW|STB,0.75,0.6086956521739131,1.232142857142857
2022-11-03,2022,walk_forward_validation,10,23,HPG|MWG|BID|CTG|SSI|MBB|POW|STB|BVH|HDB,0.6,0.6086956521739131,0.9857142857142857
2022-11-04,2022,walk_forward_validation,2,23,MWG|SSI,0.5,0.5652173913043478,0.8846153846153847
2022-11-04,2022,walk_forward_validation,3,23,MWG|SSI|HPG,0.6666666666666666,0.5652173913043478,1.1794871794871795
2022-11-04,2022,walk_forward_validation,5,23,MWG|SSI|HPG|POW|STB,0.8,0.5652173913043478,1.4153846153846155
2022-11-04,2022,walk_forward_validation,8,23,MWG|SSI|HPG|POW|STB|BVH|BID|MBB,0.625,0.5652173913043478,1.1057692307692308
2022-11-04,2022,walk_forward_validation,10,23,MWG|SSI|HPG|POW|STB|BVH|BID|MBB|HDB|FPT,0.5,0.5652173913043478,0.8846153846153847
2022-11-07,2022,walk_forward_validation,2,23,MWG|SSI,0.5,0.6086956521739131,0.8214285714285714
2022-11-07,2022,walk_forward_validation,3,23,MWG|SSI|HPG,0.6666666666666666,0.6086956521739131,1.0952380952380951
2022-11-07,2022,walk_forward_validation,5,23,MWG|SSI|HPG|STB|TCB,0.8,0.6086956521739131,1.3142857142857143
2022-11-07,2022,walk_forward_validation,8,23,MWG|SSI|HPG|STB|TCB|CTG|MBB|HDB,0.75,0.6086956521739131,1.232142857142857
2022-11-07,2022,walk_forward_validation,10,23,MWG|SSI|HPG|STB|TCB|CTG|MBB|HDB|POW|BID,0.8,0.6086956521739131,1.3142857142857143
2022-11-08,2022,walk_forward_validation,2,23,HPG|MWG,0.5,0.5652173913043478,0.8846153846153847
2022-11-08,2022,walk_forward_validation,3,23,HPG|MWG|SSI,0.6666666666666666,0.5652173913043478,1.1794871794871795
2022-11-08,2022,walk_forward_validation,5,23,HPG|MWG|SSI|STB|HDB,0.8,0.5652173913043478,1.4153846153846155
2022-11-08,2022,walk_forward_validation,8,23,HPG|MWG|SSI|STB|HDB|MBB|CTG|BVH,0.625,0.5652173913043478,1.1057692307692308
2022-11-08,2022,walk_forward_validation,10,23,HPG|MWG|SSI|STB|HDB|MBB|CTG|BVH|VRE|POW,0.6,0.5652173913043478,1.0615384615384615
2022-11-09,2022,walk_forward_validation,2,23,HPG|SSI,1.0,0.5217391304347826,1.9166666666666667
2022-11-09,2022,walk_forward_validation,3,23,HPG|SSI|MWG,0.6666666666666666,0.5217391304347826,1.2777777777777777
2022-11-09,2022,walk_forward_validation,5,23,HPG|SSI|MWG|STB|MBB,0.6,0.5217391304347826,1.15
2022-11-09,2022,walk_forward_validation,8,23,HPG|SSI|MWG|STB|MBB|CTG|HDB|POW,0.625,0.5217391304347826,1.1979166666666667
2022-11-09,2022,walk_forward_validation,10,23,HPG|SSI|MWG|STB|MBB|CTG|HDB|POW|BVH|VRE,0.6,0.5217391304347826,1.15
2022-11-10,2022,walk_forward_validation,2,23,HPG|MWG,0.5,0.5217391304347826,0.9583333333333334
2022-11-10,2022,walk_forward_validation,3,23,HPG|MWG|SSI,0.6666666666666666,0.5217391304347826,1.2777777777777777
2022-11-10,2022,walk_forward_validation,5,23,HPG|MWG|SSI|STB|MBB,0.8,0.5217391304347826,1.5333333333333334
2022-11-10,2022,walk_forward_validation,8,23,HPG|MWG|SSI|STB|MBB|CTG|TCB|POW,0.75,0.5217391304347826,1.4375
2022-11-10,2022,walk_forward_validation,10,23,HPG|MWG|SSI|STB|MBB|CTG|TCB|POW|BID|BVH,0.7,0.5217391304347826,1.3416666666666666
2022-11-11,2022,walk_forward_validation,2,23,HPG|MWG,0.5,0.5217391304347826,0.9583333333333334
2022-11-11,2022,walk_forward_validation,3,23,HPG|MWG|SSI,0.6666666666666666,0.5217391304347826,1.2777777777777777
2022-11-11,2022,walk_forward_validation,5,23,HPG|MWG|SSI|STB|MBB,0.8,0.5217391304347826,1.5333333333333334
2022-11-11,2022,walk_forward_validation,8,23,HPG|MWG|SSI|STB|MBB|CTG|TCB|BID,0.75,0.5217391304347826,1.4375
2022-11-11,2022,walk_forward_validation,10,23,HPG|MWG|SSI|STB|MBB|CTG|TCB|BID|BVH|VRE,0.7,0.5217391304347826,1.3416666666666666
2022-11-14,2022,walk_forward_validation,2,23,HPG|MWG,1.0,0.4782608695652174,2.090909090909091
2022-11-14,2022,walk_forward_validation,3,23,HPG|MWG|SSI,1.0,0.4782608695652174,2.090909090909091
2022-11-14,2022,walk_forward_validation,5,23,HPG|MWG|SSI|MBB|STB,1.0,0.4782608695652174,2.090909090909091
2022-11-14,2022,walk_forward_validation,8,23,HPG|MWG|SSI|MBB|STB|TCB|BVH|CTG,0.875,0.4782608695652174,1.8295454545454546
2022-11-14,2022,walk_forward_validation,10,23,HPG|MWG|SSI|MBB|STB|TCB|BVH|CTG|POW|VPB,0.7,0.4782608695652174,1.4636363636363634
2022-11-15,2022,walk_forward_validation,2,23,MWG|MBB,1.0,0.6521739130434783,1.5333333333333332
2022-11-15,2022,walk_forward_validation,3,23,MWG|MBB|SSI,1.0,0.6521739130434783,1.5333333333333332
2022-11-15,2022,walk_forward_validation,5,23,MWG|MBB|SSI|TCB|HPG,1.0,0.6521739130434783,1.5333333333333332
2022-11-15,2022,walk_forward_validation,8,23,MWG|MBB|SSI|TCB|HPG|POW|STB|BVH,1.0,0.6521739130434783,1.5333333333333332
2022-11-15,2022,walk_forward_validation,10,23,MWG|MBB|SSI|TCB|HPG|POW|STB|BVH|PLX|CTG,1.0,0.6521739130434783,1.5333333333333332
2022-11-16,2022,walk_forward_validation,2,23,MWG|MBB,1.0,0.4782608695652174,2.090909090909091
2022-11-16,2022,walk_forward_validation,3,23,MWG|MBB|HPG,1.0,0.4782608695652174,2.090909090909091
2022-11-16,2022,walk_forward_validation,5,23,MWG|MBB|HPG|SSI|BVH,1.0,0.4782608695652174,2.090909090909091
2022-11-16,2022,walk_forward_validation,8,23,MWG|MBB|HPG|SSI|BVH|TCB|POW|STB,1.0,0.4782608695652174,2.090909090909091
2022-11-16,2022,walk_forward_validation,10,23,MWG|MBB|HPG|SSI|BVH|TCB|POW|STB|PLX|VPB,0.9,0.4782608695652174,1.8818181818181818
2022-11-17,2022,walk_forward_validation,2,23,MWG|PLX,1.0,0.6521739130434783,1.5333333333333332
2022-11-17,2022,walk_forward_validation,3,23,MWG|PLX|POW,1.0,0.6521739130434783,1.5333333333333332
2022-11-17,2022,walk_forward_validation,5,23,MWG|PLX|POW|MBB|CTG,1.0,0.6521739130434783,1.5333333333333332
2022-11-17,2022,walk_forward_validation,8,23,MWG|PLX|POW|MBB|CTG|BVH|BID|TCB,1.0,0.6521739130434783,1.5333333333333332
2022-11-17,2022,walk_forward_validation,10,23,MWG|PLX|POW|MBB|CTG|BVH|BID|TCB|VPB|SSI,1.0,0.6521739130434783,1.5333333333333332
2022-11-18,2022,walk_forward_validation,2,23,MWG|PLX,1.0,0.6086956521739131,1.6428571428571428
2022-11-18,2022,walk_forward_validation,3,23,MWG|PLX|CTG,1.0,0.6086956521739131,1.6428571428571428
2022-11-18,2022,walk_forward_validation,5,23,MWG|PLX|CTG|BVH|MBB,1.0,0.6086956521739131,1.6428571428571428
2022-11-18,2022,walk_forward_validation,8,23,MWG|PLX|CTG|BVH|MBB|POW|STB|BID,0.875,0.6086956521739131,1.4375
2022-11-18,2022,walk_forward_validation,10,23,MWG|PLX|CTG|BVH|MBB|POW|STB|BID|TCB|SSI,0.9,0.6086956521739131,1.4785714285714284
2022-11-21,2022,walk_forward_validation,2,23,MWG|BID,1.0,0.5652173913043478,1.7692307692307694
2022-11-21,2022,walk_forward_validation,3,23,MWG|BID|MBB,1.0,0.5652173913043478,1.7692307692307694
2022-11-21,2022,walk_forward_validation,5,23,MWG|BID|MBB|CTG|POW,0.8,0.5652173913043478,1.4153846153846155
2022-11-21,2022,walk_forward_validation,8,23,MWG|BID|MBB|CTG|POW|TCB|STB|VCB,0.75,0.5652173913043478,1.326923076923077
2022-11-21,2022,walk_forward_validation,10,23,MWG|BID|MBB|CTG|POW|TCB|STB|VCB|VRE|SSI,0.7,0.5652173913043478,1.2384615384615385
2022-11-22,2022,walk_forward_validation,2,23,MWG|CTG,1.0,0.5652173913043478,1.7692307692307694
2022-11-22,2022,walk_forward_validation,3,23,MWG|CTG|TCB,1.0,0.5652173913043478,1.7692307692307694
2022-11-22,2022,walk_forward_validation,5,23,MWG|CTG|TCB|BID|POW,0.6,0.5652173913043478,1.0615384615384615
2022-11-22,2022,walk_forward_validation,8,23,MWG|CTG|TCB|BID|POW|STB|SSI|VCB,0.75,0.5652173913043478,1.326923076923077
2022-11-22,2022,walk_forward_validation,10,23,MWG|CTG|TCB|BID|POW|STB|SSI|VCB|MBB|VRE,0.7,0.5652173913043478,1.2384615384615385
2022-11-23,2022,walk_forward_validation,2,23,MWG|HPG,1.0,0.5652173913043478,1.7692307692307694
2022-11-23,2022,walk_forward_validation,3,23,MWG|HPG|CTG,1.0,0.5652173913043478,1.7692307692307694
2022-11-23,2022,walk_forward_validation,5,23,MWG|HPG|CTG|SSI|MBB,1.0,0.5652173913043478,1.7692307692307694
2022-11-23,2022,walk_forward_validation,8,23,MWG|HPG|CTG|SSI|MBB|TCB|POW|BID,0.75,0.5652173913043478,1.326923076923077
2022-11-23,2022,walk_forward_validation,10,23,MWG|HPG|CTG|SSI|MBB|TCB|POW|BID|BVH|STB,0.7,0.5652173913043478,1.2384615384615385
2022-11-24,2022,walk_forward_validation,2,23,MWG|CTG,1.0,0.6086956521739131,1.6428571428571428
2022-11-24,2022,walk_forward_validation,3,23,MWG|CTG|SSI,1.0,0.6086956521739131,1.6428571428571428
2022-11-24,2022,walk_forward_validation,5,23,MWG|CTG|SSI|BID|MBB,0.8,0.6086956521739131,1.3142857142857143
2022-11-24,2022,walk_forward_validation,8,23,MWG|CTG|SSI|BID|MBB|TCB|BVH|MSN,0.625,0.6086956521739131,1.0267857142857142
2022-11-24,2022,walk_forward_validation,10,23,MWG|CTG|SSI|BID|MBB|TCB|BVH|MSN|VRE|POW,0.5,0.6086956521739131,0.8214285714285714
2022-11-25,2022,walk_forward_validation,2,23,MWG|CTG,1.0,0.6086956521739131,1.6428571428571428
2022-11-25,2022,walk_forward_validation,3,23,MWG|CTG|BID,0.6666666666666666,0.6086956521739131,1.0952380952380951
2022-11-25,2022,walk_forward_validation,5,23,MWG|CTG|BID|MBB|SSI,0.8,0.6086956521739131,1.3142857142857143
2022-11-25,2022,walk_forward_validation,8,23,MWG|CTG|BID|MBB|SSI|TCB|BVH|POW,0.625,0.6086956521739131,1.0267857142857142
2022-11-25,2022,walk_forward_validation,10,23,MWG|CTG|BID|MBB|SSI|TCB|BVH|POW|FPT|VCB,0.7,0.6086956521739131,1.15
2022-11-28,2022,walk_forward_validation,2,23,MWG|BID,1.0,0.5217391304347826,1.9166666666666667
2022-11-28,2022,walk_forward_validation,3,23,MWG|BID|CTG,0.6666666666666666,0.5217391304347826,1.2777777777777777
2022-11-28,2022,walk_forward_validation,5,23,MWG|BID|CTG|BVH|MBB,0.4,0.5217391304347826,0.7666666666666667
2022-11-28,2022,walk_forward_validation,8,23,MWG|BID|CTG|BVH|MBB|POW|SSI|VCB,0.375,0.5217391304347826,0.71875
2022-11-28,2022,walk_forward_validation,10,23,MWG|BID|CTG|BVH|MBB|POW|SSI|VCB|TCB|VRE,0.4,0.5217391304347826,0.7666666666666667
2022-11-29,2022,walk_forward_validation,2,23,MWG|CTG,0.5,0.6086956521739131,0.8214285714285714
2022-11-29,2022,walk_forward_validation,3,23,MWG|CTG|BID,0.6666666666666666,0.6086956521739131,1.0952380952380951
2022-11-29,2022,walk_forward_validation,5,23,MWG|CTG|BID|MBB|VCB,0.8,0.6086956521739131,1.3142857142857143
2022-11-29,2022,walk_forward_validation,8,23,MWG|CTG|BID|MBB|VCB|VRE|BVH|VPB,0.75,0.6086956521739131,1.232142857142857
2022-11-29,2022,walk_forward_validation,10,23,MWG|CTG|BID|MBB|VCB|VRE|BVH|VPB|TCB|POW,0.7,0.6086956521739131,1.15
2022-11-30,2022,walk_forward_validation,2,23,BID|BVH,0.5,0.6086956521739131,0.8214285714285714
2022-11-30,2022,walk_forward_validation,3,23,BID|BVH|CTG,0.6666666666666666,0.6086956521739131,1.0952380952380951
2022-11-30,2022,walk_forward_validation,5,23,BID|BVH|CTG|VRE|VCB,0.6,0.6086956521739131,0.9857142857142857
2022-11-30,2022,walk_forward_validation,8,23,BID|BVH|CTG|VRE|VCB|MBB|FPT|MWG,0.75,0.6086956521739131,1.232142857142857
2022-11-30,2022,walk_forward_validation,10,23,BID|BVH|CTG|VRE|VCB|MBB|FPT|MWG|VPB|STB,0.8,0.6086956521739131,1.3142857142857143
2022-12-01,2022,walk_forward_validation,2,23,CTG|VRE,0.5,0.5217391304347826,0.9583333333333334
2022-12-01,2022,walk_forward_validation,3,23,CTG|VRE|STB,0.6666666666666666,0.5217391304347826,1.2777777777777777
2022-12-01,2022,walk_forward_validation,5,23,CTG|VRE|STB|BID|MBB,0.8,0.5217391304347826,1.5333333333333334
2022-12-01,2022,walk_forward_validation,8,23,CTG|VRE|STB|BID|MBB|SSI|BVH|POW,0.5,0.5217391304347826,0.9583333333333334
2022-12-01,2022,walk_forward_validation,10,23,CTG|VRE|STB|BID|MBB|SSI|BVH|POW|VPB|VCB,0.6,0.5217391304347826,1.15
2022-12-02,2022,walk_forward_validation,2,23,CTG|BVH,1.0,0.4782608695652174,2.090909090909091
2022-12-02,2022,walk_forward_validation,3,23,CTG|BVH|FPT,1.0,0.4782608695652174,2.090909090909091
2022-12-02,2022,walk_forward_validation,5,23,CTG|BVH|FPT|VRE|MBB,0.6,0.4782608695652174,1.2545454545454544
2022-12-02,2022,walk_forward_validation,8,23,CTG|BVH|FPT|VRE|MBB|BID|VPB|VNM,0.625,0.4782608695652174,1.3068181818181819
2022-12-02,2022,walk_forward_validation,10,23,CTG|BVH|FPT|VRE|MBB|BID|VPB|VNM|STB|VCB,0.7,0.4782608695652174,1.4636363636363634
2023-01-03,2023,walk_forward_validation,2,23,VCB|PLX,1.0,0.4782608695652174,2.090909090909091
2023-01-03,2023,walk_forward_validation,3,23,VCB|PLX|VPB,0.6666666666666666,0.4782608695652174,1.3939393939393938
2023-01-03,2023,walk_forward_validation,5,23,VCB|PLX|VPB|FPT|BID,0.6,0.4782608695652174,1.2545454545454544
2023-01-03,2023,walk_forward_validation,8,23,VCB|PLX|VPB|FPT|BID|CTG|STB|MBB,0.625,0.4782608695652174,1.3068181818181819
2023-01-03,2023,walk_forward_validation,10,23,VCB|PLX|VPB|FPT|BID|CTG|STB|MBB|HDB|VJC,0.6,0.4782608695652174,1.2545454545454544
2023-01-04,2023,walk_forward_validation,2,23,FPT|BID,0.5,0.4782608695652174,1.0454545454545454
2023-01-04,2023,walk_forward_validation,3,23,FPT|BID|VIC,0.3333333333333333,0.4782608695652174,0.6969696969696969
2023-01-04,2023,walk_forward_validation,5,23,FPT|BID|VIC|VCB|CTG,0.6,0.4782608695652174,1.2545454545454544
2023-01-04,2023,walk_forward_validation,8,23,FPT|BID|VIC|VCB|CTG|MBB|HPG|VRE,0.5,0.4782608695652174,1.0454545454545454
2023-01-04,2023,walk_forward_validation,10,23,FPT|BID|VIC|VCB|CTG|MBB|HPG|VRE|VPB|TCB,0.4,0.4782608695652174,0.8363636363636364
2023-01-05,2023,walk_forward_validation,2,23,VIC|FPT,0.0,0.5652173913043478,0.0
2023-01-05,2023,walk_forward_validation,3,23,VIC|FPT|VCB,0.3333333333333333,0.5652173913043478,0.5897435897435898
2023-01-05,2023,walk_forward_validation,5,23,VIC|FPT|VCB|BID|VRE,0.4,0.5652173913043478,0.7076923076923077
2023-01-05,2023,walk_forward_validation,8,23,VIC|FPT|VCB|BID|VRE|MBB|VNM|HPG,0.5,0.5652173913043478,0.8846153846153847
2023-01-05,2023,walk_forward_validation,10,23,VIC|FPT|VCB|BID|VRE|MBB|VNM|HPG|VHM|CTG,0.5,0.5652173913043478,0.8846153846153847
2023-01-06,2023,walk_forward_validation,2,23,VIC|VRE,0.0,0.5217391304347826,0.0
2023-01-06,2023,walk_forward_validation,3,23,VIC|VRE|FPT,0.3333333333333333,0.5217391304347826,0.6388888888888888
2023-01-06,2023,walk_forward_validation,5,23,VIC|VRE|FPT|VCB|POW,0.6,0.5217391304347826,1.15
2023-01-06,2023,walk_forward_validation,8,23,VIC|VRE|FPT|VCB|POW|BID|CTG|VHM,0.625,0.5217391304347826,1.1979166666666667
2023-01-06,2023,walk_forward_validation,10,23,VIC|VRE|FPT|VCB|POW|BID|CTG|VHM|MBB|VPB,0.5,0.5217391304347826,0.9583333333333334
2023-01-09,2023,walk_forward_validation,2,23,VIC|CTG,0.5,0.5652173913043478,0.8846153846153847
2023-01-09,2023,walk_forward_validation,3,23,VIC|CTG|FPT,0.6666666666666666,0.5652173913043478,1.1794871794871795
2023-01-09,2023,walk_forward_validation,5,23,VIC|CTG|FPT|VRE|POW,0.6,0.5652173913043478,1.0615384615384615
2023-01-09,2023,walk_forward_validation,8,23,VIC|CTG|FPT|VRE|POW|BID|VCB|VPB,0.625,0.5652173913043478,1.1057692307692308
2023-01-09,2023,walk_forward_validation,10,23,VIC|CTG|FPT|VRE|POW|BID|VCB|VPB|STB|MBB,0.6,0.5652173913043478,1.0615384615384615
2023-01-10,2023,walk_forward_validation,2,23,VRE|VIC,0.0,0.5652173913043478,0.0
2023-01-10,2023,walk_forward_validation,3,23,VRE|VIC|FPT,0.3333333333333333,0.5652173913043478,0.5897435897435898
2023-01-10,2023,walk_forward_validation,5,23,VRE|VIC|FPT|POW|VCB,0.6,0.5652173913043478,1.0615384615384615
2023-01-10,2023,walk_forward_validation,8,23,VRE|VIC|FPT|POW|VCB|HPG|VNM|CTG,0.625,0.5652173913043478,1.1057692307692308
2023-01-10,2023,walk_forward_validation,10,23,VRE|VIC|FPT|POW|VCB|HPG|VNM|CTG|BID|MBB,0.6,0.5652173913043478,1.0615384615384615
2023-01-11,2023,walk_forward_validation,2,23,FPT|VRE,1.0,0.5652173913043478,1.7692307692307694
2023-01-11,2023,walk_forward_validation,3,23,FPT|VRE|HPG,1.0,0.5652173913043478,1.7692307692307694
2023-01-11,2023,walk_forward_validation,5,23,FPT|VRE|HPG|CTG|VCB,1.0,0.5652173913043478,1.7692307692307694
2023-01-11,2023,walk_forward_validation,8,23,FPT|VRE|HPG|CTG|VCB|STB|BID|POW,0.875,0.5652173913043478,1.5480769230769231
2023-01-11,2023,walk_forward_validation,10,23,FPT|VRE|HPG|CTG|VCB|STB|BID|POW|VPB|VIC,0.7,0.5652173913043478,1.2384615384615385
2023-01-12,2023,walk_forward_validation,2,23,POW|FPT,1.0,0.5652173913043478,1.7692307692307694
2023-01-12,2023,walk_forward_validation,3,23,POW|FPT|STB,0.6666666666666666,0.5652173913043478,1.1794871794871795
2023-01-12,2023,walk_forward_validation,5,23,POW|FPT|STB|HPG|VRE,0.6,0.5652173913043478,1.0615384615384615
2023-01-12,2023,walk_forward_validation,8,23,POW|FPT|STB|HPG|VRE|VCB|CTG|BID,0.75,0.5652173913043478,1.326923076923077
2023-01-12,2023,walk_forward_validation,10,23,POW|FPT|STB|HPG|VRE|VCB|CTG|BID|BVH|VPB,0.7,0.5652173913043478,1.2384615384615385
2023-01-13,2023,walk_forward_validation,2,23,POW|STB,0.5,0.6086956521739131,0.8214285714285714
2023-01-13,2023,walk_forward_validation,3,23,POW|STB|VPB,0.3333333333333333,0.6086956521739131,0.5476190476190476
2023-01-13,2023,walk_forward_validation,5,23,POW|STB|VPB|VCB|BID,0.6,0.6086956521739131,0.9857142857142857
2023-01-13,2023,walk_forward_validation,8,23,POW|STB|VPB|VCB|BID|VRE|CTG|HPG,0.625,0.6086956521739131,1.0267857142857142
2023-01-13,2023,walk_forward_validation,10,23,POW|STB|VPB|VCB|BID|VRE|CTG|HPG|SAB|MBB,0.6,0.6086956521739131,0.9857142857142857
2023-01-16,2023,walk_forward_validation,2,23,VCB|VPB,0.5,0.5652173913043478,0.8846153846153847
2023-01-16,2023,walk_forward_validation,3,23,VCB|VPB|MBB,0.6666666666666666,0.5652173913043478,1.1794871794871795
2023-01-16,2023,walk_forward_validation,5,23,VCB|VPB|MBB|HPG|VRE,0.8,0.5652173913043478,1.4153846153846155
2023-01-16,2023,walk_forward_validation,8,23,VCB|VPB|MBB|HPG|VRE|POW|STB|CTG,0.625,0.5652173913043478,1.1057692307692308
2023-01-16,2023,walk_forward_validation,10,23,VCB|VPB|MBB|HPG|VRE|POW|STB|CTG|FPT|SSI,0.7,0.5652173913043478,1.2384615384615385
2023-01-17,2023,walk_forward_validation,2,23,VCB|POW,1.0,0.5217391304347826,1.9166666666666667
2023-01-17,2023,walk_forward_validation,3,23,VCB|POW|HPG,1.0,0.5217391304347826,1.9166666666666667
2023-01-17,2023,walk_forward_validation,5,23,VCB|POW|HPG|SSI|CTG,0.8,0.5217391304347826,1.5333333333333334
2023-01-17,2023,walk_forward_validation,8,23,VCB|POW|HPG|SSI|CTG|VRE|BID|STB,0.625,0.5217391304347826,1.1979166666666667
2023-01-17,2023,walk_forward_validation,10,23,VCB|POW|HPG|SSI|CTG|VRE|BID|STB|VPB|TCB,0.5,0.5217391304347826,0.9583333333333334
2023-01-18,2023,walk_forward_validation,2,23,HPG|VCB,1.0,0.43478260869565216,2.3000000000000003
2023-01-18,2023,walk_forward_validation,3,23,HPG|VCB|CTG,0.6666666666666666,0.43478260869565216,1.5333333333333332
2023-01-18,2023,walk_forward_validation,5,23,HPG|VCB|CTG|FPT|MBB,0.6,0.43478260869565216,1.38
2023-01-18,2023,walk_forward_validation,8,23,HPG|VCB|CTG|FPT|MBB|STB|SSI|BID,0.5,0.43478260869565216,1.1500000000000001
2023-01-18,2023,walk_forward_validation,10,23,HPG|VCB|CTG|FPT|MBB|STB|SSI|BID|POW|TCB,0.5,0.43478260869565216,1.1500000000000001
2023-01-19,2023,walk_forward_validation,2,23,STB|MBB,0.0,0.4782608695652174,0.0
2023-01-19,2023,walk_forward_validation,3,23,STB|MBB|FPT,0.3333333333333333,0.4782608695652174,0.6969696969696969
2023-01-19,2023,walk_forward_validation,5,23,STB|MBB|FPT|SSI|CTG,0.2,0.4782608695652174,0.4181818181818182
2023-01-19,2023,walk_forward_validation,8,23,STB|MBB|FPT|SSI|CTG|HPG|VCB|TCB,0.5,0.4782608695652174,1.0454545454545454
2023-01-19,2023,walk_forward_validation,10,23,STB|MBB|FPT|SSI|CTG|HPG|VCB|TCB|POW|BID,0.6,0.4782608695652174,1.2545454545454544
2023-01-27,2023,walk_forward_validation,2,23,VCB|STB,0.5,0.5652173913043478,0.8846153846153847
2023-01-27,2023,walk_forward_validation,3,23,VCB|STB|POW,0.6666666666666666,0.5652173913043478,1.1794871794871795
2023-01-27,2023,walk_forward_validation,5,23,VCB|STB|POW|MBB|FPT,0.6,0.5652173913043478,1.0615384615384615
2023-01-27,2023,walk_forward_validation,8,23,VCB|STB|POW|MBB|FPT|SSI|SAB|HPG,0.625,0.5652173913043478,1.1057692307692308
2023-01-27,2023,walk_forward_validation,10,23,VCB|STB|POW|MBB|FPT|SSI|SAB|HPG|BID|CTG,0.7,0.5652173913043478,1.2384615384615385
2023-01-30,2023,walk_forward_validation,2,23,SSI|POW,0.5,0.43478260869565216,1.1500000000000001
2023-01-30,2023,walk_forward_validation,3,23,SSI|POW|FPT,0.6666666666666666,0.43478260869565216,1.5333333333333332
2023-01-30,2023,walk_forward_validation,5,23,SSI|POW|FPT|BID|STB,0.6,0.43478260869565216,1.38
2023-01-30,2023,walk_forward_validation,8,23,SSI|POW|FPT|BID|STB|HDB|HPG|MBB,0.375,0.43478260869565216,0.8625
2023-01-30,2023,walk_forward_validation,10,23,SSI|POW|FPT|BID|STB|HDB|HPG|MBB|VCB|SAB,0.5,0.43478260869565216,1.1500000000000001
2023-01-31,2023,walk_forward_validation,2,23,HDB|FPT,0.5,0.391304347826087,1.2777777777777777
2023-01-31,2023,walk_forward_validation,3,23,HDB|FPT|POW,0.6666666666666666,0.391304347826087,1.7037037037037035
2023-01-31,2023,walk_forward_validation,5,23,HDB|FPT|POW|BID|VCB,0.8,0.391304347826087,2.0444444444444443
2023-01-31,2023,walk_forward_validation,8,23,HDB|FPT|POW|BID|VCB|MBB|TCB|CTG,0.5,0.391304347826087,1.2777777777777777
2023-01-31,2023,walk_forward_validation,10,23,HDB|FPT|POW|BID|VCB|MBB|TCB|CTG|STB|SSI,0.4,0.391304347826087,1.0222222222222221
2023-02-01,2023,walk_forward_validation,2,23,SSI|HPG,0.5,0.5652173913043478,0.8846153846153847
2023-02-01,2023,walk_forward_validation,3,23,SSI|HPG|VCB,0.6666666666666666,0.5652173913043478,1.1794871794871795
2023-02-01,2023,walk_forward_validation,5,23,SSI|HPG|VCB|HDB|MWG,0.4,0.5652173913043478,0.7076923076923077
2023-02-01,2023,walk_forward_validation,8,23,SSI|HPG|VCB|HDB|MWG|MBB|STB|POW,0.5,0.5652173913043478,0.8846153846153847
2023-02-01,2023,walk_forward_validation,10,23,SSI|HPG|VCB|HDB|MWG|MBB|STB|POW|VRE|FPT,0.5,0.5652173913043478,0.8846153846153847
2023-02-02,2023,walk_forward_validation,2,23,MWG|MBB,0.0,0.5652173913043478,0.0
2023-02-02,2023,walk_forward_validation,3,23,MWG|MBB|SSI,0.0,0.5652173913043478,0.0
2023-02-02,2023,walk_forward_validation,5,23,MWG|MBB|SSI|HDB|VCB,0.4,0.5652173913043478,0.7076923076923077
2023-02-02,2023,walk_forward_validation,8,23,MWG|MBB|SSI|HDB|VCB|HPG|STB|BVH,0.625,0.5652173913043478,1.1057692307692308
2023-02-02,2023,walk_forward_validation,10,23,MWG|MBB|SSI|HDB|VCB|HPG|STB|BVH|CTG|VRE,0.5,0.5652173913043478,0.8846153846153847
2023-02-03,2023,walk_forward_validation,2,23,SSI|MWG,0.0,0.6086956521739131,0.0
2023-02-03,2023,walk_forward_validation,3,23,SSI|MWG|HPG,0.3333333333333333,0.6086956521739131,0.5476190476190476
2023-02-03,2023,walk_forward_validation,5,23,SSI|MWG|HPG|VIC|HDB,0.4,0.6086956521739131,0.6571428571428571
2023-02-03,2023,walk_forward_validation,8,23,SSI|MWG|HPG|VIC|HDB|BVH|VRE|VCB,0.5,0.6086956521739131,0.8214285714285714
2023-02-03,2023,walk_forward_validation,10,23,SSI|MWG|HPG|VIC|HDB|BVH|VRE|VCB|POW|SAB,0.6,0.6086956521739131,0.9857142857142857
2023-02-06,2023,walk_forward_validation,2,23,POW|MWG,0.5,0.6086956521739131,0.8214285714285714
2023-02-06,2023,walk_forward_validation,3,23,POW|MWG|HDB,0.6666666666666666,0.6086956521739131,1.0952380952380951
2023-02-06,2023,walk_forward_validation,5,23,POW|MWG|HDB|HPG|BVH,0.8,0.6086956521739131,1.3142857142857143
2023-02-06,2023,walk_forward_validation,8,23,POW|MWG|HDB|HPG|BVH|SSI|VCB|VIC,0.625,0.6086956521739131,1.0267857142857142
2023-02-06,2023,walk_forward_validation,10,23,POW|MWG|HDB|HPG|BVH|SSI|VCB|VIC|VRE|BID,0.6,0.6086956521739131,0.9857142857142857
2023-02-07,2023,walk_forward_validation,2,23,MWG|POW,0.5,0.6086956521739131,0.8214285714285714
2023-02-07,2023,walk_forward_validation,3,23,MWG|POW|BID,0.6666666666666666,0.6086956521739131,1.0952380952380951
2023-02-07,2023,walk_forward_validation,5,23,MWG|POW|BID|CTG|HDB,0.8,0.6086956521739131,1.3142857142857143
2023-02-07,2023,walk_forward_validation,8,23,MWG|POW|BID|CTG|HDB|VCB|SSI|BVH,0.875,0.6086956521739131,1.4375
2023-02-07,2023,walk_forward_validation,10,23,MWG|POW|BID|CTG|HDB|VCB|SSI|BVH|VRE|MBB,0.7,0.6086956521739131,1.15
2023-02-08,2023,walk_forward_validation,2,23,HDB|SSI,1.0,0.6521739130434783,1.5333333333333332
2023-02-08,2023,walk_forward_validation,3,23,HDB|SSI|HPG,1.0,0.6521739130434783,1.5333333333333332
2023-02-08,2023,walk_forward_validation,5,23,HDB|SSI|HPG|BVH|MWG,0.8,0.6521739130434783,1.2266666666666668
2023-02-08,2023,walk_forward_validation,8,23,HDB|SSI|HPG|BVH|MWG|GAS|POW|BID,0.875,0.6521739130434783,1.3416666666666666
2023-02-08,2023,walk_forward_validation,10,23,HDB|SSI|HPG|BVH|MWG|GAS|POW|BID|CTG|MBB,0.8,0.6521739130434783,1.2266666666666668
2023-02-09,2023,walk_forward_validation,2,23,HPG|GAS,0.5,0.6521739130434783,0.7666666666666666
2023-02-09,2023,walk_forward_validation,3,23,HPG|GAS|CTG,0.6666666666666666,0.6521739130434783,1.0222222222222221
2023-02-09,2023,walk_forward_validation,5,23,HPG|GAS|CTG|POW|MWG,0.6,0.6521739130434783,0.9199999999999999
2023-02-09,2023,walk_forward_validation,8,23,HPG|GAS|CTG|POW|MWG|BVH|HDB|SSI,0.75,0.6521739130434783,1.15
2023-02-09,2023,walk_forward_validation,10,23,HPG|GAS|CTG|POW|MWG|BVH|HDB|SSI|MBB|BID,0.7,0.6521739130434783,1.0733333333333333
2023-02-10,2023,walk_forward_validation,2,23,HPG|BVH,0.5,0.4782608695652174,1.0454545454545454
2023-02-10,2023,walk_forward_validation,3,23,HPG|BVH|POW,0.6666666666666666,0.4782608695652174,1.3939393939393938
2023-02-10,2023,walk_forward_validation,5,23,HPG|BVH|POW|MWG|HDB,0.6,0.4782608695652174,1.2545454545454544
2023-02-10,2023,walk_forward_validation,8,23,HPG|BVH|POW|MWG|HDB|SSI|SAB|BID,0.625,0.4782608695652174,1.3068181818181819
2023-02-10,2023,walk_forward_validation,10,23,HPG|BVH|POW|MWG|HDB|SSI|SAB|BID|VRE|GAS,0.6,0.4782608695652174,1.2545454545454544
2023-02-13,2023,walk_forward_validation,2,23,HPG|VCB,0.5,0.4782608695652174,1.0454545454545454
2023-02-13,2023,walk_forward_validation,3,23,HPG|VCB|HDB,0.6666666666666666,0.4782608695652174,1.3939393939393938
2023-02-13,2023,walk_forward_validation,5,23,HPG|VCB|HDB|BID|GAS,0.8,0.4782608695652174,1.6727272727272728
2023-02-13,2023,walk_forward_validation,8,23,HPG|VCB|HDB|BID|GAS|MWG|SSI|VRE,0.75,0.4782608695652174,1.5681818181818181
2023-02-13,2023,walk_forward_validation,10,23,HPG|VCB|HDB|BID|GAS|MWG|SSI|VRE|BVH|POW,0.8,0.4782608695652174,1.6727272727272728
2023-02-14,2023,walk_forward_validation,2,23,VCB|PLX,0.0,0.5217391304347826,0.0
2023-02-14,2023,walk_forward_validation,3,23,VCB|PLX|HPG,0.0,0.5217391304347826,0.0
2023-02-14,2023,walk_forward_validation,5,23,VCB|PLX|HPG|BID|VHM,0.4,0.5217391304347826,0.7666666666666667
2023-02-14,2023,walk_forward_validation,8,23,VCB|PLX|HPG|BID|VHM|HDB|BVH|POW,0.5,0.5217391304347826,0.9583333333333334
2023-02-14,2023,walk_forward_validation,10,23,VCB|PLX|HPG|BID|VHM|HDB|BVH|POW|MWG|SAB,0.5,0.5217391304347826,0.9583333333333334
2023-02-15,2023,walk_forward_validation,2,23,HPG|VHM,1.0,0.5217391304347826,1.9166666666666667
2023-02-15,2023,walk_forward_validation,3,23,HPG|VHM|BID,1.0,0.5217391304347826,1.9166666666666667
2023-02-15,2023,walk_forward_validation,5,23,HPG|VHM|BID|POW|GAS,0.8,0.5217391304347826,1.5333333333333334
2023-02-15,2023,walk_forward_validation,8,23,HPG|VHM|BID|POW|GAS|VCB|PLX|FPT,0.5,0.5217391304347826,0.9583333333333334
2023-02-15,2023,walk_forward_validation,10,23,HPG|VHM|BID|POW|GAS|VCB|PLX|FPT|VRE|SAB,0.4,0.5217391304347826,0.7666666666666667
2023-02-16,2023,walk_forward_validation,2,23,VHM|HPG,0.5,0.4782608695652174,1.0454545454545454
2023-02-16,2023,walk_forward_validation,3,23,VHM|HPG|POW,0.6666666666666666,0.4782608695652174,1.3939393939393938
2023-02-16,2023,walk_forward_validation,5,23,VHM|HPG|POW|GAS|BID,0.6,0.4782608695652174,1.2545454545454544
2023-02-16,2023,walk_forward_validation,8,23,VHM|HPG|POW|GAS|BID|SSI|PLX|HDB,0.5,0.4782608695652174,1.0454545454545454
2023-02-16,2023,walk_forward_validation,10,23,VHM|HPG|POW|GAS|BID|SSI|PLX|HDB|VCB|TCB,0.4,0.4782608695652174,0.8363636363636364
2023-02-17,2023,walk_forward_validation,2,23,VHM|HPG,0.5,0.5217391304347826,0.9583333333333334
2023-02-17,2023,walk_forward_validation,3,23,VHM|HPG|POW,0.6666666666666666,0.5217391304347826,1.2777777777777777
2023-02-17,2023,walk_forward_validation,5,23,VHM|HPG|POW|BVH|PLX,0.6,0.5217391304347826,1.15
2023-02-17,2023,walk_forward_validation,8,23,VHM|HPG|POW|BVH|PLX|SSI|HDB|BID,0.75,0.5217391304347826,1.4375
2023-02-17,2023,walk_forward_validation,10,23,VHM|HPG|POW|BVH|PLX|SSI|HDB|BID|VCB|GAS,0.6,0.5217391304347826,1.15
2023-02-20,2023,walk_forward_validation,2,23,HPG|PLX,0.0,0.5652173913043478,0.0
2023-02-20,2023,walk_forward_validation,3,23,HPG|PLX|SSI,0.0,0.5652173913043478,0.0
2023-02-20,2023,walk_forward_validation,5,23,HPG|PLX|SSI|POW|HDB,0.4,0.5652173913043478,0.7076923076923077
2023-02-20,2023,walk_forward_validation,8,23,HPG|PLX|SSI|POW|HDB|VHM|VCB|BVH,0.5,0.5652173913043478,0.8846153846153847
2023-02-20,2023,walk_forward_validation,10,23,HPG|PLX|SSI|POW|HDB|VHM|VCB|BVH|FPT|BID,0.5,0.5652173913043478,0.8846153846153847
2023-02-21,2023,walk_forward_validation,2,23,SSI|HPG,0.5,0.5217391304347826,0.9583333333333334
2023-02-21,2023,walk_forward_validation,3,23,SSI|HPG|FPT,0.3333333333333333,0.5217391304347826,0.6388888888888888
2023-02-21,2023,walk_forward_validation,5,23,SSI|HPG|FPT|VCB|BID,0.4,0.5217391304347826,0.7666666666666667
2023-02-21,2023,walk_forward_validation,8,23,SSI|HPG|FPT|VCB|BID|GAS|POW|VRE,0.5,0.5217391304347826,0.9583333333333334
2023-02-21,2023,walk_forward_validation,10,23,SSI|HPG|FPT|VCB|BID|GAS|POW|VRE|BVH|TCB,0.5,0.5217391304347826,0.9583333333333334
2023-02-22,2023,walk_forward_validation,2,23,VHM|HPG,0.5,0.43478260869565216,1.1500000000000001
2023-02-22,2023,walk_forward_validation,3,23,VHM|HPG|SSI,0.6666666666666666,0.43478260869565216,1.5333333333333332
2023-02-22,2023,walk_forward_validation,5,23,VHM|HPG|SSI|TCB|VCB,0.4,0.43478260869565216,0.92
2023-02-22,2023,walk_forward_validation,8,23,VHM|HPG|SSI|TCB|VCB|BID|PLX|VRE,0.5,0.43478260869565216,1.1500000000000001
2023-02-22,2023,walk_forward_validation,10,23,VHM|HPG|SSI|TCB|VCB|BID|PLX|VRE|FPT|HDB,0.4,0.43478260869565216,0.92
2023-02-23,2023,walk_forward_validation,2,23,HPG|VHM,0.5,0.4782608695652174,1.0454545454545454
2023-02-23,2023,walk_forward_validation,3,23,HPG|VHM|TCB,0.3333333333333333,0.4782608695652174,0.6969696969696969
2023-02-23,2023,walk_forward_validation,5,23,HPG|VHM|TCB|SSI|STB,0.6,0.4782608695652174,1.2545454545454544
2023-02-23,2023,walk_forward_validation,8,23,HPG|VHM|TCB|SSI|STB|VCB|POW|BID,0.625,0.4782608695652174,1.3068181818181819
2023-02-23,2023,walk_forward_validation,10,23,HPG|VHM|TCB|SSI|STB|VCB|POW|BID|PLX|HDB,0.5,0.4782608695652174,1.0454545454545454
2023-02-24,2023,walk_forward_validation,2,23,VHM|BID,1.0,0.4782608695652174,2.090909090909091
2023-02-24,2023,walk_forward_validation,3,23,VHM|BID|SSI,1.0,0.4782608695652174,2.090909090909091
2023-02-24,2023,walk_forward_validation,5,23,VHM|BID|SSI|HPG|VCB,0.6,0.4782608695652174,1.2545454545454544
2023-02-24,2023,walk_forward_validation,8,23,VHM|BID|SSI|HPG|VCB|TCB|STB|POW,0.625,0.4782608695652174,1.3068181818181819
2023-02-24,2023,walk_forward_validation,10,23,VHM|BID|SSI|HPG|VCB|TCB|STB|POW|PLX|VPB,0.6,0.4782608695652174,1.2545454545454544
2023-02-27,2023,walk_forward_validation,2,23,SSI|VHM,1.0,0.5217391304347826,1.9166666666666667
2023-02-27,2023,walk_forward_validation,3,23,SSI|VHM|MSN,0.6666666666666666,0.5217391304347826,1.2777777777777777
2023-02-27,2023,walk_forward_validation,5,23,SSI|VHM|MSN|TCB|HPG,0.6,0.5217391304347826,1.15
2023-02-27,2023,walk_forward_validation,8,23,SSI|VHM|MSN|TCB|HPG|BID|STB|POW,0.75,0.5217391304347826,1.4375
2023-02-27,2023,walk_forward_validation,10,23,SSI|VHM|MSN|TCB|HPG|BID|STB|POW|VPB|CTG,0.8,0.5217391304347826,1.5333333333333334
2023-02-28,2023,walk_forward_validation,2,23,SSI|HPG,1.0,0.5652173913043478,1.7692307692307694
2023-02-28,2023,walk_forward_validation,3,23,SSI|HPG|VHM,1.0,0.5652173913043478,1.7692307692307694
2023-02-28,2023,walk_forward_validation,5,23,SSI|HPG|VHM|TCB|BID,1.0,0.5652173913043478,1.7692307692307694
2023-02-28,2023,walk_forward_validation,8,23,SSI|HPG|VHM|TCB|BID|POW|STB|VPB,1.0,0.5652173913043478,1.7692307692307694
2023-02-28,2023,walk_forward_validation,10,23,SSI|HPG|VHM|TCB|BID|POW|STB|VPB|VRE|VCB,0.9,0.5652173913043478,1.5923076923076924
2023-03-01,2023,walk_forward_validation,2,23,STB|HPG,0.0,0.4782608695652174,0.0
2023-03-01,2023,walk_forward_validation,3,23,STB|HPG|SSI,0.3333333333333333,0.4782608695652174,0.6969696969696969
2023-03-01,2023,walk_forward_validation,5,23,STB|HPG|SSI|VHM|POW,0.6,0.4782608695652174,1.2545454545454544
2023-03-01,2023,walk_forward_validation,8,23,STB|HPG|SSI|VHM|POW|MSN|BID|TCB,0.5,0.4782608695652174,1.0454545454545454
2023-03-01,2023,walk_forward_validation,10,23,STB|HPG|SSI|VHM|POW|MSN|BID|TCB|VNM|VCB,0.4,0.4782608695652174,0.8363636363636364
2023-03-02,2023,walk_forward_validation,2,23,STB|SSI,0.5,0.391304347826087,1.2777777777777777
2023-03-02,2023,walk_forward_validation,3,23,STB|SSI|MSN,0.3333333333333333,0.391304347826087,0.8518518518518517
2023-03-02,2023,walk_forward_validation,5,23,STB|SSI|MSN|MWG|HPG,0.2,0.391304347826087,0.5111111111111111
2023-03-02,2023,walk_forward_validation,8,23,STB|SSI|MSN|MWG|HPG|VHM|TCB|BID,0.25,0.391304347826087,0.6388888888888888
2023-03-02,2023,walk_forward_validation,10,23,STB|SSI|MSN|MWG|HPG|VHM|TCB|BID|VPB|VCB,0.3,0.391304347826087,0.7666666666666666
2023-03-03,2023,walk_forward_validation,2,23,MSN|STB,0.5,0.4782608695652174,1.0454545454545454
2023-03-03,2023,walk_forward_validation,3,23,MSN|STB|POW,0.6666666666666666,0.4782608695652174,1.3939393939393938
2023-03-03,2023,walk_forward_validation,5,23,MSN|STB|POW|HPG|TCB,0.6,0.4782608695652174,1.2545454545454544
2023-03-03,2023,walk_forward_validation,8,23,MSN|STB|POW|HPG|TCB|SSI|MWG|BID,0.5,0.4782608695652174,1.0454545454545454
2023-03-03,2023,walk_forward_validation,10,23,MSN|STB|POW|HPG|TCB|SSI|MWG|BID|VHM|PLX,0.5,0.4782608695652174,1.0454545454545454
2023-03-06,2023,walk_forward_validation,2,23,MSN|TCB,0.5,0.5217391304347826,0.9583333333333334
2023-03-06,2023,walk_forward_validation,3,23,MSN|TCB|POW,0.6666666666666666,0.5217391304347826,1.2777777777777777
2023-03-06,2023,walk_forward_validation,5,23,MSN|TCB|POW|STB|BID,0.6,0.5217391304347826,1.15
2023-03-06,2023,walk_forward_validation,8,23,MSN|TCB|POW|STB|BID|HPG|PLX|SSI,0.5,0.5217391304347826,0.9583333333333334
2023-03-06,2023,walk_forward_validation,10,23,MSN|TCB|POW|STB|BID|HPG|PLX|SSI|HDB|VPB,0.6,0.5217391304347826,1.15
2023-03-07,2023,walk_forward_validation,2,23,SSI|POW,1.0,0.43478260869565216,2.3000000000000003
2023-03-07,2023,walk_forward_validation,3,23,SSI|POW|PLX,0.6666666666666666,0.43478260869565216,1.5333333333333332
2023-03-07,2023,walk_forward_validation,5,23,SSI|POW|PLX|MSN|BID,0.4,0.43478260869565216,0.92
2023-03-07,2023,walk_forward_validation,8,23,SSI|POW|PLX|MSN|BID|STB|HPG|CTG,0.375,0.43478260869565216,0.8625
2023-03-07,2023,walk_forward_validation,10,23,SSI|POW|PLX|MSN|BID|STB|HPG|CTG|TCB|VHM,0.5,0.43478260869565216,1.1500000000000001
2023-03-08,2023,walk_forward_validation,2,23,SSI|HPG,0.5,0.4782608695652174,1.0454545454545454
2023-03-08,2023,walk_forward_validation,3,23,SSI|HPG|STB,0.6666666666666666,0.4782608695652174,1.3939393939393938
2023-03-08,2023,walk_forward_validation,5,23,SSI|HPG|STB|POW|VPB,0.8,0.4782608695652174,1.6727272727272728
2023-03-08,2023,walk_forward_validation,8,23,SSI|HPG|STB|POW|VPB|HDB|BID|PLX,0.625,0.4782608695652174,1.3068181818181819
2023-03-08,2023,walk_forward_validation,10,23,SSI|HPG|STB|POW|VPB|HDB|BID|PLX|CTG|MSN,0.5,0.4782608695652174,1.0454545454545454
2023-03-09,2023,walk_forward_validation,2,23,SSI|HPG,0.5,0.34782608695652173,1.4375
2023-03-09,2023,walk_forward_validation,3,23,SSI|HPG|STB,0.3333333333333333,0.34782608695652173,0.9583333333333333
2023-03-09,2023,walk_forward_validation,5,23,SSI|HPG|STB|VPB|BID,0.4,0.34782608695652173,1.1500000000000001
2023-03-09,2023,walk_forward_validation,8,23,SSI|HPG|STB|VPB|BID|POW|PLX|TCB,0.375,0.34782608695652173,1.078125
2023-03-09,2023,walk_forward_validation,10,23,SSI|HPG|STB|VPB|BID|POW|PLX|TCB|HDB|MSN,0.4,0.34782608695652173,1.1500000000000001
2023-03-10,2023,walk_forward_validation,2,23,VPB|SSI,1.0,0.391304347826087,2.5555555555555554
2023-03-10,2023,walk_forward_validation,3,23,VPB|SSI|STB,0.6666666666666666,0.391304347826087,1.7037037037037035
2023-03-10,2023,walk_forward_validation,5,23,VPB|SSI|STB|POW|HPG,0.4,0.391304347826087,1.0222222222222221
2023-03-10,2023,walk_forward_validation,8,23,VPB|SSI|STB|POW|HPG|HDB|BID|VRE,0.5,0.391304347826087,1.2777777777777777
2023-03-10,2023,walk_forward_validation,10,23,VPB|SSI|STB|POW|HPG|HDB|BID|VRE|CTG|TCB,0.5,0.391304347826087,1.2777777777777777
2023-03-13,2023,walk_forward_validation,2,23,SSI|HPG,0.5,0.4782608695652174,1.0454545454545454
2023-03-13,2023,walk_forward_validation,3,23,SSI|HPG|HDB,0.6666666666666666,0.4782608695652174,1.3939393939393938
2023-03-13,2023,walk_forward_validation,5,23,SSI|HPG|HDB|VRE|VHM,0.6,0.4782608695652174,1.2545454545454544
2023-03-13,2023,walk_forward_validation,8,23,SSI|HPG|HDB|VRE|VHM|BID|STB|GAS,0.5,0.4782608695652174,1.0454545454545454
2023-03-13,2023,walk_forward_validation,10,23,SSI|HPG|HDB|VRE|VHM|BID|STB|GAS|POW|CTG,0.5,0.4782608695652174,1.0454545454545454
2023-03-14,2023,walk_forward_validation,2,23,VRE|VHM,0.5,0.391304347826087,1.2777777777777777
2023-03-14,2023,walk_forward_validation,3,23,VRE|VHM|SSI,0.6666666666666666,0.391304347826087,1.7037037037037035
2023-03-14,2023,walk_forward_validation,5,23,VRE|VHM|SSI|POW|CTG,0.6,0.391304347826087,1.5333333333333332
2023-03-14,2023,walk_forward_validation,8,23,VRE|VHM|SSI|POW|CTG|BID|HDB|MSN,0.5,0.391304347826087,1.2777777777777777
2023-03-14,2023,walk_forward_validation,10,23,VRE|VHM|SSI|POW|CTG|BID|HDB|MSN|STB|GAS,0.5,0.391304347826087,1.2777777777777777
2023-03-15,2023,walk_forward_validation,2,23,SSI|HPG,0.5,0.43478260869565216,1.1500000000000001
2023-03-15,2023,walk_forward_validation,3,23,SSI|HPG|VHM,0.6666666666666666,0.43478260869565216,1.5333333333333332
2023-03-15,2023,walk_forward_validation,5,23,SSI|HPG|VHM|CTG|VRE,0.6,0.43478260869565216,1.38
2023-03-15,2023,walk_forward_validation,8,23,SSI|HPG|VHM|CTG|VRE|VJC|HDB|BID,0.5,0.43478260869565216,1.1500000000000001
2023-03-15,2023,walk_forward_validation,10,23,SSI|HPG|VHM|CTG|VRE|VJC|HDB|BID|VPB|STB,0.6,0.43478260869565216,1.38
2023-03-16,2023,walk_forward_validation,2,23,SSI|STB,1.0,0.391304347826087,2.5555555555555554
2023-03-16,2023,walk_forward_validation,3,23,SSI|STB|VHM,1.0,0.391304347826087,2.5555555555555554
2023-03-16,2023,walk_forward_validation,5,23,SSI|STB|VHM|POW|VRE,0.6,0.391304347826087,1.5333333333333332
2023-03-16,2023,walk_forward_validation,8,23,SSI|STB|VHM|POW|VRE|HPG|VPB|BID,0.5,0.391304347826087,1.2777777777777777
2023-03-16,2023,walk_forward_validation,10,23,SSI|STB|VHM|POW|VRE|HPG|VPB|BID|CTG|VJC,0.4,0.391304347826087,1.0222222222222221
2023-03-17,2023,walk_forward_validation,2,23,SSI|VRE,0.5,0.4782608695652174,1.0454545454545454
2023-03-17,2023,walk_forward_validation,3,23,SSI|VRE|STB,0.6666666666666666,0.4782608695652174,1.3939393939393938
2023-03-17,2023,walk_forward_validation,5,23,SSI|VRE|STB|POW|VHM,0.6,0.4782608695652174,1.2545454545454544
2023-03-17,2023,walk_forward_validation,8,23,SSI|VRE|STB|POW|VHM|BID|MSN|HPG,0.5,0.4782608695652174,1.0454545454545454
2023-03-17,2023,walk_forward_validation,10,23,SSI|VRE|STB|POW|VHM|BID|MSN|HPG|CTG|HDB,0.5,0.4782608695652174,1.0454545454545454
2023-03-20,2023,walk_forward_validation,2,23,VRE|SSI,0.5,0.5217391304347826,0.9583333333333334
2023-03-20,2023,walk_forward_validation,3,23,VRE|SSI|POW,0.6666666666666666,0.5217391304347826,1.2777777777777777
2023-03-20,2023,walk_forward_validation,5,23,VRE|SSI|POW|VPB|VHM,0.8,0.5217391304347826,1.5333333333333334
2023-03-20,2023,walk_forward_validation,8,23,VRE|SSI|POW|VPB|VHM|MSN|STB|VJC,0.625,0.5217391304347826,1.1979166666666667
2023-03-20,2023,walk_forward_validation,10,23,VRE|SSI|POW|VPB|VHM|MSN|STB|VJC|BID|HDB,0.6,0.5217391304347826,1.15
2023-03-21,2023,walk_forward_validation,2,23,VRE|SSI,0.5,0.4782608695652174,1.0454545454545454
2023-03-21,2023,walk_forward_validation,3,23,VRE|SSI|VHM,0.6666666666666666,0.4782608695652174,1.3939393939393938
2023-03-21,2023,walk_forward_validation,5,23,VRE|SSI|VHM|VJC|MSN,0.4,0.4782608695652174,0.8363636363636364
2023-03-21,2023,walk_forward_validation,8,23,VRE|SSI|VHM|VJC|MSN|STB|POW|BID,0.5,0.4782608695652174,1.0454545454545454
2023-03-21,2023,walk_forward_validation,10,23,VRE|SSI|VHM|VJC|MSN|STB|POW|BID|HPG|CTG,0.6,0.4782608695652174,1.2545454545454544
2023-03-22,2023,walk_forward_validation,2,23,SSI|VRE,0.5,0.43478260869565216,1.1500000000000001
2023-03-22,2023,walk_forward_validation,3,23,SSI|VRE|STB,0.6666666666666666,0.43478260869565216,1.5333333333333332
2023-03-22,2023,walk_forward_validation,5,23,SSI|VRE|STB|MSN|VJC,0.4,0.43478260869565216,0.92
2023-03-22,2023,walk_forward_validation,8,23,SSI|VRE|STB|MSN|VJC|HPG|CTG|POW,0.375,0.43478260869565216,0.8625
2023-03-22,2023,walk_forward_validation,10,23,SSI|VRE|STB|MSN|VJC|HPG|CTG|POW|BID|VHM,0.4,0.43478260869565216,0.92
2023-03-23,2023,walk_forward_validation,2,23,SSI|STB,1.0,0.43478260869565216,2.3000000000000003
2023-03-23,2023,walk_forward_validation,3,23,SSI|STB|MSN,0.6666666666666666,0.43478260869565216,1.5333333333333332
2023-03-23,2023,walk_forward_validation,5,23,SSI|STB|MSN|BID|POW,0.4,0.43478260869565216,0.92
2023-03-23,2023,walk_forward_validation,8,23,SSI|STB|MSN|BID|POW|CTG|VRE|HPG,0.375,0.43478260869565216,0.8625
2023-03-23,2023,walk_forward_validation,10,23,SSI|STB|MSN|BID|POW|CTG|VRE|HPG|SAB|VJC,0.3,0.43478260869565216,0.69
2023-03-24,2023,walk_forward_validation,2,23,SSI|STB,1.0,0.4782608695652174,2.090909090909091
2023-03-24,2023,walk_forward_validation,3,23,SSI|STB|MSN,0.6666666666666666,0.4782608695652174,1.3939393939393938
2023-03-24,2023,walk_forward_validation,5,23,SSI|STB|MSN|VRE|HDB,0.6,0.4782608695652174,1.2545454545454544
2023-03-24,2023,walk_forward_validation,8,23,SSI|STB|MSN|VRE|HDB|CTG|VJC|MBB,0.625,0.4782608695652174,1.3068181818181819
2023-03-24,2023,walk_forward_validation,10,23,SSI|STB|MSN|VRE|HDB|CTG|VJC|MBB|HPG|POW,0.6,0.4782608695652174,1.2545454545454544
2023-03-27,2023,walk_forward_validation,2,23,MBB|VJC,0.5,0.4782608695652174,1.0454545454545454
2023-03-27,2023,walk_forward_validation,3,23,MBB|VJC|STB,0.6666666666666666,0.4782608695652174,1.3939393939393938
2023-03-27,2023,walk_forward_validation,5,23,MBB|VJC|STB|HPG|POW,0.6,0.4782608695652174,1.2545454545454544
2023-03-27,2023,walk_forward_validation,8,23,MBB|VJC|STB|HPG|POW|CTG|SSI|VRE,0.625,0.4782608695652174,1.3068181818181819
2023-03-27,2023,walk_forward_validation,10,23,MBB|VJC|STB|HPG|POW|CTG|SSI|VRE|MSN|BID,0.5,0.4782608695652174,1.0454545454545454
2023-03-28,2023,walk_forward_validation,2,23,VRE|POW,0.0,0.4782608695652174,0.0
2023-03-28,2023,walk_forward_validation,3,23,VRE|POW|SSI,0.3333333333333333,0.4782608695652174,0.6969696969696969
2023-03-28,2023,walk_forward_validation,5,23,VRE|POW|SSI|STB|MBB,0.6,0.4782608695652174,1.2545454545454544
2023-03-28,2023,walk_forward_validation,8,23,VRE|POW|SSI|STB|MBB|VJC|VHM|HPG,0.625,0.4782608695652174,1.3068181818181819
2023-03-28,2023,walk_forward_validation,10,23,VRE|POW|SSI|STB|MBB|VJC|VHM|HPG|CTG|BID,0.6,0.4782608695652174,1.2545454545454544
2023-03-29,2023,walk_forward_validation,2,23,MBB|SSI,1.0,0.43478260869565216,2.3000000000000003
2023-03-29,2023,walk_forward_validation,3,23,MBB|SSI|VJC,0.6666666666666666,0.43478260869565216,1.5333333333333332
2023-03-29,2023,walk_forward_validation,5,23,MBB|SSI|VJC|VRE|TCB,0.6,0.43478260869565216,1.38
2023-03-29,2023,walk_forward_validation,8,23,MBB|SSI|VJC|VRE|TCB|CTG|STB|POW,0.5,0.43478260869565216,1.1500000000000001
2023-03-29,2023,walk_forward_validation,10,23,MBB|SSI|VJC|VRE|TCB|CTG|STB|POW|HPG|BID,0.5,0.43478260869565216,1.1500000000000001
2023-03-30,2023,walk_forward_validation,2,23,MBB|SSI,1.0,0.34782608695652173,2.875
2023-03-30,2023,walk_forward_validation,3,23,MBB|SSI|VJC,0.6666666666666666,0.34782608695652173,1.9166666666666665
2023-03-30,2023,walk_forward_validation,5,23,MBB|SSI|VJC|TCB|STB,0.6,0.34782608695652173,1.725
2023-03-30,2023,walk_forward_validation,8,23,MBB|SSI|VJC|TCB|STB|POW|CTG|HPG,0.5,0.34782608695652173,1.4375
2023-03-30,2023,walk_forward_validation,10,23,MBB|SSI|VJC|TCB|STB|POW|CTG|HPG|VCB|HDB,0.5,0.34782608695652173,1.4375
2023-03-31,2023,walk_forward_validation,2,23,MBB|VIC,0.5,0.391304347826087,1.2777777777777777
2023-03-31,2023,walk_forward_validation,3,23,MBB|VIC|STB,0.3333333333333333,0.391304347826087,0.8518518518518517
2023-03-31,2023,walk_forward_validation,5,23,MBB|VIC|STB|TCB|POW,0.6,0.391304347826087,1.5333333333333332
2023-03-31,2023,walk_forward_validation,8,23,MBB|VIC|STB|TCB|POW|HDB|CTG|SSI,0.625,0.391304347826087,1.597222222222222
2023-03-31,2023,walk_forward_validation,10,23,MBB|VIC|STB|TCB|POW|HDB|CTG|SSI|HPG|VJC,0.6,0.391304347826087,1.5333333333333332
2023-04-03,2023,walk_forward_validation,2,23,MBB|VIC,0.5,0.391304347826087,1.2777777777777777
2023-04-03,2023,walk_forward_validation,3,23,MBB|VIC|STB,0.3333333333333333,0.391304347826087,0.8518518518518517
2023-04-03,2023,walk_forward_validation,5,23,MBB|VIC|STB|HDB|SSI,0.6,0.391304347826087,1.5333333333333332
2023-04-03,2023,walk_forward_validation,8,23,MBB|VIC|STB|HDB|SSI|TCB|CTG|HPG,0.625,0.391304347826087,1.597222222222222
2023-04-03,2023,walk_forward_validation,10,23,MBB|VIC|STB|HDB|SSI|TCB|CTG|HPG|FPT|VRE,0.6,0.391304347826087,1.5333333333333332
2023-04-04,2023,walk_forward_validation,2,23,MBB|VIC,0.5,0.34782608695652173,1.4375
2023-04-04,2023,walk_forward_validation,3,23,MBB|VIC|TCB,0.6666666666666666,0.34782608695652173,1.9166666666666665
2023-04-04,2023,walk_forward_validation,5,23,MBB|VIC|TCB|CTG|STB,0.4,0.34782608695652173,1.1500000000000001
2023-04-04,2023,walk_forward_validation,8,23,MBB|VIC|TCB|CTG|STB|SSI|HDB|POW,0.5,0.34782608695652173,1.4375
2023-04-04,2023,walk_forward_validation,10,23,MBB|VIC|TCB|CTG|STB|SSI|HDB|POW|HPG|MWG,0.5,0.34782608695652173,1.4375
2023-04-05,2023,walk_forward_validation,2,23,MBB|TCB,0.5,0.391304347826087,1.2777777777777777
2023-04-05,2023,walk_forward_validation,3,23,MBB|TCB|SSI,0.6666666666666666,0.391304347826087,1.7037037037037035
2023-04-05,2023,walk_forward_validation,5,23,MBB|TCB|SSI|HPG|CTG,0.6,0.391304347826087,1.5333333333333332
2023-04-05,2023,walk_forward_validation,8,23,MBB|TCB|SSI|HPG|CTG|POW|HDB|STB,0.75,0.391304347826087,1.9166666666666665
2023-04-05,2023,walk_forward_validation,10,23,MBB|TCB|SSI|HPG|CTG|POW|HDB|STB|VIC|VPB,0.6,0.391304347826087,1.5333333333333332
2023-04-06,2023,walk_forward_validation,2,23,HPG|TCB,1.0,0.34782608695652173,2.875
2023-04-06,2023,walk_forward_validation,3,23,HPG|TCB|MBB,1.0,0.34782608695652173,2.875
2023-04-06,2023,walk_forward_validation,5,23,HPG|TCB|MBB|SSI|CTG,0.8,0.34782608695652173,2.3000000000000003
2023-04-06,2023,walk_forward_validation,8,23,HPG|TCB|MBB|SSI|CTG|HDB|VRE|POW,0.625,0.34782608695652173,1.796875
2023-04-06,2023,walk_forward_validation,10,23,HPG|TCB|MBB|SSI|CTG|HDB|VRE|POW|FPT|VIC,0.5,0.34782608695652173,1.4375
2023-04-07,2023,walk_forward_validation,2,23,TCB|HDB,0.5,0.391304347826087,1.2777777777777777
2023-04-07,2023,walk_forward_validation,3,23,TCB|HDB|MBB,0.6666666666666666,0.391304347826087,1.7037037037037035
2023-04-07,2023,walk_forward_validation,5,23,TCB|HDB|MBB|HPG|CTG,0.6,0.391304347826087,1.5333333333333332
2023-04-07,2023,walk_forward_validation,8,23,TCB|HDB|MBB|HPG|CTG|SSI|STB|FPT,0.625,0.391304347826087,1.597222222222222
2023-04-07,2023,walk_forward_validation,10,23,TCB|HDB|MBB|HPG|CTG|SSI|STB|FPT|PLX|VIC,0.6,0.391304347826087,1.5333333333333332
2023-04-10,2023,walk_forward_validation,2,23,MBB|SSI,1.0,0.34782608695652173,2.875
2023-04-10,2023,walk_forward_validation,3,23,MBB|SSI|TCB,0.6666666666666666,0.34782608695652173,1.9166666666666665
2023-04-10,2023,walk_forward_validation,5,23,MBB|SSI|TCB|HDB|STB,0.6,0.34782608695652173,1.725
2023-04-10,2023,walk_forward_validation,8,23,MBB|SSI|TCB|HDB|STB|VHM|VPB|FPT,0.375,0.34782608695652173,1.078125
2023-04-10,2023,walk_forward_validation,10,23,MBB|SSI|TCB|HDB|STB|VHM|VPB|FPT|CTG|MWG,0.3,0.34782608695652173,0.8625
2023-04-11,2023,walk_forward_validation,2,23,MBB|TCB,0.0,0.34782608695652173,0.0
2023-04-11,2023,walk_forward_validation,3,23,MBB|TCB|CTG,0.0,0.34782608695652173,0.0
2023-04-11,2023,walk_forward_validation,5,23,MBB|TCB|CTG|MWG|VPB,0.0,0.34782608695652173,0.0
2023-04-11,2023,walk_forward_validation,8,23,MBB|TCB|CTG|MWG|VPB|STB|HPG|SSI,0.375,0.34782608695652173,1.078125
2023-04-11,2023,walk_forward_validation,10,23,MBB|TCB|CTG|MWG|VPB|STB|HPG|SSI|HDB|POW,0.4,0.34782608695652173,1.1500000000000001
2023-04-12,2023,walk_forward_validation,2,23,MBB|SSI,1.0,0.43478260869565216,2.3000000000000003
2023-04-12,2023,walk_forward_validation,3,23,MBB|SSI|HDB,0.6666666666666666,0.43478260869565216,1.5333333333333332
2023-04-12,2023,walk_forward_validation,5,23,MBB|SSI|HDB|TCB|STB,0.6,0.43478260869565216,1.38
2023-04-12,2023,walk_forward_validation,8,23,MBB|SSI|HDB|TCB|STB|POW|MWG|CTG,0.375,0.43478260869565216,0.8625
2023-04-12,2023,walk_forward_validation,10,23,MBB|SSI|HDB|TCB|STB|POW|MWG|CTG|VHM|HPG,0.5,0.43478260869565216,1.1500000000000001
2023-04-13,2023,walk_forward_validation,2,23,TCB|MBB,0.5,0.391304347826087,1.2777777777777777
2023-04-13,2023,walk_forward_validation,3,23,TCB|MBB|SSI,0.6666666666666666,0.391304347826087,1.7037037037037035
2023-04-13,2023,walk_forward_validation,5,23,TCB|MBB|SSI|MWG|HDB,0.4,0.391304347826087,1.0222222222222221
2023-04-13,2023,walk_forward_validation,8,23,TCB|MBB|SSI|MWG|HDB|STB|CTG|PLX,0.5,0.391304347826087,1.2777777777777777
2023-04-13,2023,walk_forward_validation,10,23,TCB|MBB|SSI|MWG|HDB|STB|CTG|PLX|POW|VHM,0.6,0.391304347826087,1.5333333333333332
2023-04-14,2023,walk_forward_validation,2,23,HDB|SSI,0.5,0.4782608695652174,1.0454545454545454
2023-04-14,2023,walk_forward_validation,3,23,HDB|SSI|MBB,0.6666666666666666,0.4782608695652174,1.3939393939393938
2023-04-14,2023,walk_forward_validation,5,23,HDB|SSI|MBB|STB|TCB,0.8,0.4782608695652174,1.6727272727272728
2023-04-14,2023,walk_forward_validation,8,23,HDB|SSI|MBB|STB|TCB|MWG|HPG|CTG,0.625,0.4782608695652174,1.3068181818181819
2023-04-14,2023,walk_forward_validation,10,23,HDB|SSI|MBB|STB|TCB|MWG|HPG|CTG|PLX|VPB,0.6,0.4782608695652174,1.2545454545454544
2023-04-17,2023,walk_forward_validation,2,23,SSI|MWG,0.5,0.34782608695652173,1.4375
2023-04-17,2023,walk_forward_validation,3,23,SSI|MWG|HDB,0.3333333333333333,0.34782608695652173,0.9583333333333333
2023-04-17,2023,walk_forward_validation,5,23,SSI|MWG|HDB|TCB|STB,0.4,0.34782608695652173,1.1500000000000001
2023-04-17,2023,walk_forward_validation,8,23,SSI|MWG|HDB|TCB|STB|HPG|MBB|CTG,0.5,0.34782608695652173,1.4375
2023-04-17,2023,walk_forward_validation,10,23,SSI|MWG|HDB|TCB|STB|HPG|MBB|CTG|POW|MSN,0.4,0.34782608695652173,1.1500000000000001
2023-04-18,2023,walk_forward_validation,2,23,SSI|HPG,1.0,0.391304347826087,2.5555555555555554
2023-04-18,2023,walk_forward_validation,3,23,SSI|HPG|MWG,0.6666666666666666,0.391304347826087,1.7037037037037035
2023-04-18,2023,walk_forward_validation,5,23,SSI|HPG|MWG|POW|STB,0.6,0.391304347826087,1.5333333333333332
2023-04-18,2023,walk_forward_validation,8,23,SSI|HPG|MWG|POW|STB|TCB|VHM|CTG,0.625,0.391304347826087,1.597222222222222
2023-04-18,2023,walk_forward_validation,10,23,SSI|HPG|MWG|POW|STB|TCB|VHM|CTG|HDB|MBB,0.6,0.391304347826087,1.5333333333333332
2023-04-19,2023,walk_forward_validation,2,23,SSI|MWG,0.5,0.43478260869565216,1.1500000000000001
2023-04-19,2023,walk_forward_validation,3,23,SSI|MWG|TCB,0.6666666666666666,0.43478260869565216,1.5333333333333332
2023-04-19,2023,walk_forward_validation,5,23,SSI|MWG|TCB|VHM|HDB,0.6,0.43478260869565216,1.38
2023-04-19,2023,walk_forward_validation,8,23,SSI|MWG|TCB|VHM|HDB|HPG|POW|MSN,0.625,0.43478260869565216,1.4375
2023-04-19,2023,walk_forward_validation,10,23,SSI|MWG|TCB|VHM|HDB|HPG|POW|MSN|STB|MBB,0.7,0.43478260869565216,1.6099999999999999
2023-04-20,2023,walk_forward_validation,2,23,MWG|STB,0.5,0.43478260869565216,1.1500000000000001
2023-04-20,2023,walk_forward_validation,3,23,MWG|STB|HPG,0.6666666666666666,0.43478260869565216,1.5333333333333332
2023-04-20,2023,walk_forward_validation,5,23,MWG|STB|HPG|VHM|SSI,0.8,0.43478260869565216,1.84
2023-04-20,2023,walk_forward_validation,8,23,MWG|STB|HPG|VHM|SSI|TCB|HDB|POW,0.75,0.43478260869565216,1.725
2023-04-20,2023,walk_forward_validation,10,23,MWG|STB|HPG|VHM|SSI|TCB|HDB|POW|MBB|MSN,0.7,0.43478260869565216,1.6099999999999999
2023-04-21,2023,walk_forward_validation,2,23,SSI|STB,1.0,0.43478260869565216,2.3000000000000003
2023-04-21,2023,walk_forward_validation,3,23,SSI|STB|VHM,1.0,0.43478260869565216,2.3000000000000003
2023-04-21,2023,walk_forward_validation,5,23,SSI|STB|VHM|HPG|MWG,0.8,0.43478260869565216,1.84
2023-04-21,2023,walk_forward_validation,8,23,SSI|STB|VHM|HPG|MWG|HDB|PLX|TCB,0.75,0.43478260869565216,1.725
2023-04-21,2023,walk_forward_validation,10,23,SSI|STB|VHM|HPG|MWG|HDB|PLX|TCB|MBB|CTG,0.7,0.43478260869565216,1.6099999999999999
2023-04-24,2023,walk_forward_validation,2,23,SSI|VHM,1.0,0.34782608695652173,2.875
2023-04-24,2023,walk_forward_validation,3,23,SSI|VHM|MBB,0.6666666666666666,0.34782608695652173,1.9166666666666665
2023-04-24,2023,walk_forward_validation,5,23,SSI|VHM|MBB|STB|PLX,0.6,0.34782608695652173,1.725
2023-04-24,2023,walk_forward_validation,8,23,SSI|VHM|MBB|STB|PLX|HPG|CTG|HDB,0.625,0.34782608695652173,1.796875
2023-04-24,2023,walk_forward_validation,10,23,SSI|VHM|MBB|STB|PLX|HPG|CTG|HDB|TCB|POW,0.6,0.34782608695652173,1.725
2023-04-25,2023,walk_forward_validation,2,23,HPG|SSI,0.5,0.391304347826087,1.2777777777777777
2023-04-25,2023,walk_forward_validation,3,23,HPG|SSI|TCB,0.6666666666666666,0.391304347826087,1.7037037037037035
2023-04-25,2023,walk_forward_validation,5,23,HPG|SSI|TCB|PLX|MBB,0.6,0.391304347826087,1.5333333333333332
2023-04-25,2023,walk_forward_validation,8,23,HPG|SSI|TCB|PLX|MBB|VHM|POW|STB,0.75,0.391304347826087,1.9166666666666665
2023-04-25,2023,walk_forward_validation,10,23,HPG|SSI|TCB|PLX|MBB|VHM|POW|STB|CTG|VCB,0.7,0.391304347826087,1.7888888888888888
2023-04-26,2023,walk_forward_validation,2,23,HPG|MBB,0.0,0.34782608695652173,0.0
2023-04-26,2023,walk_forward_validation,3,23,HPG|MBB|SSI,0.3333333333333333,0.34782608695652173,0.9583333333333333
2023-04-26,2023,walk_forward_validation,5,23,HPG|MBB|SSI|PLX|TCB,0.2,0.34782608695652173,0.5750000000000001
2023-04-26,2023,walk_forward_validation,8,23,HPG|MBB|SSI|PLX|TCB|STB|VCB|MWG,0.375,0.34782608695652173,1.078125
2023-04-26,2023,walk_forward_validation,10,23,HPG|MBB|SSI|PLX|TCB|STB|VCB|MWG|HDB|POW,0.5,0.34782608695652173,1.4375
2023-04-27,2023,walk_forward_validation,2,23,HPG|PLX,0.0,0.34782608695652173,0.0
2023-04-27,2023,walk_forward_validation,3,23,HPG|PLX|MBB,0.0,0.34782608695652173,0.0
2023-04-27,2023,walk_forward_validation,5,23,HPG|PLX|MBB|HDB|SSI,0.4,0.34782608695652173,1.1500000000000001
2023-04-27,2023,walk_forward_validation,8,23,HPG|PLX|MBB|HDB|SSI|VCB|MWG|TCB,0.375,0.34782608695652173,1.078125
2023-04-27,2023,walk_forward_validation,10,23,HPG|PLX|MBB|HDB|SSI|VCB|MWG|TCB|POW|STB,0.5,0.34782608695652173,1.4375
2023-04-28,2023,walk_forward_validation,2,23,HPG|MBB,0.0,0.30434782608695654,0.0
2023-04-28,2023,walk_forward_validation,3,23,HPG|MBB|SSI,0.3333333333333333,0.30434782608695654,1.0952380952380951
2023-04-28,2023,walk_forward_validation,5,23,HPG|MBB|SSI|PLX|VCB,0.4,0.30434782608695654,1.3142857142857143
2023-04-28,2023,walk_forward_validation,8,23,HPG|MBB|SSI|PLX|VCB|MWG|TCB|POW,0.375,0.30434782608695654,1.232142857142857
2023-04-28,2023,walk_forward_validation,10,23,HPG|MBB|SSI|PLX|VCB|MWG|TCB|POW|CTG|STB,0.4,0.30434782608695654,1.3142857142857143
2023-05-04,2023,walk_forward_validation,2,23,SSI|HPG,0.5,0.391304347826087,1.2777777777777777
2023-05-04,2023,walk_forward_validation,3,23,SSI|HPG|PLX,0.3333333333333333,0.391304347826087,0.8518518518518517
2023-05-04,2023,walk_forward_validation,5,23,SSI|HPG|PLX|TCB|POW,0.6,0.391304347826087,1.5333333333333332
2023-05-04,2023,walk_forward_validation,8,23,SSI|HPG|PLX|TCB|POW|MBB|VCB|VHM,0.625,0.391304347826087,1.597222222222222
2023-05-04,2023,walk_forward_validation,10,23,SSI|HPG|PLX|TCB|POW|MBB|VCB|VHM|HDB|MWG,0.7,0.391304347826087,1.7888888888888888
2023-05-05,2023,walk_forward_validation,2,23,HPG|PLX,0.0,0.391304347826087,0.0
2023-05-05,2023,walk_forward_validation,3,23,HPG|PLX|VCB,0.3333333333333333,0.391304347826087,0.8518518518518517
2023-05-05,2023,walk_forward_validation,5,23,HPG|PLX|VCB|SSI|POW,0.4,0.391304347826087,1.0222222222222221
2023-05-05,2023,walk_forward_validation,8,23,HPG|PLX|VCB|SSI|POW|HDB|TCB|MBB,0.625,0.391304347826087,1.597222222222222
2023-05-05,2023,walk_forward_validation,10,23,HPG|PLX|VCB|SSI|POW|HDB|TCB|MBB|VHM|FPT,0.7,0.391304347826087,1.7888888888888888
2023-05-08,2023,walk_forward_validation,2,23,HPG|PLX,0.0,0.43478260869565216,0.0
2023-05-08,2023,walk_forward_validation,3,23,HPG|PLX|SSI,0.3333333333333333,0.43478260869565216,0.7666666666666666
2023-05-08,2023,walk_forward_validation,5,23,HPG|PLX|SSI|VCB|TCB,0.6,0.43478260869565216,1.38
2023-05-08,2023,walk_forward_validation,8,23,HPG|PLX|SSI|VCB|TCB|POW|STB|BID,0.625,0.43478260869565216,1.4375
2023-05-08,2023,walk_forward_validation,10,23,HPG|PLX|SSI|VCB|TCB|POW|STB|BID|HDB|MBB,0.7,0.43478260869565216,1.6099999999999999
2023-05-09,2023,walk_forward_validation,2,23,PLX|SSI,0.5,0.391304347826087,1.2777777777777777
2023-05-09,2023,walk_forward_validation,3,23,PLX|SSI|HPG,0.3333333333333333,0.391304347826087,0.8518518518518517
2023-05-09,2023,walk_forward_validation,5,23,PLX|SSI|HPG|POW|VCB,0.4,0.391304347826087,1.0222222222222221
2023-05-09,2023,walk_forward_validation,8,23,PLX|SSI|HPG|POW|VCB|STB|BID|TCB,0.5,0.391304347826087,1.2777777777777777
2023-05-09,2023,walk_forward_validation,10,23,PLX|SSI|HPG|POW|VCB|STB|BID|TCB|MBB|HDB,0.6,0.391304347826087,1.5333333333333332
2023-05-10,2023,walk_forward_validation,2,23,HPG|SSI,0.5,0.34782608695652173,1.4375
2023-05-10,2023,walk_forward_validation,3,23,HPG|SSI|PLX,0.3333333333333333,0.34782608695652173,0.9583333333333333
2023-05-10,2023,walk_forward_validation,5,23,HPG|SSI|PLX|STB|POW,0.4,0.34782608695652173,1.1500000000000001
2023-05-10,2023,walk_forward_validation,8,23,HPG|SSI|PLX|STB|POW|VCB|MBB|BID,0.5,0.34782608695652173,1.4375
2023-05-10,2023,walk_forward_validation,10,23,HPG|SSI|PLX|STB|POW|VCB|MBB|BID|MWG|TCB,0.6,0.34782608695652173,1.725
2023-05-11,2023,walk_forward_validation,2,23,SSI|STB,1.0,0.391304347826087,2.5555555555555554
2023-05-11,2023,walk_forward_validation,3,23,SSI|STB|PLX,0.6666666666666666,0.391304347826087,1.7037037037037035
2023-05-11,2023,walk_forward_validation,5,23,SSI|STB|PLX|HPG|BID,0.6,0.391304347826087,1.5333333333333332
2023-05-11,2023,walk_forward_validation,8,23,SSI|STB|PLX|HPG|BID|MBB|VCB|POW,0.625,0.391304347826087,1.597222222222222
2023-05-11,2023,walk_forward_validation,10,23,SSI|STB|PLX|HPG|BID|MBB|VCB|POW|HDB|CTG,0.5,0.391304347826087,1.2777777777777777
2023-05-12,2023,walk_forward_validation,2,23,SSI|STB,1.0,0.34782608695652173,2.875
2023-05-12,2023,walk_forward_validation,3,23,SSI|STB|FPT,1.0,0.34782608695652173,2.875
2023-05-12,2023,walk_forward_validation,5,23,SSI|STB|FPT|MBB|HPG,0.8,0.34782608695652173,2.3000000000000003
2023-05-12,2023,walk_forward_validation,8,23,SSI|STB|FPT|MBB|HPG|PLX|POW|VCB,0.625,0.34782608695652173,1.796875
2023-05-12,2023,walk_forward_validation,10,23,SSI|STB|FPT|MBB|HPG|PLX|POW|VCB|BID|HDB,0.5,0.34782608695652173,1.4375
2023-05-15,2023,walk_forward_validation,2,23,SSI|STB,0.5,0.34782608695652173,1.4375
2023-05-15,2023,walk_forward_validation,3,23,SSI|STB|HPG,0.3333333333333333,0.34782608695652173,0.9583333333333333
2023-05-15,2023,walk_forward_validation,5,23,SSI|STB|HPG|FPT|MBB,0.6,0.34782608695652173,1.725
2023-05-15,2023,walk_forward_validation,8,23,SSI|STB|HPG|FPT|MBB|VCB|PLX|BID,0.5,0.34782608695652173,1.4375
2023-05-15,2023,walk_forward_validation,10,23,SSI|STB|HPG|FPT|MBB|VCB|PLX|BID|VIC|VHM,0.5,0.34782608695652173,1.4375
2023-05-16,2023,walk_forward_validation,2,23,STB|SSI,0.5,0.34782608695652173,1.4375
2023-05-16,2023,walk_forward_validation,3,23,STB|SSI|FPT,0.3333333333333333,0.34782608695652173,0.9583333333333333
2023-05-16,2023,walk_forward_validation,5,23,STB|SSI|FPT|MBB|VHM,0.6,0.34782608695652173,1.725
2023-05-16,2023,walk_forward_validation,8,23,STB|SSI|FPT|MBB|VHM|HPG|PLX|POW,0.5,0.34782608695652173,1.4375
2023-05-16,2023,walk_forward_validation,10,23,STB|SSI|FPT|MBB|VHM|HPG|PLX|POW|VCB|BID,0.5,0.34782608695652173,1.4375
2023-05-17,2023,walk_forward_validation,2,23,STB|SSI,0.5,0.34782608695652173,1.4375
2023-05-17,2023,walk_forward_validation,3,23,STB|SSI|FPT,0.3333333333333333,0.34782608695652173,0.9583333333333333
2023-05-17,2023,walk_forward_validation,5,23,STB|SSI|FPT|VHM|HPG,0.6,0.34782608695652173,1.725
2023-05-17,2023,walk_forward_validation,8,23,STB|SSI|FPT|VHM|HPG|POW|VCB|PLX,0.5,0.34782608695652173,1.4375
2023-05-17,2023,walk_forward_validation,10,23,STB|SSI|FPT|VHM|HPG|POW|VCB|PLX|HDB|BID,0.4,0.34782608695652173,1.1500000000000001
2023-05-18,2023,walk_forward_validation,2,23,FPT|STB,0.0,0.30434782608695654,0.0
2023-05-18,2023,walk_forward_validation,3,23,FPT|STB|SSI,0.3333333333333333,0.30434782608695654,1.0952380952380951
2023-05-18,2023,walk_forward_validation,5,23,FPT|STB|SSI|HPG|HDB,0.4,0.30434782608695654,1.3142857142857143
2023-05-18,2023,walk_forward_validation,8,23,FPT|STB|SSI|HPG|HDB|MBB|VHM|VCB,0.5,0.30434782608695654,1.6428571428571428
2023-05-18,2023,walk_forward_validation,10,23,FPT|STB|SSI|HPG|HDB|MBB|VHM|VCB|POW|VIC,0.4,0.30434782608695654,1.3142857142857143
2023-05-19,2023,walk_forward_validation,2,23,FPT|SSI,0.5,0.30434782608695654,1.6428571428571428
2023-05-19,2023,walk_forward_validation,3,23,FPT|SSI|STB,0.3333333333333333,0.30434782608695654,1.0952380952380951
2023-05-19,2023,walk_forward_validation,5,23,FPT|SSI|STB|VHM|VCB,0.4,0.30434782608695654,1.3142857142857143
2023-05-19,2023,walk_forward_validation,8,23,FPT|SSI|STB|VHM|VCB|POW|MBB|HPG,0.5,0.30434782608695654,1.6428571428571428
2023-05-19,2023,walk_forward_validation,10,23,FPT|SSI|STB|VHM|VCB|POW|MBB|HPG|HDB|PLX,0.4,0.30434782608695654,1.3142857142857143
2023-05-22,2023,walk_forward_validation,2,23,FPT|STB,0.0,0.30434782608695654,0.0
2023-05-22,2023,walk_forward_validation,3,23,FPT|STB|SSI,0.3333333333333333,0.30434782608695654,1.0952380952380951
2023-05-22,2023,walk_forward_validation,5,23,FPT|STB|SSI|VHM|MBB,0.4,0.30434782608695654,1.3142857142857143
2023-05-22,2023,walk_forward_validation,8,23,FPT|STB|SSI|VHM|MBB|HPG|POW|HDB,0.375,0.30434782608695654,1.232142857142857
2023-05-22,2023,walk_forward_validation,10,23,FPT|STB|SSI|VHM|MBB|HPG|POW|HDB|TCB|VCB,0.5,0.30434782608695654,1.6428571428571428
2023-05-23,2023,walk_forward_validation,2,23,STB|VHM,0.5,0.391304347826087,1.2777777777777777
2023-05-23,2023,walk_forward_validation,3,23,STB|VHM|SSI,0.6666666666666666,0.391304347826087,1.7037037037037035
2023-05-23,2023,walk_forward_validation,5,23,STB|VHM|SSI|FPT|POW,0.4,0.391304347826087,1.0222222222222221
2023-05-23,2023,walk_forward_validation,8,23,STB|VHM|SSI|FPT|POW|TCB|MBB|HDB,0.5,0.391304347826087,1.2777777777777777
2023-05-23,2023,walk_forward_validation,10,23,STB|VHM|SSI|FPT|POW|TCB|MBB|HDB|HPG|VCB,0.6,0.391304347826087,1.5333333333333332
2023-05-24,2023,walk_forward_validation,2,23,STB|VHM,0.5,0.391304347826087,1.2777777777777777
2023-05-24,2023,walk_forward_validation,3,23,STB|VHM|SSI,0.6666666666666666,0.391304347826087,1.7037037037037035
2023-05-24,2023,walk_forward_validation,5,23,STB|VHM|SSI|HDB|POW,0.4,0.391304347826087,1.0222222222222221
2023-05-24,2023,walk_forward_validation,8,23,STB|VHM|SSI|HDB|POW|VCB|FPT|MBB,0.625,0.391304347826087,1.597222222222222
2023-05-24,2023,walk_forward_validation,10,23,STB|VHM|SSI|HDB|POW|VCB|FPT|MBB|TCB|VIC,0.6,0.391304347826087,1.5333333333333332
2023-05-25,2023,walk_forward_validation,2,23,VHM|FPT,0.0,0.391304347826087,0.0
2023-05-25,2023,walk_forward_validation,3,23,VHM|FPT|VCB,0.3333333333333333,0.391304347826087,0.8518518518518517
2023-05-25,2023,walk_forward_validation,5,23,VHM|FPT|VCB|STB|SSI,0.6,0.391304347826087,1.5333333333333332
2023-05-25,2023,walk_forward_validation,8,23,VHM|FPT|VCB|STB|SSI|HDB|POW|TCB,0.5,0.391304347826087,1.2777777777777777
2023-05-25,2023,walk_forward_validation,10,23,VHM|FPT|VCB|STB|SSI|HDB|POW|TCB|GAS|MBB,0.5,0.391304347826087,1.2777777777777777
2023-05-26,2023,walk_forward_validation,2,23,VHM|STB,0.5,0.34782608695652173,1.4375
2023-05-26,2023,walk_forward_validation,3,23,VHM|STB|FPT,0.3333333333333333,0.34782608695652173,0.9583333333333333
2023-05-26,2023,walk_forward_validation,5,23,VHM|STB|FPT|HDB|SSI,0.4,0.34782608695652173,1.1500000000000001
2023-05-26,2023,walk_forward_validation,8,23,VHM|STB|FPT|HDB|SSI|POW|TCB|VCB,0.5,0.34782608695652173,1.4375
2023-05-26,2023,walk_forward_validation,10,23,VHM|STB|FPT|HDB|SSI|POW|TCB|VCB|PLX|VJC,0.4,0.34782608695652173,1.1500000000000001
2023-05-29,2023,walk_forward_validation,2,23,FPT|HDB,0.0,0.34782608695652173,0.0
2023-05-29,2023,walk_forward_validation,3,23,FPT|HDB|POW,0.0,0.34782608695652173,0.0
2023-05-29,2023,walk_forward_validation,5,23,FPT|HDB|POW|SSI|STB,0.4,0.34782608695652173,1.1500000000000001
2023-05-29,2023,walk_forward_validation,8,23,FPT|HDB|POW|SSI|STB|MBB|VJC|VHM,0.375,0.34782608695652173,1.078125
2023-05-29,2023,walk_forward_validation,10,23,FPT|HDB|POW|SSI|STB|MBB|VJC|VHM|TCB|PLX,0.4,0.34782608695652173,1.1500000000000001
2023-05-30,2023,walk_forward_validation,2,23,FPT|HDB,0.0,0.391304347826087,0.0
2023-05-30,2023,walk_forward_validation,3,23,FPT|HDB|SSI,0.3333333333333333,0.391304347826087,0.8518518518518517
2023-05-30,2023,walk_forward_validation,5,23,FPT|HDB|SSI|POW|STB,0.4,0.391304347826087,1.0222222222222221
2023-05-30,2023,walk_forward_validation,8,23,FPT|HDB|SSI|POW|STB|VCB|VHM|TCB,0.5,0.391304347826087,1.2777777777777777
2023-05-30,2023,walk_forward_validation,10,23,FPT|HDB|SSI|POW|STB|VCB|VHM|TCB|MBB|VJC,0.5,0.391304347826087,1.2777777777777777
2023-05-31,2023,walk_forward_validation,2,23,FPT|POW,0.0,0.43478260869565216,0.0
2023-05-31,2023,walk_forward_validation,3,23,FPT|POW|STB,0.3333333333333333,0.43478260869565216,0.7666666666666666
2023-05-31,2023,walk_forward_validation,5,23,FPT|POW|STB|SSI|VCB,0.6,0.43478260869565216,1.38
2023-05-31,2023,walk_forward_validation,8,23,FPT|POW|STB|SSI|VCB|VHM|TCB|HDB,0.5,0.43478260869565216,1.1500000000000001
2023-05-31,2023,walk_forward_validation,10,23,FPT|POW|STB|SSI|VCB|VHM|TCB|HDB|MBB|MWG,0.6,0.43478260869565216,1.38
2023-06-01,2023,walk_forward_validation,2,23,SSI|FPT,0.5,0.43478260869565216,1.1500000000000001
2023-06-01,2023,walk_forward_validation,3,23,SSI|FPT|POW,0.3333333333333333,0.43478260869565216,0.7666666666666666
2023-06-01,2023,walk_forward_validation,5,23,SSI|FPT|POW|STB|VHM,0.4,0.43478260869565216,0.92
2023-06-01,2023,walk_forward_validation,8,23,SSI|FPT|POW|STB|VHM|TCB|VCB|HDB,0.5,0.43478260869565216,1.1500000000000001
2023-06-01,2023,walk_forward_validation,10,23,SSI|FPT|POW|STB|VHM|TCB|VCB|HDB|MBB|MWG,0.6,0.43478260869565216,1.38
2023-06-02,2023,walk_forward_validation,2,23,SSI|FPT,0.5,0.43478260869565216,1.1500000000000001
2023-06-02,2023,walk_forward_validation,3,23,SSI|FPT|POW,0.3333333333333333,0.43478260869565216,0.7666666666666666
2023-06-02,2023,walk_forward_validation,5,23,SSI|FPT|POW|STB|MWG,0.6,0.43478260869565216,1.38
2023-06-02,2023,walk_forward_validation,8,23,SSI|FPT|POW|STB|MWG|MBB|HDB|VCB,0.625,0.43478260869565216,1.4375
2023-06-02,2023,walk_forward_validation,10,23,SSI|FPT|POW|STB|MWG|MBB|HDB|VCB|CTG|VHM,0.7,0.43478260869565216,1.6099999999999999
2023-06-05,2023,walk_forward_validation,2,23,SSI|MBB,1.0,0.30434782608695654,3.2857142857142856
2023-06-05,2023,walk_forward_validation,3,23,SSI|MBB|MWG,1.0,0.30434782608695654,3.2857142857142856
2023-06-05,2023,walk_forward_validation,5,23,SSI|MBB|MWG|STB|FPT,0.8,0.30434782608695654,2.6285714285714286
2023-06-05,2023,walk_forward_validation,8,23,SSI|MBB|MWG|STB|FPT|TCB|POW|VCB,0.5,0.30434782608695654,1.6428571428571428
2023-06-05,2023,walk_forward_validation,10,23,SSI|MBB|MWG|STB|FPT|TCB|POW|VCB|VHM|HDB,0.5,0.30434782608695654,1.6428571428571428
2023-06-06,2023,walk_forward_validation,2,23,SSI|FPT,0.5,0.391304347826087,1.2777777777777777
2023-06-06,2023,walk_forward_validation,3,23,SSI|FPT|MBB,0.3333333333333333,0.391304347826087,0.8518518518518517
2023-06-06,2023,walk_forward_validation,5,23,SSI|FPT|MBB|TCB|MWG,0.4,0.391304347826087,1.0222222222222221
2023-06-06,2023,walk_forward_validation,8,23,SSI|FPT|MBB|TCB|MWG|HDB|VCB|POW,0.25,0.391304347826087,0.6388888888888888
2023-06-06,2023,walk_forward_validation,10,23,SSI|FPT|MBB|TCB|MWG|HDB|VCB|POW|CTG|STB,0.4,0.391304347826087,1.0222222222222221
2023-06-07,2023,walk_forward_validation,2,23,SSI|MBB,1.0,0.391304347826087,2.5555555555555554
2023-06-07,2023,walk_forward_validation,3,23,SSI|MBB|FPT,1.0,0.391304347826087,2.5555555555555554
2023-06-07,2023,walk_forward_validation,5,23,SSI|MBB|FPT|MWG|STB,1.0,0.391304347826087,2.5555555555555554
2023-06-07,2023,walk_forward_validation,8,23,SSI|MBB|FPT|MWG|STB|TCB|VHM|VCB,0.75,0.391304347826087,1.9166666666666665
2023-06-07,2023,walk_forward_validation,10,23,SSI|MBB|FPT|MWG|STB|TCB|VHM|VCB|HDB|CTG,0.6,0.391304347826087,1.5333333333333332
2023-06-08,2023,walk_forward_validation,2,23,SSI|HPG,1.0,0.391304347826087,2.5555555555555554
2023-06-08,2023,walk_forward_validation,3,23,SSI|HPG|MBB,1.0,0.391304347826087,2.5555555555555554
2023-06-08,2023,walk_forward_validation,5,23,SSI|HPG|MBB|TCB|MWG,0.8,0.391304347826087,2.0444444444444443
2023-06-08,2023,walk_forward_validation,8,23,SSI|HPG|MBB|TCB|MWG|VCB|POW|VHM,0.5,0.391304347826087,1.2777777777777777
2023-06-08,2023,walk_forward_validation,10,23,SSI|HPG|MBB|TCB|MWG|VCB|POW|VHM|FPT|STB,0.6,0.391304347826087,1.5333333333333332
2023-06-09,2023,walk_forward_validation,2,23,MBB|SSI,1.0,0.4782608695652174,2.090909090909091
2023-06-09,2023,walk_forward_validation,3,23,MBB|SSI|TCB,0.6666666666666666,0.4782608695652174,1.3939393939393938
2023-06-09,2023,walk_forward_validation,5,23,MBB|SSI|TCB|HPG|MWG,0.8,0.4782608695652174,1.6727272727272728
2023-06-09,2023,walk_forward_validation,8,23,MBB|SSI|TCB|HPG|MWG|VHM|VCB|POW,0.625,0.4782608695652174,1.3068181818181819
2023-06-09,2023,walk_forward_validation,10,23,MBB|SSI|TCB|HPG|MWG|VHM|VCB|POW|STB|FPT,0.7,0.4782608695652174,1.4636363636363634
2023-06-12,2023,walk_forward_validation,2,23,SSI|MBB,1.0,0.4782608695652174,2.090909090909091
2023-06-12,2023,walk_forward_validation,3,23,SSI|MBB|TCB,0.6666666666666666,0.4782608695652174,1.3939393939393938
2023-06-12,2023,walk_forward_validation,5,23,SSI|MBB|TCB|VCB|MWG,0.6,0.4782608695652174,1.2545454545454544
2023-06-12,2023,walk_forward_validation,8,23,SSI|MBB|TCB|VCB|MWG|HPG|POW|FPT,0.625,0.4782608695652174,1.3068181818181819
2023-06-12,2023,walk_forward_validation,10,23,SSI|MBB|TCB|VCB|MWG|HPG|POW|FPT|VHM|MSN,0.5,0.4782608695652174,1.0454545454545454
2023-06-13,2023,walk_forward_validation,2,23,SSI|MWG,1.0,0.4782608695652174,2.090909090909091
2023-06-13,2023,walk_forward_validation,3,23,SSI|MWG|MBB,1.0,0.4782608695652174,2.090909090909091
2023-06-13,2023,walk_forward_validation,5,23,SSI|MWG|MBB|VCB|TCB,0.6,0.4782608695652174,1.2545454545454544
2023-06-13,2023,walk_forward_validation,8,23,SSI|MWG|MBB|VCB|TCB|VHM|HPG|STB,0.625,0.4782608695652174,1.3068181818181819
2023-06-13,2023,walk_forward_validation,10,23,SSI|MWG|MBB|VCB|TCB|VHM|HPG|STB|POW|VIC,0.5,0.4782608695652174,1.0454545454545454
2023-06-14,2023,walk_forward_validation,2,23,SSI|VHM,0.5,0.5217391304347826,0.9583333333333334
2023-06-14,2023,walk_forward_validation,3,23,SSI|VHM|VCB,0.3333333333333333,0.5217391304347826,0.6388888888888888
2023-06-14,2023,walk_forward_validation,5,23,SSI|VHM|VCB|TCB|MBB,0.4,0.5217391304347826,0.7666666666666667
2023-06-14,2023,walk_forward_validation,8,23,SSI|VHM|VCB|TCB|MBB|HPG|MWG|CTG,0.625,0.5217391304347826,1.1979166666666667
2023-06-14,2023,walk_forward_validation,10,23,SSI|VHM|VCB|TCB|MBB|HPG|MWG|CTG|MSN|POW,0.5,0.5217391304347826,0.9583333333333334
2023-06-15,2023,walk_forward_validation,2,23,SSI|HPG,1.0,0.5217391304347826,1.9166666666666667
2023-06-15,2023,walk_forward_validation,3,23,SSI|HPG|VCB,0.6666666666666666,0.5217391304347826,1.2777777777777777
2023-06-15,2023,walk_forward_validation,5,23,SSI|HPG|VCB|VHM|TCB,0.4,0.5217391304347826,0.7666666666666667
2023-06-15,2023,walk_forward_validation,8,23,SSI|HPG|VCB|VHM|TCB|MBB|CTG|MWG,0.5,0.5217391304347826,0.9583333333333334
2023-06-15,2023,walk_forward_validation,10,23,SSI|HPG|VCB|VHM|TCB|MBB|CTG|MWG|MSN|GAS,0.5,0.5217391304347826,0.9583333333333334
2023-06-16,2023,walk_forward_validation,2,23,SSI|MBB,1.0,0.5217391304347826,1.9166666666666667
2023-06-16,2023,walk_forward_validation,3,23,SSI|MBB|TCB,0.6666666666666666,0.5217391304347826,1.2777777777777777
2023-06-16,2023,walk_forward_validation,5,23,SSI|MBB|TCB|VCB|HPG,0.6,0.5217391304347826,1.15
2023-06-16,2023,walk_forward_validation,8,23,SSI|MBB|TCB|VCB|HPG|VHM|STB|MWG,0.5,0.5217391304347826,0.9583333333333334
2023-06-16,2023,walk_forward_validation,10,23,SSI|MBB|TCB|VCB|HPG|VHM|STB|MWG|MSN|VIC,0.5,0.5217391304347826,0.9583333333333334
2023-06-19,2023,walk_forward_validation,2,23,HPG|MBB,1.0,0.5217391304347826,1.9166666666666667
2023-06-19,2023,walk_forward_validation,3,23,HPG|MBB|TCB,0.6666666666666666,0.5217391304347826,1.2777777777777777
2023-06-19,2023,walk_forward_validation,5,23,HPG|MBB|TCB|SSI|MWG,0.8,0.5217391304347826,1.5333333333333334
2023-06-19,2023,walk_forward_validation,8,23,HPG|MBB|TCB|SSI|MWG|STB|VCB|FPT,0.625,0.5217391304347826,1.1979166666666667
2023-06-19,2023,walk_forward_validation,10,23,HPG|MBB|TCB|SSI|MWG|STB|VCB|FPT|MSN|CTG,0.6,0.5217391304347826,1.15
2023-06-20,2023,walk_forward_validation,2,23,HPG|MBB,1.0,0.5652173913043478,1.7692307692307694
2023-06-20,2023,walk_forward_validation,3,23,HPG|MBB|SSI,1.0,0.5652173913043478,1.7692307692307694
2023-06-20,2023,walk_forward_validation,5,23,HPG|MBB|SSI|MWG|STB,0.8,0.5652173913043478,1.4153846153846155
2023-06-20,2023,walk_forward_validation,8,23,HPG|MBB|SSI|MWG|STB|TCB|CTG|FPT,0.625,0.5652173913043478,1.1057692307692308
2023-06-20,2023,walk_forward_validation,10,23,HPG|MBB|SSI|MWG|STB|TCB|CTG|FPT|MSN|GAS,0.6,0.5652173913043478,1.0615384615384615
2023-06-21,2023,walk_forward_validation,2,23,MBB|TCB,0.5,0.5652173913043478,0.8846153846153847
2023-06-21,2023,walk_forward_validation,3,23,MBB|TCB|STB,0.3333333333333333,0.5652173913043478,0.5897435897435898
2023-06-21,2023,walk_forward_validation,5,23,MBB|TCB|STB|SSI|FPT,0.6,0.5652173913043478,1.0615384615384615
2023-06-21,2023,walk_forward_validation,8,23,MBB|TCB|STB|SSI|FPT|MWG|CTG|HPG,0.625,0.5652173913043478,1.1057692307692308
2023-06-21,2023,walk_forward_validation,10,23,MBB|TCB|STB|SSI|FPT|MWG|CTG|HPG|MSN|GAS,0.6,0.5652173913043478,1.0615384615384615
2023-06-22,2023,walk_forward_validation,2,23,MBB|FPT,1.0,0.5217391304347826,1.9166666666666667
2023-06-22,2023,walk_forward_validation,3,23,MBB|FPT|TCB,0.6666666666666666,0.5217391304347826,1.2777777777777777
2023-06-22,2023,walk_forward_validation,5,23,MBB|FPT|TCB|CTG|STB,0.4,0.5217391304347826,0.7666666666666667
2023-06-22,2023,walk_forward_validation,8,23,MBB|FPT|TCB|CTG|STB|MWG|SSI|VHM,0.5,0.5217391304347826,0.9583333333333334
2023-06-22,2023,walk_forward_validation,10,23,MBB|FPT|TCB|CTG|STB|MWG|SSI|VHM|HPG|POW,0.5,0.5217391304347826,0.9583333333333334
2023-06-23,2023,walk_forward_validation,2,23,MBB|STB,0.5,0.6521739130434783,0.7666666666666666
2023-06-23,2023,walk_forward_validation,3,23,MBB|STB|TCB,0.3333333333333333,0.6521739130434783,0.5111111111111111
2023-06-23,2023,walk_forward_validation,5,23,MBB|STB|TCB|MWG|SSI,0.6,0.6521739130434783,0.9199999999999999
2023-06-23,2023,walk_forward_validation,8,23,MBB|STB|TCB|MWG|SSI|CTG|VPB|FPT,0.625,0.6521739130434783,0.9583333333333334
2023-06-23,2023,walk_forward_validation,10,23,MBB|STB|TCB|MWG|SSI|CTG|VPB|FPT|VNM|VHM,0.7,0.6521739130434783,1.0733333333333333
2023-06-26,2023,walk_forward_validation,2,23,MBB|SSI,1.0,0.5217391304347826,1.9166666666666667
2023-06-26,2023,walk_forward_validation,3,23,MBB|SSI|TCB,0.6666666666666666,0.5217391304347826,1.2777777777777777
2023-06-26,2023,walk_forward_validation,5,23,MBB|SSI|TCB|VPB|VNM,0.6,0.5217391304347826,1.15
2023-06-26,2023,walk_forward_validation,8,23,MBB|SSI|TCB|VPB|VNM|HPG|FPT|MWG,0.75,0.5217391304347826,1.4375
2023-06-26,2023,walk_forward_validation,10,23,MBB|SSI|TCB|VPB|VNM|HPG|FPT|MWG|STB|CTG,0.6,0.5217391304347826,1.15
2023-06-27,2023,walk_forward_validation,2,23,MBB|MWG,1.0,0.5652173913043478,1.7692307692307694
2023-06-27,2023,walk_forward_validation,3,23,MBB|MWG|STB,0.6666666666666666,0.5652173913043478,1.1794871794871795
2023-06-27,2023,walk_forward_validation,5,23,MBB|MWG|STB|FPT|TCB,0.6,0.5652173913043478,1.0615384615384615
2023-06-27,2023,walk_forward_validation,8,23,MBB|MWG|STB|FPT|TCB|VNM|CTG|SSI,0.625,0.5652173913043478,1.1057692307692308
2023-06-27,2023,walk_forward_validation,10,23,MBB|MWG|STB|FPT|TCB|VNM|CTG|SSI|MSN|GAS,0.6,0.5652173913043478,1.0615384615384615
2023-06-28,2023,walk_forward_validation,2,23,CTG|MBB,0.0,0.5217391304347826,0.0
2023-06-28,2023,walk_forward_validation,3,23,CTG|MBB|STB,0.0,0.5217391304347826,0.0
2023-06-28,2023,walk_forward_validation,5,23,CTG|MBB|STB|MWG|SSI,0.4,0.5217391304347826,0.7666666666666667
2023-06-28,2023,walk_forward_validation,8,23,CTG|MBB|STB|MWG|SSI|FPT|TCB|VNM,0.5,0.5217391304347826,0.9583333333333334
2023-06-28,2023,walk_forward_validation,10,23,CTG|MBB|STB|MWG|SSI|FPT|TCB|VNM|VPB|BVH,0.5,0.5217391304347826,0.9583333333333334
2023-06-29,2023,walk_forward_validation,2,23,VNM|CTG,0.0,0.391304347826087,0.0
2023-06-29,2023,walk_forward_validation,3,23,VNM|CTG|MBB,0.0,0.391304347826087,0.0
2023-06-29,2023,walk_forward_validation,5,23,VNM|CTG|MBB|SSI|STB,0.2,0.391304347826087,0.5111111111111111
2023-06-29,2023,walk_forward_validation,8,23,VNM|CTG|MBB|SSI|STB|MWG|TCB|FPT,0.375,0.391304347826087,0.9583333333333333
2023-06-29,2023,walk_forward_validation,10,23,VNM|CTG|MBB|SSI|STB|MWG|TCB|FPT|VCB|HPG,0.5,0.391304347826087,1.2777777777777777
2023-06-30,2023,walk_forward_validation,2,23,VNM|STB,0.5,0.34782608695652173,1.4375
2023-06-30,2023,walk_forward_validation,3,23,VNM|STB|MWG,0.6666666666666666,0.34782608695652173,1.9166666666666665
2023-06-30,2023,walk_forward_validation,5,23,VNM|STB|MWG|SSI|MBB,0.6,0.34782608695652173,1.725
2023-06-30,2023,walk_forward_validation,8,23,VNM|STB|MWG|SSI|MBB|CTG|TCB|FPT,0.5,0.34782608695652173,1.4375
2023-06-30,2023,walk_forward_validation,10,23,VNM|STB|MWG|SSI|MBB|CTG|TCB|FPT|VCB|VPB,0.6,0.34782608695652173,1.725
2023-07-03,2023,walk_forward_validation,2,23,VNM|MBB,0.5,0.391304347826087,1.2777777777777777
2023-07-03,2023,walk_forward_validation,3,23,VNM|MBB|MWG,0.6666666666666666,0.391304347826087,1.7037037037037035
2023-07-03,2023,walk_forward_validation,5,23,VNM|MBB|MWG|STB|SSI,0.6,0.391304347826087,1.5333333333333332
2023-07-03,2023,walk_forward_validation,8,23,VNM|MBB|MWG|STB|SSI|FPT|VHM|CTG,0.625,0.391304347826087,1.597222222222222
2023-07-03,2023,walk_forward_validation,10,23,VNM|MBB|MWG|STB|SSI|FPT|VHM|CTG|VPB|MSN,0.7,0.391304347826087,1.7888888888888888
2023-07-04,2023,walk_forward_validation,2,23,SSI|VNM,1.0,0.4782608695652174,2.090909090909091
2023-07-04,2023,walk_forward_validation,3,23,SSI|VNM|MWG,1.0,0.4782608695652174,2.090909090909091
2023-07-04,2023,walk_forward_validation,5,23,SSI|VNM|MWG|STB|VHM,0.8,0.4782608695652174,1.6727272727272728
2023-07-04,2023,walk_forward_validation,8,23,SSI|VNM|MWG|STB|VHM|MBB|FPT|CTG,0.625,0.4782608695652174,1.3068181818181819
2023-07-04,2023,walk_forward_validation,10,23,SSI|VNM|MWG|STB|VHM|MBB|FPT|CTG|PLX|BVH,0.5,0.4782608695652174,1.0454545454545454
2023-07-05,2023,walk_forward_validation,2,23,MBB|SSI,0.5,0.43478260869565216,1.1500000000000001
2023-07-05,2023,walk_forward_validation,3,23,MBB|SSI|STB,0.3333333333333333,0.43478260869565216,0.7666666666666666
2023-07-05,2023,walk_forward_validation,5,23,MBB|SSI|STB|PLX|MWG,0.4,0.43478260869565216,0.92
2023-07-05,2023,walk_forward_validation,8,23,MBB|SSI|STB|PLX|MWG|FPT|VNM|CTG,0.5,0.43478260869565216,1.1500000000000001
2023-07-05,2023,walk_forward_validation,10,23,MBB|SSI|STB|PLX|MWG|FPT|VNM|CTG|VCB|VRE,0.4,0.43478260869565216,0.92
2023-07-06,2023,walk_forward_validation,2,23,MBB|PLX,0.0,0.391304347826087,0.0
2023-07-06,2023,walk_forward_validation,3,23,MBB|PLX|VNM,0.0,0.391304347826087,0.0
2023-07-06,2023,walk_forward_validation,5,23,MBB|PLX|VNM|FPT|MWG,0.4,0.391304347826087,1.0222222222222221
2023-07-06,2023,walk_forward_validation,8,23,MBB|PLX|VNM|FPT|MWG|CTG|STB|SSI,0.375,0.391304347826087,0.9583333333333333
2023-07-06,2023,walk_forward_validation,10,23,MBB|PLX|VNM|FPT|MWG|CTG|STB|SSI|BVH|HPG,0.3,0.391304347826087,0.7666666666666666
2023-07-07,2023,walk_forward_validation,2,23,PLX|MWG,0.5,0.34782608695652173,1.4375
2023-07-07,2023,walk_forward_validation,3,23,PLX|MWG|SSI,0.6666666666666666,0.34782608695652173,1.9166666666666665
2023-07-07,2023,walk_forward_validation,5,23,PLX|MWG|SSI|FPT|VNM,0.6,0.34782608695652173,1.725
2023-07-07,2023,walk_forward_validation,8,23,PLX|MWG|SSI|FPT|VNM|MBB|VCB|STB,0.375,0.34782608695652173,1.078125
2023-07-07,2023,walk_forward_validation,10,23,PLX|MWG|SSI|FPT|VNM|MBB|VCB|STB|CTG|BVH,0.3,0.34782608695652173,0.8625
2023-07-10,2023,walk_forward_validation,2,23,MBB|MWG,0.5,0.43478260869565216,1.1500000000000001
2023-07-10,2023,walk_forward_validation,3,23,MBB|MWG|VNM,0.3333333333333333,0.43478260869565216,0.7666666666666666
2023-07-10,2023,walk_forward_validation,5,23,MBB|MWG|VNM|SSI|PLX,0.2,0.43478260869565216,0.46
2023-07-10,2023,walk_forward_validation,8,23,MBB|MWG|VNM|SSI|PLX|FPT|STB|CTG,0.375,0.43478260869565216,0.8625
2023-07-10,2023,walk_forward_validation,10,23,MBB|MWG|VNM|SSI|PLX|FPT|STB|CTG|BID|GAS,0.3,0.43478260869565216,0.69
2023-07-11,2023,walk_forward_validation,2,23,PLX|MBB,0.0,0.34782608695652173,0.0
2023-07-11,2023,walk_forward_validation,3,23,PLX|MBB|MWG,0.3333333333333333,0.34782608695652173,0.9583333333333333
2023-07-11,2023,walk_forward_validation,5,23,PLX|MBB|MWG|VNM|SSI,0.2,0.34782608695652173,0.5750000000000001
2023-07-11,2023,walk_forward_validation,8,23,PLX|MBB|MWG|VNM|SSI|BID|STB|MSN,0.25,0.34782608695652173,0.71875
2023-07-11,2023,walk_forward_validation,10,23,PLX|MBB|MWG|VNM|SSI|BID|STB|MSN|CTG|GAS,0.2,0.34782608695652173,0.5750000000000001
2023-07-12,2023,walk_forward_validation,2,23,PLX|MBB,0.0,0.4782608695652174,0.0
2023-07-12,2023,walk_forward_validation,3,23,PLX|MBB|VNM,0.0,0.4782608695652174,0.0
2023-07-12,2023,walk_forward_validation,5,23,PLX|MBB|VNM|SSI|MWG,0.2,0.4782608695652174,0.4181818181818182
2023-07-12,2023,walk_forward_validation,8,23,PLX|MBB|VNM|SSI|MWG|BVH|BID|MSN,0.25,0.4782608695652174,0.5227272727272727
2023-07-12,2023,walk_forward_validation,10,23,PLX|MBB|VNM|SSI|MWG|BVH|BID|MSN|FPT|STB,0.3,0.4782608695652174,0.6272727272727272
2023-07-13,2023,walk_forward_validation,2,23,PLX|MSN,0.0,0.43478260869565216,0.0
2023-07-13,2023,walk_forward_validation,3,23,PLX|MSN|MBB,0.0,0.43478260869565216,0.0
2023-07-13,2023,walk_forward_validation,5,23,PLX|MSN|MBB|BVH|SSI,0.0,0.43478260869565216,0.0
2023-07-13,2023,walk_forward_validation,8,23,PLX|MSN|MBB|BVH|SSI|VNM|MWG|BID,0.125,0.43478260869565216,0.28750000000000003
2023-07-13,2023,walk_forward_validation,10,23,PLX|MSN|MBB|BVH|SSI|VNM|MWG|BID|FPT|VRE,0.3,0.43478260869565216,0.69
2023-07-14,2023,walk_forward_validation,2,23,FPT|MBB,0.0,0.30434782608695654,0.0
2023-07-14,2023,walk_forward_validation,3,23,FPT|MBB|SSI,0.0,0.30434782608695654,0.0
2023-07-14,2023,walk_forward_validation,5,23,FPT|MBB|SSI|MSN|MWG,0.2,0.30434782608695654,0.6571428571428571
2023-07-14,2023,walk_forward_validation,8,23,FPT|MBB|SSI|MSN|MWG|VNM|BVH|PLX,0.125,0.30434782608695654,0.4107142857142857
2023-07-14,2023,walk_forward_validation,10,23,FPT|MBB|SSI|MSN|MWG|VNM|BVH|PLX|BID|VJC,0.1,0.30434782608695654,0.32857142857142857
2023-07-17,2023,walk_forward_validation,2,23,FPT|SSI,0.0,0.30434782608695654,0.0
2023-07-17,2023,walk_forward_validation,3,23,FPT|SSI|MWG,0.3333333333333333,0.30434782608695654,1.0952380952380951
2023-07-17,2023,walk_forward_validation,5,23,FPT|SSI|MWG|MBB|PLX,0.2,0.30434782608695654,0.6571428571428571
2023-07-17,2023,walk_forward_validation,8,23,FPT|SSI|MWG|MBB|PLX|BVH|MSN|VRE,0.25,0.30434782608695654,0.8214285714285714
2023-07-17,2023,walk_forward_validation,10,23,FPT|SSI|MWG|MBB|PLX|BVH|MSN|VRE|GAS|HPG,0.2,0.30434782608695654,0.6571428571428571
2023-07-18,2023,walk_forward_validation,2,23,SSI|MWG,0.5,0.34782608695652173,1.4375
2023-07-18,2023,walk_forward_validation,3,23,SSI|MWG|MBB,0.3333333333333333,0.34782608695652173,0.9583333333333333
2023-07-18,2023,walk_forward_validation,5,23,SSI|MWG|MBB|FPT|VPB,0.4,0.34782608695652173,1.1500000000000001
2023-07-18,2023,walk_forward_validation,8,23,SSI|MWG|MBB|FPT|VPB|BID|MSN|PLX,0.25,0.34782608695652173,0.71875
2023-07-18,2023,walk_forward_validation,10,23,SSI|MWG|MBB|FPT|VPB|BID|MSN|PLX|BVH|HPG,0.2,0.34782608695652173,0.5750000000000001
2023-07-19,2023,walk_forward_validation,2,23,SSI|MWG,0.5,0.391304347826087,1.2777777777777777
2023-07-19,2023,walk_forward_validation,3,23,SSI|MWG|FPT,0.6666666666666666,0.391304347826087,1.7037037037037035
2023-07-19,2023,walk_forward_validation,5,23,SSI|MWG|FPT|VHM|MBB,0.6,0.391304347826087,1.5333333333333332
2023-07-19,2023,walk_forward_validation,8,23,SSI|MWG|FPT|VHM|MBB|HPG|VCB|BID,0.375,0.391304347826087,0.9583333333333333
2023-07-19,2023,walk_forward_validation,10,23,SSI|MWG|FPT|VHM|MBB|HPG|VCB|BID|VNM|MSN,0.3,0.391304347826087,0.7666666666666666
2023-07-20,2023,walk_forward_validation,2,23,SSI|MWG,1.0,0.4782608695652174,2.090909090909091
2023-07-20,2023,walk_forward_validation,3,23,SSI|MWG|FPT,1.0,0.4782608695652174,2.090909090909091
2023-07-20,2023,walk_forward_validation,5,23,SSI|MWG|FPT|MBB|BVH,0.6,0.4782608695652174,1.2545454545454544
2023-07-20,2023,walk_forward_validation,8,23,SSI|MWG|FPT|MBB|BVH|VPB|HDB|VNM,0.5,0.4782608695652174,1.0454545454545454
2023-07-20,2023,walk_forward_validation,10,23,SSI|MWG|FPT|MBB|BVH|VPB|HDB|VNM|HPG|BID,0.4,0.4782608695652174,0.8363636363636364
2023-07-21,2023,walk_forward_validation,2,23,FPT|SSI,0.5,0.43478260869565216,1.1500000000000001
2023-07-21,2023,walk_forward_validation,3,23,FPT|SSI|MBB,0.3333333333333333,0.43478260869565216,0.7666666666666666
2023-07-21,2023,walk_forward_validation,5,23,FPT|SSI|MBB|MSN|HDB,0.2,0.43478260869565216,0.46
2023-07-21,2023,walk_forward_validation,8,23,FPT|SSI|MBB|MSN|HDB|HPG|VNM|VPB,0.25,0.43478260869565216,0.5750000000000001
2023-07-21,2023,walk_forward_validation,10,23,FPT|SSI|MBB|MSN|HDB|HPG|VNM|VPB|MWG|BVH,0.2,0.43478260869565216,0.46
2023-07-24,2023,walk_forward_validation,2,23,FPT|MSN,0.5,0.4782608695652174,1.0454545454545454
2023-07-24,2023,walk_forward_validation,3,23,FPT|MSN|MBB,0.3333333333333333,0.4782608695652174,0.6969696969696969
2023-07-24,2023,walk_forward_validation,5,23,FPT|MSN|MBB|SSI|VPB,0.4,0.4782608695652174,0.8363636363636364
2023-07-24,2023,walk_forward_validation,8,23,FPT|MSN|MBB|SSI|VPB|VHM|HDB|HPG,0.25,0.4782608695652174,0.5227272727272727
2023-07-24,2023,walk_forward_validation,10,23,FPT|MSN|MBB|SSI|VPB|VHM|HDB|HPG|MWG|VRE,0.3,0.4782608695652174,0.6272727272727272
2023-07-25,2023,walk_forward_validation,2,23,FPT|VPB,0.5,0.43478260869565216,1.1500000000000001
2023-07-25,2023,walk_forward_validation,3,23,FPT|VPB|MBB,0.3333333333333333,0.43478260869565216,0.7666666666666666
2023-07-25,2023,walk_forward_validation,5,23,FPT|VPB|MBB|SSI|HPG,0.4,0.43478260869565216,0.92
2023-07-25,2023,walk_forward_validation,8,23,FPT|VPB|MBB|SSI|HPG|HDB|MSN|VNM,0.375,0.43478260869565216,0.8625
2023-07-25,2023,walk_forward_validation,10,23,FPT|VPB|MBB|SSI|HPG|HDB|MSN|VNM|MWG|BID,0.3,0.43478260869565216,0.69
2023-07-26,2023,walk_forward_validation,2,23,FPT|SSI,1.0,0.43478260869565216,2.3000000000000003
2023-07-26,2023,walk_forward_validation,3,23,FPT|SSI|VPB,0.6666666666666666,0.43478260869565216,1.5333333333333332
2023-07-26,2023,walk_forward_validation,5,23,FPT|SSI|VPB|MSN|HPG,0.4,0.43478260869565216,0.92
2023-07-26,2023,walk_forward_validation,8,23,FPT|SSI|VPB|MSN|HPG|HDB|VNM|VCB,0.375,0.43478260869565216,0.8625
2023-07-26,2023,walk_forward_validation,10,23,FPT|SSI|VPB|MSN|HPG|HDB|VNM|VCB|VHM|SAB,0.3,0.43478260869565216,0.69
2023-07-27,2023,walk_forward_validation,2,23,FPT|HDB,0.5,0.43478260869565216,1.1500000000000001
2023-07-27,2023,walk_forward_validation,3,23,FPT|HDB|VPB,0.3333333333333333,0.43478260869565216,0.7666666666666666
2023-07-27,2023,walk_forward_validation,5,23,FPT|HDB|VPB|VNM|SSI,0.6,0.43478260869565216,1.38
2023-07-27,2023,walk_forward_validation,8,23,FPT|HDB|VPB|VNM|SSI|HPG|MBB|MSN,0.375,0.43478260869565216,0.8625
2023-07-27,2023,walk_forward_validation,10,23,FPT|HDB|VPB|VNM|SSI|HPG|MBB|MSN|VCB|VRE,0.4,0.43478260869565216,0.92
2023-07-28,2023,walk_forward_validation,2,23,FPT|VNM,1.0,0.4782608695652174,2.090909090909091
2023-07-28,2023,walk_forward_validation,3,23,FPT|VNM|SSI,1.0,0.4782608695652174,2.090909090909091
2023-07-28,2023,walk_forward_validation,5,23,FPT|VNM|SSI|VPB|HDB,0.6,0.4782608695652174,1.2545454545454544
2023-07-28,2023,walk_forward_validation,8,23,FPT|VNM|SSI|VPB|HDB|MSN|HPG|VCB,0.375,0.4782608695652174,0.7840909090909091
2023-07-28,2023,walk_forward_validation,10,23,FPT|VNM|SSI|VPB|HDB|MSN|HPG|VCB|TCB|MBB,0.4,0.4782608695652174,0.8363636363636364
2023-07-31,2023,walk_forward_validation,2,23,FPT|VPB,0.5,0.43478260869565216,1.1500000000000001
2023-07-31,2023,walk_forward_validation,3,23,FPT|VPB|HDB,0.3333333333333333,0.43478260869565216,0.7666666666666666
2023-07-31,2023,walk_forward_validation,5,23,FPT|VPB|HDB|VNM|MSN,0.4,0.43478260869565216,0.92
2023-07-31,2023,walk_forward_validation,8,23,FPT|VPB|HDB|VNM|MSN|SSI|VHM|BVH,0.375,0.43478260869565216,0.8625
2023-07-31,2023,walk_forward_validation,10,23,FPT|VPB|HDB|VNM|MSN|SSI|VHM|BVH|VRE|VJC,0.4,0.43478260869565216,0.92
2023-08-01,2023,walk_forward_validation,2,23,HDB|FPT,0.5,0.4782608695652174,1.0454545454545454
2023-08-01,2023,walk_forward_validation,3,23,HDB|FPT|VHM,0.3333333333333333,0.4782608695652174,0.6969696969696969
2023-08-01,2023,walk_forward_validation,5,23,HDB|FPT|VHM|VPB|MSN,0.2,0.4782608695652174,0.4181818181818182
2023-08-01,2023,walk_forward_validation,8,23,HDB|FPT|VHM|VPB|MSN|MBB|BID|TCB,0.25,0.4782608695652174,0.5227272727272727
2023-08-01,2023,walk_forward_validation,10,23,HDB|FPT|VHM|VPB|MSN|MBB|BID|TCB|VIC|VJC,0.3,0.4782608695652174,0.6272727272727272
2023-08-02,2023,walk_forward_validation,2,23,FPT|BID,0.5,0.4782608695652174,1.0454545454545454
2023-08-02,2023,walk_forward_validation,3,23,FPT|BID|HDB,0.3333333333333333,0.4782608695652174,0.6969696969696969
2023-08-02,2023,walk_forward_validation,5,23,FPT|BID|HDB|VHM|VPB,0.2,0.4782608695652174,0.4181818181818182
2023-08-02,2023,walk_forward_validation,8,23,FPT|BID|HDB|VHM|VPB|MBB|MSN|VIC,0.25,0.4782608695652174,0.5227272727272727
2023-08-02,2023,walk_forward_validation,10,23,FPT|BID|HDB|VHM|VPB|MBB|MSN|VIC|TCB|SSI,0.4,0.4782608695652174,0.8363636363636364
2023-08-03,2023,walk_forward_validation,2,23,FPT|MBB,0.5,0.4782608695652174,1.0454545454545454
2023-08-03,2023,walk_forward_validation,3,23,FPT|MBB|MSN,0.3333333333333333,0.4782608695652174,0.6969696969696969
2023-08-03,2023,walk_forward_validation,5,23,FPT|MBB|MSN|BID|VIC,0.4,0.4782608695652174,0.8363636363636364
2023-08-03,2023,walk_forward_validation,8,23,FPT|MBB|MSN|BID|VIC|VPB|HDB|VJC,0.25,0.4782608695652174,0.5227272727272727
2023-08-03,2023,walk_forward_validation,10,23,FPT|MBB|MSN|BID|VIC|VPB|HDB|VJC|VHM|TCB,0.3,0.4782608695652174,0.6272727272727272
2023-08-04,2023,walk_forward_validation,2,23,MBB|VPB,0.5,0.4782608695652174,1.0454545454545454
2023-08-04,2023,walk_forward_validation,3,23,MBB|VPB|FPT,0.6666666666666666,0.4782608695652174,1.3939393939393938
2023-08-04,2023,walk_forward_validation,5,23,MBB|VPB|FPT|VJC|MSN,0.4,0.4782608695652174,0.8363636363636364
2023-08-04,2023,walk_forward_validation,8,23,MBB|VPB|FPT|VJC|MSN|MWG|BID|TCB,0.5,0.4782608695652174,1.0454545454545454
2023-08-04,2023,walk_forward_validation,10,23,MBB|VPB|FPT|VJC|MSN|MWG|BID|TCB|CTG|SSI,0.6,0.4782608695652174,1.2545454545454544
2023-08-07,2023,walk_forward_validation,2,23,MBB|VPB,0.0,0.391304347826087,0.0
2023-08-07,2023,walk_forward_validation,3,23,MBB|VPB|FPT,0.3333333333333333,0.391304347826087,0.8518518518518517
2023-08-07,2023,walk_forward_validation,5,23,MBB|VPB|FPT|MSN|CTG,0.2,0.391304347826087,0.5111111111111111
2023-08-07,2023,walk_forward_validation,8,23,MBB|VPB|FPT|MSN|CTG|MWG|TCB|VHM,0.375,0.391304347826087,0.9583333333333333
2023-08-07,2023,walk_forward_validation,10,23,MBB|VPB|FPT|MSN|CTG|MWG|TCB|VHM|VJC|VNM,0.4,0.391304347826087,1.0222222222222221
2023-08-08,2023,walk_forward_validation,2,23,CTG|MSN,0.5,0.43478260869565216,1.1500000000000001
2023-08-08,2023,walk_forward_validation,3,23,CTG|MSN|VJC,0.3333333333333333,0.43478260869565216,0.7666666666666666
2023-08-08,2023,walk_forward_validation,5,23,CTG|MSN|VJC|FPT|MBB,0.6,0.43478260869565216,1.38
2023-08-08,2023,walk_forward_validation,8,23,CTG|MSN|VJC|FPT|MBB|VHM|TCB|HDB,0.5,0.43478260869565216,1.1500000000000001
2023-08-08,2023,walk_forward_validation,10,23,CTG|MSN|VJC|FPT|MBB|VHM|TCB|HDB|VRE|BID,0.4,0.43478260869565216,0.92
2023-08-09,2023,walk_forward_validation,2,23,CTG|MSN,0.0,0.34782608695652173,0.0
2023-08-09,2023,walk_forward_validation,3,23,CTG|MSN|MBB,0.0,0.34782608695652173,0.0
2023-08-09,2023,walk_forward_validation,5,23,CTG|MSN|MBB|VRE|TCB,0.2,0.34782608695652173,0.5750000000000001
2023-08-09,2023,walk_forward_validation,8,23,CTG|MSN|MBB|VRE|TCB|VHM|VJC|FPT,0.25,0.34782608695652173,0.71875
2023-08-09,2023,walk_forward_validation,10,23,CTG|MSN|MBB|VRE|TCB|VHM|VJC|FPT|VPB|STB,0.3,0.34782608695652173,0.8625
2023-08-10,2023,walk_forward_validation,2,23,VRE|CTG,0.5,0.43478260869565216,1.1500000000000001
2023-08-10,2023,walk_forward_validation,3,23,VRE|CTG|VHM,0.3333333333333333,0.43478260869565216,0.7666666666666666
2023-08-10,2023,walk_forward_validation,5,23,VRE|CTG|VHM|STB|HDB,0.4,0.43478260869565216,0.92
2023-08-10,2023,walk_forward_validation,8,23,VRE|CTG|VHM|STB|HDB|VPB|GAS|MBB,0.375,0.43478260869565216,0.8625
2023-08-10,2023,walk_forward_validation,10,23,VRE|CTG|VHM|STB|HDB|VPB|GAS|MBB|MWG|SAB,0.5,0.43478260869565216,1.1500000000000001
2023-08-11,2023,walk_forward_validation,2,23,STB|VHM,0.5,0.5217391304347826,0.9583333333333334
2023-08-11,2023,walk_forward_validation,3,23,STB|VHM|CTG,0.3333333333333333,0.5217391304347826,0.6388888888888888
2023-08-11,2023,walk_forward_validation,5,23,STB|VHM|CTG|MWG|VRE,0.4,0.5217391304347826,0.7666666666666667
2023-08-11,2023,walk_forward_validation,8,23,STB|VHM|CTG|MWG|VRE|TCB|VPB|GAS,0.625,0.5217391304347826,1.1979166666666667
2023-08-11,2023,walk_forward_validation,10,23,STB|VHM|CTG|MWG|VRE|TCB|VPB|GAS|VJC|MBB,0.6,0.5217391304347826,1.15
2023-08-14,2023,walk_forward_validation,2,23,CTG|TCB,1.0,0.5652173913043478,1.7692307692307694
2023-08-14,2023,walk_forward_validation,3,23,CTG|TCB|VRE,0.6666666666666666,0.5652173913043478,1.1794871794871795
2023-08-14,2023,walk_forward_validation,5,23,CTG|TCB|VRE|STB|VPB,0.8,0.5652173913043478,1.4153846153846155
2023-08-14,2023,walk_forward_validation,8,23,CTG|TCB|VRE|STB|VPB|VHM|MWG|VNM,0.75,0.5652173913043478,1.326923076923077
2023-08-14,2023,walk_forward_validation,10,23,CTG|TCB|VRE|STB|VPB|VHM|MWG|VNM|MBB|FPT,0.8,0.5652173913043478,1.4153846153846155
2023-08-15,2023,walk_forward_validation,2,23,CTG|STB,1.0,0.6521739130434783,1.5333333333333332
2023-08-15,2023,walk_forward_validation,3,23,CTG|STB|TCB,1.0,0.6521739130434783,1.5333333333333332
2023-08-15,2023,walk_forward_validation,5,23,CTG|STB|TCB|VRE|VHM,0.6,0.6521739130434783,0.9199999999999999
2023-08-15,2023,walk_forward_validation,8,23,CTG|STB|TCB|VRE|VHM|VJC|FPT|MWG,0.625,0.6521739130434783,0.9583333333333334
2023-08-15,2023,walk_forward_validation,10,23,CTG|STB|TCB|VRE|VHM|VJC|FPT|MWG|VPB|MBB,0.7,0.6521739130434783,1.0733333333333333
2023-08-16,2023,walk_forward_validation,2,23,TCB|CTG,1.0,0.6956521739130435,1.4375
2023-08-16,2023,walk_forward_validation,3,23,TCB|CTG|VRE,0.6666666666666666,0.6956521739130435,0.9583333333333333
2023-08-16,2023,walk_forward_validation,5,23,TCB|CTG|VRE|VHM|MBB,0.6,0.6956521739130435,0.8625
2023-08-16,2023,walk_forward_validation,8,23,TCB|CTG|VRE|VHM|MBB|VPB|STB|POW,0.625,0.6956521739130435,0.8984375
2023-08-16,2023,walk_forward_validation,10,23,TCB|CTG|VRE|VHM|MBB|VPB|STB|POW|FPT|MWG,0.7,0.6956521739130435,1.0062499999999999
2023-08-17,2023,walk_forward_validation,2,23,CTG|TCB,1.0,0.6956521739130435,1.4375
2023-08-17,2023,walk_forward_validation,3,23,CTG|TCB|MWG,1.0,0.6956521739130435,1.4375
2023-08-17,2023,walk_forward_validation,5,23,CTG|TCB|MWG|VRE|FPT,0.8,0.6956521739130435,1.1500000000000001
2023-08-17,2023,walk_forward_validation,8,23,CTG|TCB|MWG|VRE|FPT|STB|VHM|VPB,0.75,0.6956521739130435,1.078125
2023-08-17,2023,walk_forward_validation,10,23,CTG|TCB|MWG|VRE|FPT|STB|VHM|VPB|POW|SSI,0.7,0.6956521739130435,1.0062499999999999
2023-08-18,2023,walk_forward_validation,2,23,STB|CTG,1.0,0.6086956521739131,1.6428571428571428
2023-08-18,2023,walk_forward_validation,3,23,STB|CTG|VRE,0.6666666666666666,0.6086956521739131,1.0952380952380951
2023-08-18,2023,walk_forward_validation,5,23,STB|CTG|VRE|TCB|FPT,0.8,0.6086956521739131,1.3142857142857143
2023-08-18,2023,walk_forward_validation,8,23,STB|CTG|VRE|TCB|FPT|VNM|SSI|VHM,0.75,0.6086956521739131,1.232142857142857
2023-08-18,2023,walk_forward_validation,10,23,STB|CTG|VRE|TCB|FPT|VNM|SSI|VHM|VCB|POW,0.6,0.6086956521739131,0.9857142857142857
2023-08-21,2023,walk_forward_validation,2,23,CTG|TCB,0.5,0.5652173913043478,0.8846153846153847
2023-08-21,2023,walk_forward_validation,3,23,CTG|TCB|STB,0.6666666666666666,0.5652173913043478,1.1794871794871795
2023-08-21,2023,walk_forward_validation,5,23,CTG|TCB|STB|FPT|VRE,0.6,0.5652173913043478,1.0615384615384615
2023-08-21,2023,walk_forward_validation,8,23,CTG|TCB|STB|FPT|VRE|SSI|VNM|VHM,0.625,0.5652173913043478,1.1057692307692308
2023-08-21,2023,walk_forward_validation,10,23,CTG|TCB|STB|FPT|VRE|SSI|VNM|VHM|VCB|BID,0.5,0.5652173913043478,0.8846153846153847
2023-08-22,2023,walk_forward_validation,2,23,VRE|TCB,0.5,0.5217391304347826,0.9583333333333334
2023-08-22,2023,walk_forward_validation,3,23,VRE|TCB|GAS,0.6666666666666666,0.5217391304347826,1.2777777777777777
2023-08-22,2023,walk_forward_validation,5,23,VRE|TCB|GAS|CTG|FPT,0.6,0.5217391304347826,1.15
2023-08-22,2023,walk_forward_validation,8,23,VRE|TCB|GAS|CTG|FPT|BID|SSI|STB,0.5,0.5217391304347826,0.9583333333333334
2023-08-22,2023,walk_forward_validation,10,23,VRE|TCB|GAS|CTG|FPT|BID|SSI|STB|BVH|VNM,0.5,0.5217391304347826,0.9583333333333334
2023-08-23,2023,walk_forward_validation,2,23,SSI|TCB,1.0,0.6086956521739131,1.6428571428571428
2023-08-23,2023,walk_forward_validation,3,23,SSI|TCB|FPT,1.0,0.6086956521739131,1.6428571428571428
2023-08-23,2023,walk_forward_validation,5,23,SSI|TCB|FPT|VRE|STB,0.8,0.6086956521739131,1.3142857142857143
2023-08-23,2023,walk_forward_validation,8,23,SSI|TCB|FPT|VRE|STB|CTG|BID|GAS,0.625,0.6086956521739131,1.0267857142857142
2023-08-23,2023,walk_forward_validation,10,23,SSI|TCB|FPT|VRE|STB|CTG|BID|GAS|VNM|BVH,0.6,0.6086956521739131,0.9857142857142857
2023-08-24,2023,walk_forward_validation,2,23,TCB|SSI,0.5,0.6521739130434783,0.7666666666666666
2023-08-24,2023,walk_forward_validation,3,23,TCB|SSI|GAS,0.6666666666666666,0.6521739130434783,1.0222222222222221
2023-08-24,2023,walk_forward_validation,5,23,TCB|SSI|GAS|VNM|FPT,0.8,0.6521739130434783,1.2266666666666668
2023-08-24,2023,walk_forward_validation,8,23,TCB|SSI|GAS|VNM|FPT|VRE|BID|STB,0.75,0.6521739130434783,1.15
2023-08-24,2023,walk_forward_validation,10,23,TCB|SSI|GAS|VNM|FPT|VRE|BID|STB|CTG|VHM,0.6,0.6521739130434783,0.9199999999999999
2023-08-25,2023,walk_forward_validation,2,23,VNM|FPT,1.0,0.6956521739130435,1.4375
2023-08-25,2023,walk_forward_validation,3,23,VNM|FPT|TCB,1.0,0.6956521739130435,1.4375
2023-08-25,2023,walk_forward_validation,5,23,VNM|FPT|TCB|GAS|STB,1.0,0.6956521739130435,1.4375
2023-08-25,2023,walk_forward_validation,8,23,VNM|FPT|TCB|GAS|STB|SSI|VRE|MWG,0.75,0.6956521739130435,1.078125
2023-08-25,2023,walk_forward_validation,10,23,VNM|FPT|TCB|GAS|STB|SSI|VRE|MWG|CTG|MSN,0.7,0.6956521739130435,1.0062499999999999
2023-08-28,2023,walk_forward_validation,2,23,VNM|TCB,0.5,0.6521739130434783,0.7666666666666666
2023-08-28,2023,walk_forward_validation,3,23,VNM|TCB|GAS,0.6666666666666666,0.6521739130434783,1.0222222222222221
2023-08-28,2023,walk_forward_validation,5,23,VNM|TCB|GAS|FPT|VRE,0.6,0.6521739130434783,0.9199999999999999
2023-08-28,2023,walk_forward_validation,8,23,VNM|TCB|GAS|FPT|VRE|SSI|MWG|CTG,0.75,0.6521739130434783,1.15
2023-08-28,2023,walk_forward_validation,10,23,VNM|TCB|GAS|FPT|VRE|SSI|MWG|CTG|HPG|STB,0.8,0.6521739130434783,1.2266666666666668
2023-08-29,2023,walk_forward_validation,2,23,GAS|VNM,1.0,0.6956521739130435,1.4375
2023-08-29,2023,walk_forward_validation,3,23,GAS|VNM|TCB,1.0,0.6956521739130435,1.4375
2023-08-29,2023,walk_forward_validation,5,23,GAS|VNM|TCB|SSI|FPT,1.0,0.6956521739130435,1.4375
2023-08-29,2023,walk_forward_validation,8,23,GAS|VNM|TCB|SSI|FPT|HPG|STB|MWG,1.0,0.6956521739130435,1.4375
2023-08-29,2023,walk_forward_validation,10,23,GAS|VNM|TCB|SSI|FPT|HPG|STB|MWG|VRE|CTG,0.9,0.6956521739130435,1.2937500000000002
2023-08-30,2023,walk_forward_validation,2,23,VNM|TCB,1.0,0.6086956521739131,1.6428571428571428
2023-08-30,2023,walk_forward_validation,3,23,VNM|TCB|MWG,1.0,0.6086956521739131,1.6428571428571428
2023-08-30,2023,walk_forward_validation,5,23,VNM|TCB|MWG|GAS|CTG,0.8,0.6086956521739131,1.3142857142857143
2023-08-30,2023,walk_forward_validation,8,23,VNM|TCB|MWG|GAS|CTG|HPG|BID|SAB,0.75,0.6086956521739131,1.232142857142857
2023-08-30,2023,walk_forward_validation,10,23,VNM|TCB|MWG|GAS|CTG|HPG|BID|SAB|VRE|STB,0.6,0.6086956521739131,0.9857142857142857
2023-08-31,2023,walk_forward_validation,2,23,VNM|TCB,1.0,0.6521739130434783,1.5333333333333332
2023-08-31,2023,walk_forward_validation,3,23,VNM|TCB|CTG,0.6666666666666666,0.6521739130434783,1.0222222222222221
2023-08-31,2023,walk_forward_validation,5,23,VNM|TCB|CTG|HPG|MWG,0.8,0.6521739130434783,1.2266666666666668
2023-08-31,2023,walk_forward_validation,8,23,VNM|TCB|CTG|HPG|MWG|FPT|SSI|BID,0.75,0.6521739130434783,1.15
2023-08-31,2023,walk_forward_validation,10,23,VNM|TCB|CTG|HPG|MWG|FPT|SSI|BID|GAS|HDB,0.8,0.6521739130434783,1.2266666666666668
2023-09-05,2023,walk_forward_validation,2,23,TCB|MWG,0.5,0.5217391304347826,0.9583333333333334
2023-09-05,2023,walk_forward_validation,3,23,TCB|MWG|SSI,0.3333333333333333,0.5217391304347826,0.6388888888888888
2023-09-05,2023,walk_forward_validation,5,23,TCB|MWG|SSI|MBB|VNM,0.6,0.5217391304347826,1.15
2023-09-05,2023,walk_forward_validation,8,23,TCB|MWG|SSI|MBB|VNM|CTG|HPG|FPT,0.5,0.5217391304347826,0.9583333333333334
2023-09-05,2023,walk_forward_validation,10,23,TCB|MWG|SSI|MBB|VNM|CTG|HPG|FPT|GAS|BID,0.5,0.5217391304347826,0.9583333333333334
2023-09-06,2023,walk_forward_validation,2,23,VNM|TCB,1.0,0.5652173913043478,1.7692307692307694
2023-09-06,2023,walk_forward_validation,3,23,VNM|TCB|GAS,1.0,0.5652173913043478,1.7692307692307694
2023-09-06,2023,walk_forward_validation,5,23,VNM|TCB|GAS|MBB|HPG,0.8,0.5652173913043478,1.4153846153846155
2023-09-06,2023,walk_forward_validation,8,23,VNM|TCB|GAS|MBB|HPG|MWG|CTG|SSI,0.625,0.5652173913043478,1.1057692307692308
2023-09-06,2023,walk_forward_validation,10,23,VNM|TCB|GAS|MBB|HPG|MWG|CTG|SSI|FPT|HDB,0.7,0.5652173913043478,1.2384615384615385
2023-09-07,2023,walk_forward_validation,2,23,VNM|GAS,1.0,0.4782608695652174,2.090909090909091
2023-09-07,2023,walk_forward_validation,3,23,VNM|GAS|MBB,1.0,0.4782608695652174,2.090909090909091
2023-09-07,2023,walk_forward_validation,5,23,VNM|GAS|MBB|MWG|TCB,0.6,0.4782608695652174,1.2545454545454544
2023-09-07,2023,walk_forward_validation,8,23,VNM|GAS|MBB|MWG|TCB|HDB|HPG|CTG,0.5,0.4782608695652174,1.0454545454545454
2023-09-07,2023,walk_forward_validation,10,23,VNM|GAS|MBB|MWG|TCB|HDB|HPG|CTG|VPB|FPT,0.6,0.4782608695652174,1.2545454545454544
2023-09-08,2023,walk_forward_validation,2,23,MWG|HDB,0.5,0.5217391304347826,0.9583333333333334
2023-09-08,2023,walk_forward_validation,3,23,MWG|HDB|GAS,0.6666666666666666,0.5217391304347826,1.2777777777777777
2023-09-08,2023,walk_forward_validation,5,23,MWG|HDB|GAS|TCB|VNM,0.6,0.5217391304347826,1.15
2023-09-08,2023,walk_forward_validation,8,23,MWG|HDB|GAS|TCB|VNM|HPG|MBB|SAB,0.5,0.5217391304347826,0.9583333333333334
2023-09-08,2023,walk_forward_validation,10,23,MWG|HDB|GAS|TCB|VNM|HPG|MBB|SAB|STB|VJC,0.6,0.5217391304347826,1.15
2023-09-11,2023,walk_forward_validation,2,23,MWG|VNM,0.0,0.43478260869565216,0.0
2023-09-11,2023,walk_forward_validation,3,23,MWG|VNM|SAB,0.0,0.43478260869565216,0.0
2023-09-11,2023,walk_forward_validation,5,23,MWG|VNM|SAB|GAS|HPG,0.2,0.43478260869565216,0.46
2023-09-11,2023,walk_forward_validation,8,23,MWG|VNM|SAB|GAS|HPG|TCB|VPB|VHM,0.25,0.43478260869565216,0.5750000000000001
2023-09-11,2023,walk_forward_validation,10,23,MWG|VNM|SAB|GAS|HPG|TCB|VPB|VHM|PLX|CTG,0.2,0.43478260869565216,0.46
2023-09-12,2023,walk_forward_validation,2,23,VNM|SAB,0.5,0.4782608695652174,1.0454545454545454
2023-09-12,2023,walk_forward_validation,3,23,VNM|SAB|MWG,0.3333333333333333,0.4782608695652174,0.6969696969696969
2023-09-12,2023,walk_forward_validation,5,23,VNM|SAB|MWG|TCB|GAS,0.6,0.4782608695652174,1.2545454545454544
2023-09-12,2023,walk_forward_validation,8,23,VNM|SAB|MWG|TCB|GAS|MBB|HDB|VPB,0.75,0.4782608695652174,1.5681818181818181
2023-09-12,2023,walk_forward_validation,10,23,VNM|SAB|MWG|TCB|GAS|MBB|HDB|VPB|HPG|VHM,0.6,0.4782608695652174,1.2545454545454544
2023-09-13,2023,walk_forward_validation,2,23,VPB|VHM,0.5,0.6086956521739131,0.8214285714285714
2023-09-13,2023,walk_forward_validation,3,23,VPB|VHM|MWG,0.3333333333333333,0.6086956521739131,0.5476190476190476
2023-09-13,2023,walk_forward_validation,5,23,VPB|VHM|MWG|HPG|HDB,0.4,0.6086956521739131,0.6571428571428571
2023-09-13,2023,walk_forward_validation,8,23,VPB|VHM|MWG|HPG|HDB|TCB|GAS|PLX,0.625,0.6086956521739131,1.0267857142857142
2023-09-13,2023,walk_forward_validation,10,23,VPB|VHM|MWG|HPG|HDB|TCB|GAS|PLX|VIC|VNM,0.6,0.6086956521739131,0.9857142857142857
2023-09-14,2023,walk_forward_validation,2,23,VHM|VIC,0.5,0.5652173913043478,0.8846153846153847
2023-09-14,2023,walk_forward_validation,3,23,VHM|VIC|HDB,0.6666666666666666,0.5652173913043478,1.1794871794871795
2023-09-14,2023,walk_forward_validation,5,23,VHM|VIC|HDB|VPB|MWG,0.6,0.5652173913043478,1.0615384615384615
2023-09-14,2023,walk_forward_validation,8,23,VHM|VIC|HDB|VPB|MWG|GAS|TCB|MBB,0.625,0.5652173913043478,1.1057692307692308
2023-09-14,2023,walk_forward_validation,10,23,VHM|VIC|HDB|VPB|MWG|GAS|TCB|MBB|CTG|HPG,0.5,0.5652173913043478,0.8846153846153847
2023-09-15,2023,walk_forward_validation,2,23,VIC|VHM,0.0,0.4782608695652174,0.0
2023-09-15,2023,walk_forward_validation,3,23,VIC|VHM|VPB,0.3333333333333333,0.4782608695652174,0.6969696969696969
2023-09-15,2023,walk_forward_validation,5,23,VIC|VHM|VPB|HDB|MBB,0.6,0.4782608695652174,1.2545454545454544
2023-09-15,2023,walk_forward_validation,8,23,VIC|VHM|VPB|HDB|MBB|MWG|PLX|CTG,0.375,0.4782608695652174,0.7840909090909091
2023-09-15,2023,walk_forward_validation,10,23,VIC|VHM|VPB|HDB|MBB|MWG|PLX|CTG|VNM|TCB,0.4,0.4782608695652174,0.8363636363636364
2023-09-18,2023,walk_forward_validation,2,23,VHM|VIC,0.0,0.43478260869565216,0.0
2023-09-18,2023,walk_forward_validation,3,23,VHM|VIC|VPB,0.3333333333333333,0.43478260869565216,0.7666666666666666
2023-09-18,2023,walk_forward_validation,5,23,VHM|VIC|VPB|HDB|PLX,0.6,0.43478260869565216,1.38
2023-09-18,2023,walk_forward_validation,8,23,VHM|VIC|VPB|HDB|PLX|MWG|MBB|VNM,0.625,0.43478260869565216,1.4375
2023-09-18,2023,walk_forward_validation,10,23,VHM|VIC|VPB|HDB|PLX|MWG|MBB|VNM|STB|SAB,0.5,0.43478260869565216,1.1500000000000001
2023-09-19,2023,walk_forward_validation,2,23,VIC|VHM,0.0,0.4782608695652174,0.0
2023-09-19,2023,walk_forward_validation,3,23,VIC|VHM|PLX,0.0,0.4782608695652174,0.0
2023-09-19,2023,walk_forward_validation,5,23,VIC|VHM|PLX|HDB|VNM,0.4,0.4782608695652174,0.8363636363636364
2023-09-19,2023,walk_forward_validation,8,23,VIC|VHM|PLX|HDB|VNM|VPB|MWG|STB,0.375,0.4782608695652174,0.7840909090909091
2023-09-19,2023,walk_forward_validation,10,23,VIC|VHM|PLX|HDB|VNM|VPB|MWG|STB|HPG|GAS,0.4,0.4782608695652174,0.8363636363636364
2023-09-20,2023,walk_forward_validation,2,23,VIC|VHM,0.0,0.4782608695652174,0.0
2023-09-20,2023,walk_forward_validation,3,23,VIC|VHM|PLX,0.0,0.4782608695652174,0.0
2023-09-20,2023,walk_forward_validation,5,23,VIC|VHM|PLX|HDB|GAS,0.4,0.4782608695652174,0.8363636363636364
2023-09-20,2023,walk_forward_validation,8,23,VIC|VHM|PLX|HDB|GAS|HPG|VPB|MBB,0.5,0.4782608695652174,1.0454545454545454
2023-09-20,2023,walk_forward_validation,10,23,VIC|VHM|PLX|HDB|GAS|HPG|VPB|MBB|MWG|STB,0.4,0.4782608695652174,0.8363636363636364
2023-09-21,2023,walk_forward_validation,2,23,VIC|PLX,0.0,0.4782608695652174,0.0
2023-09-21,2023,walk_forward_validation,3,23,VIC|PLX|VHM,0.0,0.4782608695652174,0.0
2023-09-21,2023,walk_forward_validation,5,23,VIC|PLX|VHM|HPG|GAS,0.2,0.4782608695652174,0.4181818181818182
2023-09-21,2023,walk_forward_validation,8,23,VIC|PLX|VHM|HPG|GAS|MWG|HDB|SSI,0.25,0.4782608695652174,0.5227272727272727
2023-09-21,2023,walk_forward_validation,10,23,VIC|PLX|VHM|HPG|GAS|MWG|HDB|SSI|MBB|VPB,0.4,0.4782608695652174,0.8363636363636364
2023-09-22,2023,walk_forward_validation,2,23,VIC|VHM,0.0,0.4782608695652174,0.0
2023-09-22,2023,walk_forward_validation,3,23,VIC|VHM|HDB,0.3333333333333333,0.4782608695652174,0.6969696969696969
2023-09-22,2023,walk_forward_validation,5,23,VIC|VHM|HDB|PLX|GAS,0.2,0.4782608695652174,0.4181818181818182
2023-09-22,2023,walk_forward_validation,8,23,VIC|VHM|HDB|PLX|GAS|STB|SSI|HPG,0.25,0.4782608695652174,0.5227272727272727
2023-09-22,2023,walk_forward_validation,10,23,VIC|VHM|HDB|PLX|GAS|STB|SSI|HPG|VPB|MBB,0.4,0.4782608695652174,0.8363636363636364
2023-09-25,2023,walk_forward_validation,2,23,VIC|VHM,0.0,0.391304347826087,0.0
2023-09-25,2023,walk_forward_validation,3,23,VIC|VHM|HDB,0.3333333333333333,0.391304347826087,0.8518518518518517
2023-09-25,2023,walk_forward_validation,5,23,VIC|VHM|HDB|MSN|GAS,0.2,0.391304347826087,0.5111111111111111
2023-09-25,2023,walk_forward_validation,8,23,VIC|VHM|HDB|MSN|GAS|VCB|PLX|MWG,0.125,0.391304347826087,0.3194444444444444
2023-09-25,2023,walk_forward_validation,10,23,VIC|VHM|HDB|MSN|GAS|VCB|PLX|MWG|STB|VNM,0.1,0.391304347826087,0.25555555555555554
2023-09-26,2023,walk_forward_validation,2,23,VIC|VHM,0.5,0.43478260869565216,1.1500000000000001
2023-09-26,2023,walk_forward_validation,3,23,VIC|VHM|HDB,0.6666666666666666,0.43478260869565216,1.5333333333333332
2023-09-26,2023,walk_forward_validation,5,23,VIC|VHM|HDB|MWG|GAS,0.4,0.43478260869565216,0.92
2023-09-26,2023,walk_forward_validation,8,23,VIC|VHM|HDB|MWG|GAS|VJC|HPG|MSN,0.375,0.43478260869565216,0.8625
2023-09-26,2023,walk_forward_validation,10,23,VIC|VHM|HDB|MWG|GAS|VJC|HPG|MSN|FPT|STB,0.4,0.43478260869565216,0.92
2023-09-27,2023,walk_forward_validation,2,23,VIC|VHM,1.0,0.5217391304347826,1.9166666666666667
2023-09-27,2023,walk_forward_validation,3,23,VIC|VHM|SSI,0.6666666666666666,0.5217391304347826,1.2777777777777777
2023-09-27,2023,walk_forward_validation,5,23,VIC|VHM|SSI|VJC|HDB,0.8,0.5217391304347826,1.5333333333333334
2023-09-27,2023,walk_forward_validation,8,23,VIC|VHM|SSI|VJC|HDB|GAS|VPB|MBB,0.75,0.5217391304347826,1.4375
2023-09-27,2023,walk_forward_validation,10,23,VIC|VHM|SSI|VJC|HDB|GAS|VPB|MBB|MSN|VRE,0.7,0.5217391304347826,1.3416666666666666
2023-09-28,2023,walk_forward_validation,2,23,VIC|VHM,1.0,0.5217391304347826,1.9166666666666667
2023-09-28,2023,walk_forward_validation,3,23,VIC|VHM|VPB,1.0,0.5217391304347826,1.9166666666666667
2023-09-28,2023,walk_forward_validation,5,23,VIC|VHM|VPB|VJC|SSI,0.8,0.5217391304347826,1.5333333333333334
2023-09-28,2023,walk_forward_validation,8,23,VIC|VHM|VPB|VJC|SSI|VRE|MWG|MSN,0.625,0.5217391304347826,1.1979166666666667
2023-09-28,2023,walk_forward_validation,10,23,VIC|VHM|VPB|VJC|SSI|VRE|MWG|MSN|MBB|PLX,0.6,0.5217391304347826,1.15
2023-09-29,2023,walk_forward_validation,2,23,VIC|VHM,0.0,0.5217391304347826,0.0
2023-09-29,2023,walk_forward_validation,3,23,VIC|VHM|TCB,0.0,0.5217391304347826,0.0
2023-09-29,2023,walk_forward_validation,5,23,VIC|VHM|TCB|VPB|MSN,0.2,0.5217391304347826,0.38333333333333336
2023-09-29,2023,walk_forward_validation,8,23,VIC|VHM|TCB|VPB|MSN|PLX|MBB|MWG,0.25,0.5217391304347826,0.4791666666666667
2023-09-29,2023,walk_forward_validation,10,23,VIC|VHM|TCB|VPB|MSN|PLX|MBB|MWG|HDB|VJC,0.4,0.5217391304347826,0.7666666666666667
2023-10-02,2023,walk_forward_validation,2,23,VIC|VHM,0.0,0.43478260869565216,0.0
2023-10-02,2023,walk_forward_validation,3,23,VIC|VHM|VPB,0.3333333333333333,0.43478260869565216,0.7666666666666666
2023-10-02,2023,walk_forward_validation,5,23,VIC|VHM|VPB|MBB|VJC,0.6,0.43478260869565216,1.38
2023-10-02,2023,walk_forward_validation,8,23,VIC|VHM|VPB|MBB|VJC|MSN|HDB|PLX,0.5,0.43478260869565216,1.1500000000000001
2023-10-02,2023,walk_forward_validation,10,23,VIC|VHM|VPB|MBB|VJC|MSN|HDB|PLX|MWG|VRE,0.4,0.43478260869565216,0.92
2023-10-03,2023,walk_forward_validation,2,23,VIC|VHM,0.0,0.4782608695652174,0.0
2023-10-03,2023,walk_forward_validation,3,23,VIC|VHM|MSN,0.0,0.4782608695652174,0.0
2023-10-03,2023,walk_forward_validation,5,23,VIC|VHM|MSN|VPB|SSI,0.2,0.4782608695652174,0.4181818181818182
2023-10-03,2023,walk_forward_validation,8,23,VIC|VHM|MSN|VPB|SSI|VJC|HDB|TCB,0.375,0.4782608695652174,0.7840909090909091
2023-10-03,2023,walk_forward_validation,10,23,VIC|VHM|MSN|VPB|SSI|VJC|HDB|TCB|MBB|VRE,0.4,0.4782608695652174,0.8363636363636364
2023-10-04,2023,walk_forward_validation,2,23,VIC|VHM,0.0,0.5217391304347826,0.0
2023-10-04,2023,walk_forward_validation,3,23,VIC|VHM|SSI,0.0,0.5217391304347826,0.0
2023-10-04,2023,walk_forward_validation,5,23,VIC|VHM|SSI|VPB|MSN,0.2,0.5217391304347826,0.38333333333333336
2023-10-04,2023,walk_forward_validation,8,23,VIC|VHM|SSI|VPB|MSN|VRE|MBB|HDB,0.375,0.5217391304347826,0.71875
2023-10-04,2023,walk_forward_validation,10,23,VIC|VHM|SSI|VPB|MSN|VRE|MBB|HDB|VJC|STB,0.4,0.5217391304347826,0.7666666666666667
2023-10-05,2023,walk_forward_validation,2,23,VIC|VHM,0.0,0.6086956521739131,0.0
2023-10-05,2023,walk_forward_validation,3,23,VIC|VHM|SSI,0.0,0.6086956521739131,0.0
2023-10-05,2023,walk_forward_validation,5,23,VIC|VHM|SSI|MSN|VPB,0.2,0.6086956521739131,0.32857142857142857
2023-10-05,2023,walk_forward_validation,8,23,VIC|VHM|SSI|MSN|VPB|VRE|STB|HPG,0.375,0.6086956521739131,0.6160714285714285
2023-10-05,2023,walk_forward_validation,10,23,VIC|VHM|SSI|MSN|VPB|VRE|STB|HPG|TCB|VJC,0.4,0.6086956521739131,0.6571428571428571
2023-10-06,2023,walk_forward_validation,2,23,VIC|SSI,0.0,0.43478260869565216,0.0
2023-10-06,2023,walk_forward_validation,3,23,VIC|SSI|VHM,0.0,0.43478260869565216,0.0
2023-10-06,2023,walk_forward_validation,5,23,VIC|SSI|VHM|VPB|VRE,0.0,0.43478260869565216,0.0
2023-10-06,2023,walk_forward_validation,8,23,VIC|SSI|VHM|VPB|VRE|STB|MSN|HDB,0.125,0.43478260869565216,0.28750000000000003
2023-10-06,2023,walk_forward_validation,10,23,VIC|SSI|VHM|VPB|VRE|STB|MSN|HDB|VJC|MBB,0.3,0.43478260869565216,0.69
2023-10-09,2023,walk_forward_validation,2,23,VIC|SSI,0.0,0.5652173913043478,0.0
2023-10-09,2023,walk_forward_validation,3,23,VIC|SSI|VRE,0.0,0.5652173913043478,0.0
2023-10-09,2023,walk_forward_validation,5,23,VIC|SSI|VRE|VHM|VPB,0.2,0.5652173913043478,0.35384615384615387
2023-10-09,2023,walk_forward_validation,8,23,VIC|SSI|VRE|VHM|VPB|STB|MSN|FPT,0.125,0.5652173913043478,0.22115384615384617
2023-10-09,2023,walk_forward_validation,10,23,VIC|SSI|VRE|VHM|VPB|STB|MSN|FPT|HDB|MBB,0.3,0.5652173913043478,0.5307692307692308
2023-10-10,2023,walk_forward_validation,2,23,VIC|VPB,0.5,0.5217391304347826,0.9583333333333334
2023-10-10,2023,walk_forward_validation,3,23,VIC|VPB|VHM,0.3333333333333333,0.5217391304347826,0.6388888888888888
2023-10-10,2023,walk_forward_validation,5,23,VIC|VPB|VHM|FPT|VRE,0.2,0.5217391304347826,0.38333333333333336
2023-10-10,2023,walk_forward_validation,8,23,VIC|VPB|VHM|FPT|VRE|SSI|HDB|STB,0.25,0.5217391304347826,0.4791666666666667
2023-10-10,2023,walk_forward_validation,10,23,VIC|VPB|VHM|FPT|VRE|SSI|HDB|STB|MBB|MSN,0.3,0.5217391304347826,0.575
2023-10-11,2023,walk_forward_validation,2,23,VIC|SSI,0.0,0.43478260869565216,0.0
2023-10-11,2023,walk_forward_validation,3,23,VIC|SSI|HDB,0.3333333333333333,0.43478260869565216,0.7666666666666666
2023-10-11,2023,walk_forward_validation,5,23,VIC|SSI|HDB|STB|VPB,0.4,0.43478260869565216,0.92
2023-10-11,2023,walk_forward_validation,8,23,VIC|SSI|HDB|STB|VPB|VHM|FPT|VRE,0.25,0.43478260869565216,0.5750000000000001
2023-10-11,2023,walk_forward_validation,10,23,VIC|SSI|HDB|STB|VPB|VHM|FPT|VRE|MBB|PLX,0.3,0.43478260869565216,0.69
2023-10-12,2023,walk_forward_validation,2,23,VIC|VPB,0.5,0.43478260869565216,1.1500000000000001
2023-10-12,2023,walk_forward_validation,3,23,VIC|VPB|SSI,0.3333333333333333,0.43478260869565216,0.7666666666666666
2023-10-12,2023,walk_forward_validation,5,23,VIC|VPB|SSI|VHM|HDB,0.4,0.43478260869565216,0.92
2023-10-12,2023,walk_forward_validation,8,23,VIC|VPB|SSI|VHM|HDB|STB|FPT|VRE,0.25,0.43478260869565216,0.5750000000000001
2023-10-12,2023,walk_forward_validation,10,23,VIC|VPB|SSI|VHM|HDB|STB|FPT|VRE|VJC|MBB,0.4,0.43478260869565216,0.92
2023-10-13,2023,walk_forward_validation,2,23,SSI|VIC,0.5,0.4782608695652174,1.0454545454545454
2023-10-13,2023,walk_forward_validation,3,23,SSI|VIC|VPB,0.3333333333333333,0.4782608695652174,0.6969696969696969
2023-10-13,2023,walk_forward_validation,5,23,SSI|VIC|VPB|VRE|HDB,0.4,0.4782608695652174,0.8363636363636364
2023-10-13,2023,walk_forward_validation,8,23,SSI|VIC|VPB|VRE|HDB|STB|FPT|VHM,0.25,0.4782608695652174,0.5227272727272727
2023-10-13,2023,walk_forward_validation,10,23,SSI|VIC|VPB|VRE|HDB|STB|FPT|VHM|VJC|MBB,0.4,0.4782608695652174,0.8363636363636364
2023-10-16,2023,walk_forward_validation,2,23,VIC|VHM,0.5,0.5652173913043478,0.8846153846153847
2023-10-16,2023,walk_forward_validation,3,23,VIC|VHM|SSI,0.6666666666666666,0.5652173913043478,1.1794871794871795
2023-10-16,2023,walk_forward_validation,5,23,VIC|VHM|SSI|VRE|VPB,0.4,0.5652173913043478,0.7076923076923077
2023-10-16,2023,walk_forward_validation,8,23,VIC|VHM|SSI|VRE|VPB|VJC|FPT|PLX,0.375,0.5652173913043478,0.6634615384615385
2023-10-16,2023,walk_forward_validation,10,23,VIC|VHM|SSI|VRE|VPB|VJC|FPT|PLX|HDB|STB,0.5,0.5652173913043478,0.8846153846153847
2023-10-17,2023,walk_forward_validation,2,23,VIC|VHM,0.5,0.5652173913043478,0.8846153846153847
2023-10-17,2023,walk_forward_validation,3,23,VIC|VHM|VRE,0.3333333333333333,0.5652173913043478,0.5897435897435898
2023-10-17,2023,walk_forward_validation,5,23,VIC|VHM|VRE|SSI|VPB,0.4,0.5652173913043478,0.7076923076923077
2023-10-17,2023,walk_forward_validation,8,23,VIC|VHM|VRE|SSI|VPB|HDB|VNM|FPT,0.5,0.5652173913043478,0.8846153846153847
2023-10-17,2023,walk_forward_validation,10,23,VIC|VHM|VRE|SSI|VPB|HDB|VNM|FPT|PLX|MBB,0.5,0.5652173913043478,0.8846153846153847
2023-10-18,2023,walk_forward_validation,2,23,VIC|SSI,0.5,0.391304347826087,1.2777777777777777
2023-10-18,2023,walk_forward_validation,3,23,VIC|SSI|VHM,0.3333333333333333,0.391304347826087,0.8518518518518517
2023-10-18,2023,walk_forward_validation,5,23,VIC|SSI|VHM|VRE|STB,0.2,0.391304347826087,0.5111111111111111
2023-10-18,2023,walk_forward_validation,8,23,VIC|SSI|VHM|VRE|STB|MWG|PLX|HDB,0.25,0.391304347826087,0.6388888888888888
2023-10-18,2023,walk_forward_validation,10,23,VIC|SSI|VHM|VRE|STB|MWG|PLX|HDB|POW|CTG,0.4,0.391304347826087,1.0222222222222221
2023-10-19,2023,walk_forward_validation,2,23,VIC|SSI,1.0,0.43478260869565216,2.3000000000000003
2023-10-19,2023,walk_forward_validation,3,23,VIC|SSI|VHM,0.6666666666666666,0.43478260869565216,1.5333333333333332
2023-10-19,2023,walk_forward_validation,5,23,VIC|SSI|VHM|VRE|MWG,0.4,0.43478260869565216,0.92
2023-10-19,2023,walk_forward_validation,8,23,VIC|SSI|VHM|VRE|MWG|STB|CTG|VPB,0.5,0.43478260869565216,1.1500000000000001
2023-10-19,2023,walk_forward_validation,10,23,VIC|SSI|VHM|VRE|MWG|STB|CTG|VPB|PLX|POW,0.5,0.43478260869565216,1.1500000000000001
2023-10-20,2023,walk_forward_validation,2,23,SSI|VHM,0.5,0.4782608695652174,1.0454545454545454
2023-10-20,2023,walk_forward_validation,3,23,SSI|VHM|VIC,0.3333333333333333,0.4782608695652174,0.6969696969696969
2023-10-20,2023,walk_forward_validation,5,23,SSI|VHM|VIC|VRE|CTG,0.4,0.4782608695652174,0.8363636363636364
2023-10-20,2023,walk_forward_validation,8,23,SSI|VHM|VIC|VRE|CTG|VPB|STB|FPT,0.25,0.4782608695652174,0.5227272727272727
2023-10-20,2023,walk_forward_validation,10,23,SSI|VHM|VIC|VRE|CTG|VPB|STB|FPT|HDB|MBB,0.4,0.4782608695652174,0.8363636363636364
2023-10-23,2023,walk_forward_validation,2,23,SSI|VHM,0.5,0.34782608695652173,1.4375
2023-10-23,2023,walk_forward_validation,3,23,SSI|VHM|MWG,0.3333333333333333,0.34782608695652173,0.9583333333333333
2023-10-23,2023,walk_forward_validation,5,23,SSI|VHM|MWG|CTG|VIC,0.2,0.34782608695652173,0.5750000000000001
2023-10-23,2023,walk_forward_validation,8,23,SSI|VHM|MWG|CTG|VIC|VRE|VPB|VJC,0.25,0.34782608695652173,0.71875
2023-10-23,2023,walk_forward_validation,10,23,SSI|VHM|MWG|CTG|VIC|VRE|VPB|VJC|HDB|STB,0.3,0.34782608695652173,0.8625
2023-10-24,2023,walk_forward_validation,2,23,SSI|VHM,0.5,0.34782608695652173,1.4375
2023-10-24,2023,walk_forward_validation,3,23,SSI|VHM|MWG,0.3333333333333333,0.34782608695652173,0.9583333333333333
2023-10-24,2023,walk_forward_validation,5,23,SSI|VHM|MWG|VRE|VJC,0.4,0.34782608695652173,1.1500000000000001
2023-10-24,2023,walk_forward_validation,8,23,SSI|VHM|MWG|VRE|VJC|HDB|CTG|VIC,0.375,0.34782608695652173,1.078125
2023-10-24,2023,walk_forward_validation,10,23,SSI|VHM|MWG|VRE|VJC|HDB|CTG|VIC|VPB|VCB,0.4,0.34782608695652173,1.1500000000000001
2023-10-25,2023,walk_forward_validation,2,23,VIC|VRE,0.0,0.391304347826087,0.0
2023-10-25,2023,walk_forward_validation,3,23,VIC|VRE|VJC,0.3333333333333333,0.391304347826087,0.8518518518518517
2023-10-25,2023,walk_forward_validation,5,23,VIC|VRE|VJC|SSI|VHM,0.4,0.391304347826087,1.0222222222222221
2023-10-25,2023,walk_forward_validation,8,23,VIC|VRE|VJC|SSI|VHM|MWG|HDB|VPB,0.375,0.391304347826087,0.9583333333333333
2023-10-25,2023,walk_forward_validation,10,23,VIC|VRE|VJC|SSI|VHM|MWG|HDB|VPB|CTG|VCB,0.4,0.391304347826087,1.0222222222222221
2023-10-26,2023,walk_forward_validation,2,23,VIC|VHM,0.0,0.391304347826087,0.0
2023-10-26,2023,walk_forward_validation,3,23,VIC|VHM|MWG,0.0,0.391304347826087,0.0
2023-10-26,2023,walk_forward_validation,5,23,VIC|VHM|MWG|SSI|MSN,0.2,0.391304347826087,0.5111111111111111
2023-10-26,2023,walk_forward_validation,8,23,VIC|VHM|MWG|SSI|MSN|VRE|VJC|POW,0.375,0.391304347826087,0.9583333333333333
2023-10-26,2023,walk_forward_validation,10,23,VIC|VHM|MWG|SSI|MSN|VRE|VJC|POW|CTG|VPB,0.3,0.391304347826087,0.7666666666666666
2023-10-27,2023,walk_forward_validation,2,23,MSN|VIC,0.5,0.391304347826087,1.2777777777777777
2023-10-27,2023,walk_forward_validation,3,23,MSN|VIC|MWG,0.3333333333333333,0.391304347826087,0.8518518518518517
2023-10-27,2023,walk_forward_validation,5,23,MSN|VIC|MWG|SSI|POW,0.6,0.391304347826087,1.5333333333333332
2023-10-27,2023,walk_forward_validation,8,23,MSN|VIC|MWG|SSI|POW|BID|VHM|STB,0.5,0.391304347826087,1.2777777777777777
2023-10-27,2023,walk_forward_validation,10,23,MSN|VIC|MWG|SSI|POW|BID|VHM|STB|CTG|HPG,0.6,0.391304347826087,1.5333333333333332
2023-10-30,2023,walk_forward_validation,2,23,SSI|VIC,0.5,0.391304347826087,1.2777777777777777
2023-10-30,2023,walk_forward_validation,3,23,SSI|VIC|MSN,0.6666666666666666,0.391304347826087,1.7037037037037035
2023-10-30,2023,walk_forward_validation,5,23,SSI|VIC|MSN|MWG|BID,0.6,0.391304347826087,1.5333333333333332
2023-10-30,2023,walk_forward_validation,8,23,SSI|VIC|MSN|MWG|BID|POW|HPG|STB,0.5,0.391304347826087,1.2777777777777777
2023-10-30,2023,walk_forward_validation,10,23,SSI|VIC|MSN|MWG|BID|POW|HPG|STB|VHM|CTG,0.5,0.391304347826087,1.2777777777777777
2023-10-31,2023,walk_forward_validation,2,23,MWG|SSI,0.5,0.34782608695652173,1.4375
2023-10-31,2023,walk_forward_validation,3,23,MWG|SSI|MSN,0.3333333333333333,0.34782608695652173,0.9583333333333333
2023-10-31,2023,walk_forward_validation,5,23,MWG|SSI|MSN|VIC|SAB,0.4,0.34782608695652173,1.1500000000000001
2023-10-31,2023,walk_forward_validation,8,23,MWG|SSI|MSN|VIC|SAB|VHM|BID|VRE,0.375,0.34782608695652173,1.078125
2023-10-31,2023,walk_forward_validation,10,23,MWG|SSI|MSN|VIC|SAB|VHM|BID|VRE|STB|HPG,0.4,0.34782608695652173,1.1500000000000001
2023-11-01,2023,walk_forward_validation,2,23,MWG|SSI,1.0,0.391304347826087,2.5555555555555554
2023-11-01,2023,walk_forward_validation,3,23,MWG|SSI|VIC,0.6666666666666666,0.391304347826087,1.7037037037037035
2023-11-01,2023,walk_forward_validation,5,23,MWG|SSI|VIC|MSN|HPG,0.6,0.391304347826087,1.5333333333333332
2023-11-01,2023,walk_forward_validation,8,23,MWG|SSI|VIC|MSN|HPG|VHM|SAB|VRE,0.625,0.391304347826087,1.597222222222222
2023-11-01,2023,walk_forward_validation,10,23,MWG|SSI|VIC|MSN|HPG|VHM|SAB|VRE|POW|STB,0.5,0.391304347826087,1.2777777777777777
2023-11-02,2023,walk_forward_validation,2,23,MWG|SSI,1.0,0.43478260869565216,2.3000000000000003
2023-11-02,2023,walk_forward_validation,3,23,MWG|SSI|MSN,0.6666666666666666,0.43478260869565216,1.5333333333333332
2023-11-02,2023,walk_forward_validation,5,23,MWG|SSI|MSN|SAB|VHM,0.8,0.43478260869565216,1.84
2023-11-02,2023,walk_forward_validation,8,23,MWG|SSI|MSN|SAB|VHM|VIC|VRE|HPG,0.625,0.43478260869565216,1.4375
2023-11-02,2023,walk_forward_validation,10,23,MWG|SSI|MSN|SAB|VHM|VIC|VRE|HPG|BID|POW,0.6,0.43478260869565216,1.38
2023-11-03,2023,walk_forward_validation,2,23,MWG|SSI,0.5,0.2608695652173913,1.9166666666666667
2023-11-03,2023,walk_forward_validation,3,23,MWG|SSI|BID,0.6666666666666666,0.2608695652173913,2.5555555555555554
2023-11-03,2023,walk_forward_validation,5,23,MWG|SSI|BID|HPG|POW,0.6,0.2608695652173913,2.3
2023-11-03,2023,walk_forward_validation,8,23,MWG|SSI|BID|HPG|POW|STB|TCB|VIC,0.375,0.2608695652173913,1.4375
2023-11-03,2023,walk_forward_validation,10,23,MWG|SSI|BID|HPG|POW|STB|TCB|VIC|SAB|VHM,0.3,0.2608695652173913,1.15
2023-11-06,2023,walk_forward_validation,2,23,MWG|SSI,1.0,0.30434782608695654,3.2857142857142856
2023-11-06,2023,walk_forward_validation,3,23,MWG|SSI|HPG,1.0,0.30434782608695654,3.2857142857142856
2023-11-06,2023,walk_forward_validation,5,23,MWG|SSI|HPG|BID|POW,0.8,0.30434782608695654,2.6285714285714286
2023-11-06,2023,walk_forward_validation,8,23,MWG|SSI|HPG|BID|POW|MBB|TCB|VHM,0.5,0.30434782608695654,1.6428571428571428
2023-11-06,2023,walk_forward_validation,10,23,MWG|SSI|HPG|BID|POW|MBB|TCB|VHM|VRE|VIC,0.4,0.30434782608695654,1.3142857142857143
2023-11-07,2023,walk_forward_validation,2,23,MWG|SSI,1.0,0.30434782608695654,3.2857142857142856
2023-11-07,2023,walk_forward_validation,3,23,MWG|SSI|MSN,0.6666666666666666,0.30434782608695654,2.1904761904761902
2023-11-07,2023,walk_forward_validation,5,23,MWG|SSI|MSN|HPG|VHM,0.6,0.30434782608695654,1.9714285714285713
2023-11-07,2023,walk_forward_validation,8,23,MWG|SSI|MSN|HPG|VHM|BID|POW|MBB,0.5,0.30434782608695654,1.6428571428571428
2023-11-07,2023,walk_forward_validation,10,23,MWG|SSI|MSN|HPG|VHM|BID|POW|MBB|VRE|HDB,0.4,0.30434782608695654,1.3142857142857143
2023-11-08,2023,walk_forward_validation,2,23,MWG|SSI,1.0,0.30434782608695654,3.2857142857142856
2023-11-08,2023,walk_forward_validation,3,23,MWG|SSI|HPG,1.0,0.30434782608695654,3.2857142857142856
2023-11-08,2023,walk_forward_validation,5,23,MWG|SSI|HPG|MBB|MSN,0.6,0.30434782608695654,1.9714285714285713
2023-11-08,2023,walk_forward_validation,8,23,MWG|SSI|HPG|MBB|MSN|VHM|POW|BID,0.5,0.30434782608695654,1.6428571428571428
2023-11-08,2023,walk_forward_validation,10,23,MWG|SSI|HPG|MBB|MSN|VHM|POW|BID|VCB|HDB,0.4,0.30434782608695654,1.3142857142857143
2023-11-09,2023,walk_forward_validation,2,23,HPG|MWG,1.0,0.391304347826087,2.5555555555555554
2023-11-09,2023,walk_forward_validation,3,23,HPG|MWG|SSI,1.0,0.391304347826087,2.5555555555555554
2023-11-09,2023,walk_forward_validation,5,23,HPG|MWG|SSI|MSN|BID,1.0,0.391304347826087,2.5555555555555554
2023-11-09,2023,walk_forward_validation,8,23,HPG|MWG|SSI|MSN|BID|STB|MBB|VIC,0.625,0.391304347826087,1.597222222222222
2023-11-09,2023,walk_forward_validation,10,23,HPG|MWG|SSI|MSN|BID|STB|MBB|VIC|POW|TCB,0.5,0.391304347826087,1.2777777777777777
2023-11-10,2023,walk_forward_validation,2,23,MWG|SSI,1.0,0.391304347826087,2.5555555555555554
2023-11-10,2023,walk_forward_validation,3,23,MWG|SSI|MSN,1.0,0.391304347826087,2.5555555555555554
2023-11-10,2023,walk_forward_validation,5,23,MWG|SSI|MSN|HPG|VIC,0.8,0.391304347826087,2.0444444444444443
2023-11-10,2023,walk_forward_validation,8,23,MWG|SSI|MSN|HPG|VIC|TCB|VRE|STB,0.5,0.391304347826087,1.2777777777777777
2023-11-10,2023,walk_forward_validation,10,23,MWG|SSI|MSN|HPG|VIC|TCB|VRE|STB|VHM|HDB,0.4,0.391304347826087,1.0222222222222221
2023-11-13,2023,walk_forward_validation,2,23,MWG|SSI,1.0,0.30434782608695654,3.2857142857142856
2023-11-13,2023,walk_forward_validation,3,23,MWG|SSI|MSN,1.0,0.30434782608695654,3.2857142857142856
2023-11-13,2023,walk_forward_validation,5,23,MWG|SSI|MSN|VHM|SAB,0.8,0.30434782608695654,2.6285714285714286
2023-11-13,2023,walk_forward_validation,8,23,MWG|SSI|MSN|VHM|SAB|VIC|VRE|CTG,0.5,0.30434782608695654,1.6428571428571428
2023-11-13,2023,walk_forward_validation,10,23,MWG|SSI|MSN|VHM|SAB|VIC|VRE|CTG|FPT|STB,0.5,0.30434782608695654,1.6428571428571428
2023-11-14,2023,walk_forward_validation,2,23,SSI|MWG,1.0,0.34782608695652173,2.875
2023-11-14,2023,walk_forward_validation,3,23,SSI|MWG|HPG,1.0,0.34782608695652173,2.875
2023-11-14,2023,walk_forward_validation,5,23,SSI|MWG|HPG|POW|HDB,0.6,0.34782608695652173,1.725
2023-11-14,2023,walk_forward_validation,8,23,SSI|MWG|HPG|POW|HDB|SAB|MSN|VHM,0.625,0.34782608695652173,1.796875
2023-11-14,2023,walk_forward_validation,10,23,SSI|MWG|HPG|POW|HDB|SAB|MSN|VHM|CTG|VRE,0.5,0.34782608695652173,1.4375
2023-11-15,2023,walk_forward_validation,2,23,SSI|HDB,1.0,0.43478260869565216,2.3000000000000003
2023-11-15,2023,walk_forward_validation,3,23,SSI|HDB|MBB,0.6666666666666666,0.43478260869565216,1.5333333333333332
2023-11-15,2023,walk_forward_validation,5,23,SSI|HDB|MBB|HPG|MWG,0.8,0.43478260869565216,1.84
2023-11-15,2023,walk_forward_validation,8,23,SSI|HDB|MBB|HPG|MWG|POW|CTG|VIC,0.5,0.43478260869565216,1.1500000000000001
2023-11-15,2023,walk_forward_validation,10,23,SSI|HDB|MBB|HPG|MWG|POW|CTG|VIC|STB|VJC,0.4,0.43478260869565216,0.92
2023-11-16,2023,walk_forward_validation,2,23,SSI|HDB,1.0,0.391304347826087,2.5555555555555554
2023-11-16,2023,walk_forward_validation,3,23,SSI|HDB|CTG,1.0,0.391304347826087,2.5555555555555554
2023-11-16,2023,walk_forward_validation,5,23,SSI|HDB|CTG|POW|BID,0.8,0.391304347826087,2.0444444444444443
2023-11-16,2023,walk_forward_validation,8,23,SSI|HDB|CTG|POW|BID|VIC|MBB|HPG,0.625,0.391304347826087,1.597222222222222
2023-11-16,2023,walk_forward_validation,10,23,SSI|HDB|CTG|POW|BID|VIC|MBB|HPG|MSN|VRE,0.5,0.391304347826087,1.2777777777777777
2023-11-17,2023,walk_forward_validation,2,23,SSI|VHM,1.0,0.391304347826087,2.5555555555555554
2023-11-17,2023,walk_forward_validation,3,23,SSI|VHM|VRE,0.6666666666666666,0.391304347826087,1.7037037037037035
2023-11-17,2023,walk_forward_validation,5,23,SSI|VHM|VRE|HPG|CTG,0.8,0.391304347826087,2.0444444444444443
2023-11-17,2023,walk_forward_validation,8,23,SSI|VHM|VRE|HPG|CTG|POW|HDB|MWG,0.625,0.391304347826087,1.597222222222222
2023-11-17,2023,walk_forward_validation,10,23,SSI|VHM|VRE|HPG|CTG|POW|HDB|MWG|MBB|MSN,0.5,0.391304347826087,1.2777777777777777
2023-11-20,2023,walk_forward_validation,2,23,SSI|VHM,0.5,0.391304347826087,1.2777777777777777
2023-11-20,2023,walk_forward_validation,3,23,SSI|VHM|VRE,0.6666666666666666,0.391304347826087,1.7037037037037035
2023-11-20,2023,walk_forward_validation,5,23,SSI|VHM|VRE|HPG|POW,0.6,0.391304347826087,1.5333333333333332
2023-11-20,2023,walk_forward_validation,8,23,SSI|VHM|VRE|HPG|POW|MWG|HDB|CTG,0.375,0.391304347826087,0.9583333333333333
2023-11-20,2023,walk_forward_validation,10,23,SSI|VHM|VRE|HPG|POW|MWG|HDB|CTG|BID|MBB,0.5,0.391304347826087,1.2777777777777777
2023-11-21,2023,walk_forward_validation,2,23,SSI|VRE,1.0,0.5652173913043478,1.7692307692307694
2023-11-21,2023,walk_forward_validation,3,23,SSI|VRE|VHM,1.0,0.5652173913043478,1.7692307692307694
2023-11-21,2023,walk_forward_validation,5,23,SSI|VRE|VHM|POW|HDB,0.8,0.5652173913043478,1.4153846153846155
2023-11-21,2023,walk_forward_validation,8,23,SSI|VRE|VHM|POW|HDB|FPT|BID|MBB,0.875,0.5652173913043478,1.5480769230769231
2023-11-21,2023,walk_forward_validation,10,23,SSI|VRE|VHM|POW|HDB|FPT|BID|MBB|MWG|HPG,0.9,0.5652173913043478,1.5923076923076924
2023-11-22,2023,walk_forward_validation,2,23,SSI|MWG,0.5,0.4782608695652174,1.0454545454545454
2023-11-22,2023,walk_forward_validation,3,23,SSI|MWG|VHM,0.6666666666666666,0.4782608695652174,1.3939393939393938
2023-11-22,2023,walk_forward_validation,5,23,SSI|MWG|VHM|VRE|MSN,0.6,0.4782608695652174,1.2545454545454544
2023-11-22,2023,walk_forward_validation,8,23,SSI|MWG|VHM|VRE|MSN|FPT|BID|POW,0.625,0.4782608695652174,1.3068181818181819
2023-11-22,2023,walk_forward_validation,10,23,SSI|MWG|VHM|VRE|MSN|FPT|BID|POW|HPG|CTG,0.7,0.4782608695652174,1.4636363636363634
2023-11-23,2023,walk_forward_validation,2,23,SSI|MWG,1.0,0.5217391304347826,1.9166666666666667
2023-11-23,2023,walk_forward_validation,3,23,SSI|MWG|BID,1.0,0.5217391304347826,1.9166666666666667
2023-11-23,2023,walk_forward_validation,5,23,SSI|MWG|BID|MSN|SAB,0.8,0.5217391304347826,1.5333333333333334
2023-11-23,2023,walk_forward_validation,8,23,SSI|MWG|BID|MSN|SAB|FPT|VRE|POW,0.75,0.5217391304347826,1.4375
2023-11-23,2023,walk_forward_validation,10,23,SSI|MWG|BID|MSN|SAB|FPT|VRE|POW|HPG|VJC,0.7,0.5217391304347826,1.3416666666666666
2023-11-24,2023,walk_forward_validation,2,23,SSI|MWG,1.0,0.5652173913043478,1.7692307692307694
2023-11-24,2023,walk_forward_validation,3,23,SSI|MWG|MSN,1.0,0.5652173913043478,1.7692307692307694
2023-11-24,2023,walk_forward_validation,5,23,SSI|MWG|MSN|BID|CTG,0.8,0.5652173913043478,1.4153846153846155
2023-11-24,2023,walk_forward_validation,8,23,SSI|MWG|MSN|BID|CTG|FPT|SAB|HPG,0.75,0.5652173913043478,1.326923076923077
2023-11-24,2023,walk_forward_validation,10,23,SSI|MWG|MSN|BID|CTG|FPT|SAB|HPG|POW|VJC,0.6,0.5652173913043478,1.0615384615384615
2023-11-27,2023,walk_forward_validation,2,23,SSI|MWG,1.0,0.5652173913043478,1.7692307692307694
2023-11-27,2023,walk_forward_validation,3,23,SSI|MWG|SAB,0.6666666666666666,0.5652173913043478,1.1794871794871795
2023-11-27,2023,walk_forward_validation,5,23,SSI|MWG|SAB|FPT|MSN,0.8,0.5652173913043478,1.4153846153846155
2023-11-27,2023,walk_forward_validation,8,23,SSI|MWG|SAB|FPT|MSN|CTG|BID|HPG,0.75,0.5652173913043478,1.326923076923077
2023-11-27,2023,walk_forward_validation,10,23,SSI|MWG|SAB|FPT|MSN|CTG|BID|HPG|VJC|PLX,0.7,0.5652173913043478,1.2384615384615385
2023-11-28,2023,walk_forward_validation,2,23,BID|FPT,1.0,0.4782608695652174,2.090909090909091
2023-11-28,2023,walk_forward_validation,3,23,BID|FPT|MWG,1.0,0.4782608695652174,2.090909090909091
2023-11-28,2023,walk_forward_validation,5,23,BID|FPT|MWG|SAB|MSN,0.8,0.4782608695652174,1.6727272727272728
2023-11-28,2023,walk_forward_validation,8,23,BID|FPT|MWG|SAB|MSN|SSI|HPG|CTG,0.75,0.4782608695652174,1.5681818181818181
2023-11-28,2023,walk_forward_validation,10,23,BID|FPT|MWG|SAB|MSN|SSI|HPG|CTG|PLX|VJC,0.6,0.4782608695652174,1.2545454545454544
2023-11-29,2023,walk_forward_validation,2,23,SSI|FPT,1.0,0.4782608695652174,2.090909090909091
2023-11-29,2023,walk_forward_validation,3,23,SSI|FPT|HPG,1.0,0.4782608695652174,2.090909090909091
2023-11-29,2023,walk_forward_validation,5,23,SSI|FPT|HPG|MSN|BID,1.0,0.4782608695652174,2.090909090909091
2023-11-29,2023,walk_forward_validation,8,23,SSI|FPT|HPG|MSN|BID|MWG|PLX|SAB,0.75,0.4782608695652174,1.5681818181818181
2023-11-29,2023,walk_forward_validation,10,23,SSI|FPT|HPG|MSN|BID|MWG|PLX|SAB|VHM|CTG,0.7,0.4782608695652174,1.4636363636363634
2023-11-30,2023,walk_forward_validation,2,23,PLX|SSI,0.5,0.5652173913043478,0.8846153846153847
2023-11-30,2023,walk_forward_validation,3,23,PLX|SSI|SAB,0.3333333333333333,0.5652173913043478,0.5897435897435898
2023-11-30,2023,walk_forward_validation,5,23,PLX|SSI|SAB|HPG|BID,0.6,0.5652173913043478,1.0615384615384615
2023-11-30,2023,walk_forward_validation,8,23,PLX|SSI|SAB|HPG|BID|MWG|VHM|FPT,0.75,0.5652173913043478,1.326923076923077
2023-11-30,2023,walk_forward_validation,10,23,PLX|SSI|SAB|HPG|BID|MWG|VHM|FPT|MSN|CTG,0.7,0.5652173913043478,1.2384615384615385
2023-12-01,2023,walk_forward_validation,2,23,SSI|PLX,0.0,0.4782608695652174,0.0
2023-12-01,2023,walk_forward_validation,3,23,SSI|PLX|BID,0.3333333333333333,0.4782608695652174,0.6969696969696969
2023-12-01,2023,walk_forward_validation,5,23,SSI|PLX|BID|HPG|SAB,0.4,0.4782608695652174,0.8363636363636364
2023-12-01,2023,walk_forward_validation,8,23,SSI|PLX|BID|HPG|SAB|FPT|VHM|VPB,0.5,0.4782608695652174,1.0454545454545454
2023-12-01,2023,walk_forward_validation,10,23,SSI|PLX|BID|HPG|SAB|FPT|VHM|VPB|MWG|CTG,0.6,0.4782608695652174,1.2545454545454544
2024-01-02,2024,walk_forward_validation,2,23,MBB|TCB,1.0,0.43478260869565216,2.3000000000000003
2024-01-02,2024,walk_forward_validation,3,23,MBB|TCB|SSI,1.0,0.43478260869565216,2.3000000000000003
2024-01-02,2024,walk_forward_validation,5,23,MBB|TCB|SSI|MSN|BID,0.8,0.43478260869565216,1.84
2024-01-02,2024,walk_forward_validation,8,23,MBB|TCB|SSI|MSN|BID|FPT|CTG|VIC,0.625,0.43478260869565216,1.4375
2024-01-02,2024,walk_forward_validation,10,23,MBB|TCB|SSI|MSN|BID|FPT|CTG|VIC|HDB|MWG,0.7,0.43478260869565216,1.6099999999999999
2024-01-03,2024,walk_forward_validation,2,23,MBB|CTG,1.0,0.391304347826087,2.5555555555555554
2024-01-03,2024,walk_forward_validation,3,23,MBB|CTG|TCB,1.0,0.391304347826087,2.5555555555555554
2024-01-03,2024,walk_forward_validation,5,23,MBB|CTG|TCB|SSI|MWG,1.0,0.391304347826087,2.5555555555555554
2024-01-03,2024,walk_forward_validation,8,23,MBB|CTG|TCB|SSI|MWG|MSN|BID|VIC,0.75,0.391304347826087,1.9166666666666665
2024-01-03,2024,walk_forward_validation,10,23,MBB|CTG|TCB|SSI|MWG|MSN|BID|VIC|STB|VHM,0.7,0.391304347826087,1.7888888888888888
2024-01-04,2024,walk_forward_validation,2,23,FPT|SSI,1.0,0.4782608695652174,2.090909090909091
2024-01-04,2024,walk_forward_validation,3,23,FPT|SSI|MSN,0.6666666666666666,0.4782608695652174,1.3939393939393938
2024-01-04,2024,walk_forward_validation,5,23,FPT|SSI|MSN|TCB|VIC,0.6,0.4782608695652174,1.2545454545454544
2024-01-04,2024,walk_forward_validation,8,23,FPT|SSI|MSN|TCB|VIC|MWG|VHM|VJC,0.5,0.4782608695652174,1.0454545454545454
2024-01-04,2024,walk_forward_validation,10,23,FPT|SSI|MSN|TCB|VIC|MWG|VHM|VJC|HDB|BID,0.6,0.4782608695652174,1.2545454545454544
2024-01-05,2024,walk_forward_validation,2,23,SSI|TCB,1.0,0.4782608695652174,2.090909090909091
2024-01-05,2024,walk_forward_validation,3,23,SSI|TCB|FPT,1.0,0.4782608695652174,2.090909090909091
2024-01-05,2024,walk_forward_validation,5,23,SSI|TCB|FPT|MBB|CTG,1.0,0.4782608695652174,2.090909090909091
2024-01-05,2024,walk_forward_validation,8,23,SSI|TCB|FPT|MBB|CTG|MWG|VHM|HDB,0.875,0.4782608695652174,1.8295454545454546
2024-01-05,2024,walk_forward_validation,10,23,SSI|TCB|FPT|MBB|CTG|MWG|VHM|HDB|BID|VIC,0.8,0.4782608695652174,1.6727272727272728
2024-01-08,2024,walk_forward_validation,2,23,SSI|STB,1.0,0.4782608695652174,2.090909090909091
2024-01-08,2024,walk_forward_validation,3,23,SSI|STB|MBB,1.0,0.4782608695652174,2.090909090909091
2024-01-08,2024,walk_forward_validation,5,23,SSI|STB|MBB|FPT|TCB,1.0,0.4782608695652174,2.090909090909091
2024-01-08,2024,walk_forward_validation,8,23,SSI|STB|MBB|FPT|TCB|VIC|BID|CTG,0.875,0.4782608695652174,1.8295454545454546
2024-01-08,2024,walk_forward_validation,10,23,SSI|STB|MBB|FPT|TCB|VIC|BID|CTG|HDB|VHM,0.8,0.4782608695652174,1.6727272727272728
2024-01-09,2024,walk_forward_validation,2,23,SSI|TCB,1.0,0.43478260869565216,2.3000000000000003
2024-01-09,2024,walk_forward_validation,3,23,SSI|TCB|STB,1.0,0.43478260869565216,2.3000000000000003
2024-01-09,2024,walk_forward_validation,5,23,SSI|TCB|STB|MBB|FPT,1.0,0.43478260869565216,2.3000000000000003
2024-01-09,2024,walk_forward_validation,8,23,SSI|TCB|STB|MBB|FPT|VHM|HPG|BVH,0.75,0.43478260869565216,1.725
2024-01-09,2024,walk_forward_validation,10,23,SSI|TCB|STB|MBB|FPT|VHM|HPG|BVH|HDB|VIC,0.7,0.43478260869565216,1.6099999999999999
2024-01-10,2024,walk_forward_validation,2,23,SSI|STB,1.0,0.391304347826087,2.5555555555555554
2024-01-10,2024,walk_forward_validation,3,23,SSI|STB|TCB,1.0,0.391304347826087,2.5555555555555554
2024-01-10,2024,walk_forward_validation,5,23,SSI|STB|TCB|MBB|BVH,0.8,0.391304347826087,2.0444444444444443
2024-01-10,2024,walk_forward_validation,8,23,SSI|STB|TCB|MBB|BVH|VHM|MSN|HDB,0.625,0.391304347826087,1.597222222222222
2024-01-10,2024,walk_forward_validation,10,23,SSI|STB|TCB|MBB|BVH|VHM|MSN|HDB|PLX|POW,0.5,0.391304347826087,1.2777777777777777
2024-01-11,2024,walk_forward_validation,2,23,SSI|STB,1.0,0.43478260869565216,2.3000000000000003
2024-01-11,2024,walk_forward_validation,3,23,SSI|STB|TCB,1.0,0.43478260869565216,2.3000000000000003
2024-01-11,2024,walk_forward_validation,5,23,SSI|STB|TCB|MBB|HDB,1.0,0.43478260869565216,2.3000000000000003
2024-01-11,2024,walk_forward_validation,8,23,SSI|STB|TCB|MBB|HDB|CTG|BVH|VPB,0.75,0.43478260869565216,1.725
2024-01-11,2024,walk_forward_validation,10,23,SSI|STB|TCB|MBB|HDB|CTG|BVH|VPB|POW|VRE,0.6,0.43478260869565216,1.38
2024-01-12,2024,walk_forward_validation,2,23,SSI|BVH,0.0,0.34782608695652173,0.0
2024-01-12,2024,walk_forward_validation,3,23,SSI|BVH|HDB,0.3333333333333333,0.34782608695652173,0.9583333333333333
2024-01-12,2024,walk_forward_validation,5,23,SSI|BVH|HDB|STB|TCB,0.4,0.34782608695652173,1.1500000000000001
2024-01-12,2024,walk_forward_validation,8,23,SSI|BVH|HDB|STB|TCB|PLX|VPB|POW,0.25,0.34782608695652173,0.71875
2024-01-12,2024,walk_forward_validation,10,23,SSI|BVH|HDB|STB|TCB|PLX|VPB|POW|VCB|VRE,0.2,0.34782608695652173,0.5750000000000001
2024-01-15,2024,walk_forward_validation,2,23,SSI|TCB,1.0,0.4782608695652174,2.090909090909091
2024-01-15,2024,walk_forward_validation,3,23,SSI|TCB|STB,0.6666666666666666,0.4782608695652174,1.3939393939393938
2024-01-15,2024,walk_forward_validation,5,23,SSI|TCB|STB|HDB|CTG,0.8,0.4782608695652174,1.6727272727272728
2024-01-15,2024,walk_forward_validation,8,23,SSI|TCB|STB|HDB|CTG|MBB|BVH|MWG,0.75,0.4782608695652174,1.5681818181818181
2024-01-15,2024,walk_forward_validation,10,23,SSI|TCB|STB|HDB|CTG|MBB|BVH|MWG|BID|VPB,0.6,0.4782608695652174,1.2545454545454544
2024-01-16,2024,walk_forward_validation,2,23,SSI|STB,0.0,0.391304347826087,0.0
2024-01-16,2024,walk_forward_validation,3,23,SSI|STB|HDB,0.3333333333333333,0.391304347826087,0.8518518518518517
2024-01-16,2024,walk_forward_validation,5,23,SSI|STB|HDB|TCB|MBB,0.6,0.391304347826087,1.5333333333333332
2024-01-16,2024,walk_forward_validation,8,23,SSI|STB|HDB|TCB|MBB|CTG|HPG|BID,0.5,0.391304347826087,1.2777777777777777
2024-01-16,2024,walk_forward_validation,10,23,SSI|STB|HDB|TCB|MBB|CTG|HPG|BID|MSN|VCB,0.4,0.391304347826087,1.0222222222222221
2024-01-17,2024,walk_forward_validation,2,23,SSI|STB,0.5,0.4782608695652174,1.0454545454545454
2024-01-17,2024,walk_forward_validation,3,23,SSI|STB|TCB,0.6666666666666666,0.4782608695652174,1.3939393939393938
2024-01-17,2024,walk_forward_validation,5,23,SSI|STB|TCB|MBB|CTG,0.8,0.4782608695652174,1.6727272727272728
2024-01-17,2024,walk_forward_validation,8,23,SSI|STB|TCB|MBB|CTG|HDB|HPG|BID,0.75,0.4782608695652174,1.5681818181818181
2024-01-17,2024,walk_forward_validation,10,23,SSI|STB|TCB|MBB|CTG|HDB|HPG|BID|VCB|FPT,0.7,0.4782608695652174,1.4636363636363634
2024-01-18,2024,walk_forward_validation,2,23,SSI|TCB,0.5,0.34782608695652173,1.4375
2024-01-18,2024,walk_forward_validation,3,23,SSI|TCB|STB,0.3333333333333333,0.34782608695652173,0.9583333333333333
2024-01-18,2024,walk_forward_validation,5,23,SSI|TCB|STB|HDB|MBB,0.6,0.34782608695652173,1.725
2024-01-18,2024,walk_forward_validation,8,23,SSI|TCB|STB|HDB|MBB|HPG|CTG|BVH,0.5,0.34782608695652173,1.4375
2024-01-18,2024,walk_forward_validation,10,23,SSI|TCB|STB|HDB|MBB|HPG|CTG|BVH|MWG|VRE,0.5,0.34782608695652173,1.4375
2024-01-19,2024,walk_forward_validation,2,23,SSI|STB,0.0,0.391304347826087,0.0
2024-01-19,2024,walk_forward_validation,3,23,SSI|STB|TCB,0.3333333333333333,0.391304347826087,0.8518518518518517
2024-01-19,2024,walk_forward_validation,5,23,SSI|STB|TCB|MBB|MWG,0.4,0.391304347826087,1.0222222222222221
2024-01-19,2024,walk_forward_validation,8,23,SSI|STB|TCB|MBB|MWG|HDB|VPB|BVH,0.375,0.391304347826087,0.9583333333333333
2024-01-19,2024,walk_forward_validation,10,23,SSI|STB|TCB|MBB|MWG|HDB|VPB|BVH|VRE|VCB,0.4,0.391304347826087,1.0222222222222221
2024-01-22,2024,walk_forward_validation,2,23,STB|SSI,0.0,0.34782608695652173,0.0
2024-01-22,2024,walk_forward_validation,3,23,STB|SSI|TCB,0.3333333333333333,0.34782608695652173,0.9583333333333333
2024-01-22,2024,walk_forward_validation,5,23,STB|SSI|TCB|HDB|MWG,0.4,0.34782608695652173,1.1500000000000001
2024-01-22,2024,walk_forward_validation,8,23,STB|SSI|TCB|HDB|MWG|MBB|BID|CTG,0.625,0.34782608695652173,1.796875
2024-01-22,2024,walk_forward_validation,10,23,STB|SSI|TCB|HDB|MWG|MBB|BID|CTG|VPB|HPG,0.5,0.34782608695652173,1.4375
2024-01-23,2024,walk_forward_validation,2,23,SSI|STB,0.5,0.43478260869565216,1.1500000000000001
2024-01-23,2024,walk_forward_validation,3,23,SSI|STB|HPG,0.6666666666666666,0.43478260869565216,1.5333333333333332
2024-01-23,2024,walk_forward_validation,5,23,SSI|STB|HPG|MWG|TCB,0.6,0.43478260869565216,1.38
2024-01-23,2024,walk_forward_validation,8,23,SSI|STB|HPG|MWG|TCB|MBB|VPB|HDB,0.625,0.43478260869565216,1.4375
2024-01-23,2024,walk_forward_validation,10,23,SSI|STB|HPG|MWG|TCB|MBB|VPB|HDB|MSN|VRE,0.6,0.43478260869565216,1.38
2024-01-24,2024,walk_forward_validation,2,23,SSI|HPG,0.5,0.391304347826087,1.2777777777777777
2024-01-24,2024,walk_forward_validation,3,23,SSI|HPG|STB,0.3333333333333333,0.391304347826087,0.8518518518518517
2024-01-24,2024,walk_forward_validation,5,23,SSI|HPG|STB|TCB|MBB,0.6,0.391304347826087,1.5333333333333332
2024-01-24,2024,walk_forward_validation,8,23,SSI|HPG|STB|TCB|MBB|VRE|HDB|MWG,0.625,0.391304347826087,1.597222222222222
2024-01-24,2024,walk_forward_validation,10,23,SSI|HPG|STB|TCB|MBB|VRE|HDB|MWG|VPB|MSN,0.5,0.391304347826087,1.2777777777777777
2024-01-25,2024,walk_forward_validation,2,23,SSI|STB,0.5,0.43478260869565216,1.1500000000000001
2024-01-25,2024,walk_forward_validation,3,23,SSI|STB|HPG,0.6666666666666666,0.43478260869565216,1.5333333333333332
2024-01-25,2024,walk_forward_validation,5,23,SSI|STB|HPG|TCB|MWG,0.6,0.43478260869565216,1.38
2024-01-25,2024,walk_forward_validation,8,23,SSI|STB|HPG|TCB|MWG|HDB|MBB|VPB,0.625,0.43478260869565216,1.4375
2024-01-25,2024,walk_forward_validation,10,23,SSI|STB|HPG|TCB|MWG|HDB|MBB|VPB|VRE|BID,0.7,0.43478260869565216,1.6099999999999999
2024-01-26,2024,walk_forward_validation,2,23,SSI|HPG,1.0,0.43478260869565216,2.3000000000000003
2024-01-26,2024,walk_forward_validation,3,23,SSI|HPG|STB,0.6666666666666666,0.43478260869565216,1.5333333333333332
2024-01-26,2024,walk_forward_validation,5,23,SSI|HPG|STB|VPB|TCB,0.6,0.43478260869565216,1.38
2024-01-26,2024,walk_forward_validation,8,23,SSI|HPG|STB|VPB|TCB|MBB|HDB|MWG,0.625,0.43478260869565216,1.4375
2024-01-26,2024,walk_forward_validation,10,23,SSI|HPG|STB|VPB|TCB|MBB|HDB|MWG|VRE|VCB,0.6,0.43478260869565216,1.38
2024-01-29,2024,walk_forward_validation,2,23,HDB|SSI,1.0,0.4782608695652174,2.090909090909091
2024-01-29,2024,walk_forward_validation,3,23,HDB|SSI|STB,0.6666666666666666,0.4782608695652174,1.3939393939393938
2024-01-29,2024,walk_forward_validation,5,23,HDB|SSI|STB|VPB|HPG,0.6,0.4782608695652174,1.2545454545454544
2024-01-29,2024,walk_forward_validation,8,23,HDB|SSI|STB|VPB|HPG|TCB|MWG|MBB,0.625,0.4782608695652174,1.3068181818181819
2024-01-29,2024,walk_forward_validation,10,23,HDB|SSI|STB|VPB|HPG|TCB|MWG|MBB|BID|VJC,0.6,0.4782608695652174,1.2545454545454544
2024-01-30,2024,walk_forward_validation,2,23,SSI|HDB,0.5,0.4782608695652174,1.0454545454545454
2024-01-30,2024,walk_forward_validation,3,23,SSI|HDB|STB,0.3333333333333333,0.4782608695652174,0.6969696969696969
2024-01-30,2024,walk_forward_validation,5,23,SSI|HDB|STB|VPB|HPG,0.4,0.4782608695652174,0.8363636363636364
2024-01-30,2024,walk_forward_validation,8,23,SSI|HDB|STB|VPB|HPG|TCB|MBB|MWG,0.625,0.4782608695652174,1.3068181818181819
2024-01-30,2024,walk_forward_validation,10,23,SSI|HDB|STB|VPB|HPG|TCB|MBB|MWG|VCB|BID,0.6,0.4782608695652174,1.2545454545454544
2024-01-31,2024,walk_forward_validation,2,23,HDB|SSI,0.0,0.391304347826087,0.0
2024-01-31,2024,walk_forward_validation,3,23,HDB|SSI|HPG,0.3333333333333333,0.391304347826087,0.8518518518518517
2024-01-31,2024,walk_forward_validation,5,23,HDB|SSI|HPG|STB|TCB,0.4,0.391304347826087,1.0222222222222221
2024-01-31,2024,walk_forward_validation,8,23,HDB|SSI|HPG|STB|TCB|MWG|VPB|BID,0.375,0.391304347826087,0.9583333333333333
2024-01-31,2024,walk_forward_validation,10,23,HDB|SSI|HPG|STB|TCB|MWG|VPB|BID|FPT|MBB,0.5,0.391304347826087,1.2777777777777777
2024-02-01,2024,walk_forward_validation,2,23,SSI|HDB,0.5,0.4782608695652174,1.0454545454545454
2024-02-01,2024,walk_forward_validation,3,23,SSI|HDB|MWG,0.3333333333333333,0.4782608695652174,0.6969696969696969
2024-02-01,2024,walk_forward_validation,5,23,SSI|HDB|MWG|MBB|STB,0.4,0.4782608695652174,0.8363636363636364
2024-02-01,2024,walk_forward_validation,8,23,SSI|HDB|MWG|MBB|STB|HPG|VCB|BID,0.5,0.4782608695652174,1.0454545454545454
2024-02-01,2024,walk_forward_validation,10,23,SSI|HDB|MWG|MBB|STB|HPG|VCB|BID|CTG|PLX,0.6,0.4782608695652174,1.2545454545454544
2024-02-02,2024,walk_forward_validation,2,23,SSI|HDB,0.0,0.43478260869565216,0.0
2024-02-02,2024,walk_forward_validation,3,23,SSI|HDB|MWG,0.0,0.43478260869565216,0.0
2024-02-02,2024,walk_forward_validation,5,23,SSI|HDB|MWG|FPT|HPG,0.4,0.43478260869565216,0.92
2024-02-02,2024,walk_forward_validation,8,23,SSI|HDB|MWG|FPT|HPG|MBB|STB|VCB,0.375,0.43478260869565216,0.8625
2024-02-02,2024,walk_forward_validation,10,23,SSI|HDB|MWG|FPT|HPG|MBB|STB|VCB|CTG|PLX,0.4,0.43478260869565216,0.92
2024-02-05,2024,walk_forward_validation,2,23,SSI|HDB,0.0,0.34782608695652173,0.0
2024-02-05,2024,walk_forward_validation,3,23,SSI|HDB|FPT,0.3333333333333333,0.34782608695652173,0.9583333333333333
2024-02-05,2024,walk_forward_validation,5,23,SSI|HDB|FPT|STB|HPG,0.4,0.34782608695652173,1.1500000000000001
2024-02-05,2024,walk_forward_validation,8,23,SSI|HDB|FPT|STB|HPG|MWG|BID|MBB,0.25,0.34782608695652173,0.71875
2024-02-05,2024,walk_forward_validation,10,23,SSI|HDB|FPT|STB|HPG|MWG|BID|MBB|TCB|VCB,0.4,0.34782608695652173,1.1500000000000001
2024-02-06,2024,walk_forward_validation,2,23,SSI|HDB,0.0,0.34782608695652173,0.0
2024-02-06,2024,walk_forward_validation,3,23,SSI|HDB|FPT,0.3333333333333333,0.34782608695652173,0.9583333333333333
2024-02-06,2024,walk_forward_validation,5,23,SSI|HDB|FPT|STB|HPG,0.4,0.34782608695652173,1.1500000000000001
2024-02-06,2024,walk_forward_validation,8,23,SSI|HDB|FPT|STB|HPG|MWG|TCB|MBB,0.375,0.34782608695652173,1.078125
2024-02-06,2024,walk_forward_validation,10,23,SSI|HDB|FPT|STB|HPG|MWG|TCB|MBB|BID|CTG,0.4,0.34782608695652173,1.1500000000000001
2024-02-07,2024,walk_forward_validation,2,23,SSI|HDB,0.5,0.4782608695652174,1.0454545454545454
2024-02-07,2024,walk_forward_validation,3,23,SSI|HDB|HPG,0.6666666666666666,0.4782608695652174,1.3939393939393938
2024-02-07,2024,walk_forward_validation,5,23,SSI|HDB|HPG|STB|FPT,0.6,0.4782608695652174,1.2545454545454544
2024-02-07,2024,walk_forward_validation,8,23,SSI|HDB|HPG|STB|FPT|BID|MBB|MWG,0.5,0.4782608695652174,1.0454545454545454
2024-02-07,2024,walk_forward_validation,10,23,SSI|HDB|HPG|STB|FPT|BID|MBB|MWG|VPB|CTG,0.4,0.4782608695652174,0.8363636363636364
2024-02-15,2024,walk_forward_validation,2,23,SSI|HPG,1.0,0.5217391304347826,1.9166666666666667
2024-02-15,2024,walk_forward_validation,3,23,SSI|HPG|HDB,0.6666666666666666,0.5217391304347826,1.2777777777777777
2024-02-15,2024,walk_forward_validation,5,23,SSI|HPG|HDB|FPT|STB,0.6,0.5217391304347826,1.15
2024-02-15,2024,walk_forward_validation,8,23,SSI|HPG|HDB|FPT|STB|PLX|VPB|MWG,0.5,0.5217391304347826,0.9583333333333334
2024-02-15,2024,walk_forward_validation,10,23,SSI|HPG|HDB|FPT|STB|PLX|VPB|MWG|CTG|BID,0.5,0.5217391304347826,0.9583333333333334
2024-02-16,2024,walk_forward_validation,2,23,SSI|HPG,1.0,0.43478260869565216,2.3000000000000003
2024-02-16,2024,walk_forward_validation,3,23,SSI|HPG|HDB,0.6666666666666666,0.43478260869565216,1.5333333333333332
2024-02-16,2024,walk_forward_validation,5,23,SSI|HPG|HDB|FPT|MBB,0.6,0.43478260869565216,1.38
2024-02-16,2024,walk_forward_validation,8,23,SSI|HPG|HDB|FPT|MBB|TCB|CTG|STB,0.5,0.43478260869565216,1.1500000000000001
2024-02-16,2024,walk_forward_validation,10,23,SSI|HPG|HDB|FPT|MBB|TCB|CTG|STB|VIC|PLX,0.5,0.43478260869565216,1.1500000000000001
2024-02-19,2024,walk_forward_validation,2,23,FPT|SSI,1.0,0.30434782608695654,3.2857142857142856
2024-02-19,2024,walk_forward_validation,3,23,FPT|SSI|HPG,0.6666666666666666,0.30434782608695654,2.1904761904761902
2024-02-19,2024,walk_forward_validation,5,23,FPT|SSI|HPG|MBB|HDB,0.4,0.30434782608695654,1.3142857142857143
2024-02-19,2024,walk_forward_validation,8,23,FPT|SSI|HPG|MBB|HDB|TCB|CTG|VNM,0.375,0.30434782608695654,1.232142857142857
2024-02-19,2024,walk_forward_validation,10,23,FPT|SSI|HPG|MBB|HDB|TCB|CTG|VNM|BVH|MWG,0.3,0.30434782608695654,0.9857142857142857
2024-02-20,2024,walk_forward_validation,2,23,SSI|HPG,1.0,0.43478260869565216,2.3000000000000003
2024-02-20,2024,walk_forward_validation,3,23,SSI|HPG|HDB,0.6666666666666666,0.43478260869565216,1.5333333333333332
2024-02-20,2024,walk_forward_validation,5,23,SSI|HPG|HDB|TCB|FPT,0.8,0.43478260869565216,1.84
2024-02-20,2024,walk_forward_validation,8,23,SSI|HPG|HDB|TCB|FPT|VNM|CTG|MBB,0.5,0.43478260869565216,1.1500000000000001
2024-02-20,2024,walk_forward_validation,10,23,SSI|HPG|HDB|TCB|FPT|VNM|CTG|MBB|MWG|PLX,0.5,0.43478260869565216,1.1500000000000001
2024-02-21,2024,walk_forward_validation,2,23,TCB|HDB,0.5,0.391304347826087,1.2777777777777777
2024-02-21,2024,walk_forward_validation,3,23,TCB|HDB|SSI,0.6666666666666666,0.391304347826087,1.7037037037037035
2024-02-21,2024,walk_forward_validation,5,23,TCB|HDB|SSI|HPG|MBB,0.6,0.391304347826087,1.5333333333333332
2024-02-21,2024,walk_forward_validation,8,23,TCB|HDB|SSI|HPG|MBB|FPT|CTG|VNM,0.5,0.391304347826087,1.2777777777777777
2024-02-21,2024,walk_forward_validation,10,23,TCB|HDB|SSI|HPG|MBB|FPT|CTG|VNM|BID|STB,0.5,0.391304347826087,1.2777777777777777
2024-02-22,2024,walk_forward_validation,2,23,MBB|CTG,0.0,0.43478260869565216,0.0
2024-02-22,2024,walk_forward_validation,3,23,MBB|CTG|VNM,0.0,0.43478260869565216,0.0
2024-02-22,2024,walk_forward_validation,5,23,MBB|CTG|VNM|BID|TCB,0.4,0.43478260869565216,0.92
2024-02-22,2024,walk_forward_validation,8,23,MBB|CTG|VNM|BID|TCB|STB|PLX|HPG,0.5,0.43478260869565216,1.1500000000000001
2024-02-22,2024,walk_forward_validation,10,23,MBB|CTG|VNM|BID|TCB|STB|PLX|HPG|FPT|VRE,0.5,0.43478260869565216,1.1500000000000001
2024-02-23,2024,walk_forward_validation,2,23,VNM|MBB,0.0,0.391304347826087,0.0
2024-02-23,2024,walk_forward_validation,3,23,VNM|MBB|VRE,0.0,0.391304347826087,0.0
2024-02-23,2024,walk_forward_validation,5,23,VNM|MBB|VRE|CTG|TCB,0.2,0.391304347826087,0.5111111111111111
2024-02-23,2024,walk_forward_validation,8,23,VNM|MBB|VRE|CTG|TCB|HPG|FPT|VIC,0.375,0.391304347826087,0.9583333333333333
2024-02-23,2024,walk_forward_validation,10,23,VNM|MBB|VRE|CTG|TCB|HPG|FPT|VIC|BVH|STB,0.3,0.391304347826087,0.7666666666666666
2024-02-26,2024,walk_forward_validation,2,23,VNM|VRE,0.0,0.4782608695652174,0.0
2024-02-26,2024,walk_forward_validation,3,23,VNM|VRE|SSI,0.3333333333333333,0.4782608695652174,0.6969696969696969
2024-02-26,2024,walk_forward_validation,5,23,VNM|VRE|SSI|CTG|HPG,0.4,0.4782608695652174,0.8363636363636364
2024-02-26,2024,walk_forward_validation,8,23,VNM|VRE|SSI|CTG|HPG|MBB|BID|TCB,0.375,0.4782608695652174,0.7840909090909091
2024-02-26,2024,walk_forward_validation,10,23,VNM|VRE|SSI|CTG|HPG|MBB|BID|TCB|BVH|PLX,0.4,0.4782608695652174,0.8363636363636364
2024-02-27,2024,walk_forward_validation,2,23,VRE|VNM,0.0,0.4782608695652174,0.0
2024-02-27,2024,walk_forward_validation,3,23,VRE|VNM|MBB,0.3333333333333333,0.4782608695652174,0.6969696969696969
2024-02-27,2024,walk_forward_validation,5,23,VRE|VNM|MBB|CTG|SSI,0.4,0.4782608695652174,0.8363636363636364
2024-02-27,2024,walk_forward_validation,8,23,VRE|VNM|MBB|CTG|SSI|TCB|PLX|FPT,0.625,0.4782608695652174,1.3068181818181819
2024-02-27,2024,walk_forward_validation,10,23,VRE|VNM|MBB|CTG|SSI|TCB|PLX|FPT|BID|HPG,0.5,0.4782608695652174,1.0454545454545454
2024-02-28,2024,walk_forward_validation,2,23,HPG|VRE,0.0,0.43478260869565216,0.0
2024-02-28,2024,walk_forward_validation,3,23,HPG|VRE|VNM,0.0,0.43478260869565216,0.0
2024-02-28,2024,walk_forward_validation,5,23,HPG|VRE|VNM|MBB|SSI,0.4,0.43478260869565216,0.92
2024-02-28,2024,walk_forward_validation,8,23,HPG|VRE|VNM|MBB|SSI|TCB|CTG|FPT,0.5,0.43478260869565216,1.1500000000000001
2024-02-28,2024,walk_forward_validation,10,23,HPG|VRE|VNM|MBB|SSI|TCB|CTG|FPT|BID|PLX,0.5,0.43478260869565216,1.1500000000000001
2024-02-29,2024,walk_forward_validation,2,23,VRE|HPG,0.0,0.43478260869565216,0.0
2024-02-29,2024,walk_forward_validation,3,23,VRE|HPG|SSI,0.3333333333333333,0.43478260869565216,0.7666666666666666
2024-02-29,2024,walk_forward_validation,5,23,VRE|HPG|SSI|VNM|TCB,0.4,0.43478260869565216,0.92
2024-02-29,2024,walk_forward_validation,8,23,VRE|HPG|SSI|VNM|TCB|FPT|VCB|CTG,0.375,0.43478260869565216,0.8625
2024-02-29,2024,walk_forward_validation,10,23,VRE|HPG|SSI|VNM|TCB|FPT|VCB|CTG|MBB|PLX,0.5,0.43478260869565216,1.1500000000000001
2024-03-01,2024,walk_forward_validation,2,23,SSI|HPG,0.5,0.43478260869565216,1.1500000000000001
2024-03-01,2024,walk_forward_validation,3,23,SSI|HPG|VRE,0.3333333333333333,0.43478260869565216,0.7666666666666666
2024-03-01,2024,walk_forward_validation,5,23,SSI|HPG|VRE|TCB|FPT,0.6,0.43478260869565216,1.38
2024-03-01,2024,walk_forward_validation,8,23,SSI|HPG|VRE|TCB|FPT|MSN|VCB|CTG,0.5,0.43478260869565216,1.1500000000000001
2024-03-01,2024,walk_forward_validation,10,23,SSI|HPG|VRE|TCB|FPT|MSN|VCB|CTG|VNM|BID,0.4,0.43478260869565216,0.92
2024-03-04,2024,walk_forward_validation,2,23,HPG|SSI,0.5,0.43478260869565216,1.1500000000000001
2024-03-04,2024,walk_forward_validation,3,23,HPG|SSI|TCB,0.6666666666666666,0.43478260869565216,1.5333333333333332
2024-03-04,2024,walk_forward_validation,5,23,HPG|SSI|TCB|FPT|CTG,0.6,0.43478260869565216,1.38
2024-03-04,2024,walk_forward_validation,8,23,HPG|SSI|TCB|FPT|CTG|BID|MSN|VRE,0.5,0.43478260869565216,1.1500000000000001
2024-03-04,2024,walk_forward_validation,10,23,HPG|SSI|TCB|FPT|CTG|BID|MSN|VRE|VNM|MBB,0.5,0.43478260869565216,1.1500000000000001
2024-03-05,2024,walk_forward_validation,2,23,HPG|TCB,0.5,0.34782608695652173,1.4375
2024-03-05,2024,walk_forward_validation,3,23,HPG|TCB|VRE,0.3333333333333333,0.34782608695652173,0.9583333333333333
2024-03-05,2024,walk_forward_validation,5,23,HPG|TCB|VRE|SSI|CTG,0.4,0.34782608695652173,1.1500000000000001
2024-03-05,2024,walk_forward_validation,8,23,HPG|TCB|VRE|SSI|CTG|FPT|MBB|VNM,0.375,0.34782608695652173,1.078125
2024-03-05,2024,walk_forward_validation,10,23,HPG|TCB|VRE|SSI|CTG|FPT|MBB|VNM|BID|BVH,0.3,0.34782608695652173,0.8625
2024-03-06,2024,walk_forward_validation,2,23,HPG|VRE,0.0,0.30434782608695654,0.0
2024-03-06,2024,walk_forward_validation,3,23,HPG|VRE|SSI,0.3333333333333333,0.30434782608695654,1.0952380952380951
2024-03-06,2024,walk_forward_validation,5,23,HPG|VRE|SSI|CTG|BID,0.2,0.30434782608695654,0.6571428571428571
2024-03-06,2024,walk_forward_validation,8,23,HPG|VRE|SSI|CTG|BID|MBB|TCB|MSN,0.25,0.30434782608695654,0.8214285714285714
2024-03-06,2024,walk_forward_validation,10,23,HPG|VRE|SSI|CTG|BID|MBB|TCB|MSN|VCB|BVH,0.2,0.30434782608695654,0.6571428571428571
2024-03-07,2024,walk_forward_validation,2,23,SSI|HPG,0.0,0.30434782608695654,0.0
2024-03-07,2024,walk_forward_validation,3,23,SSI|HPG|VRE,0.0,0.30434782608695654,0.0
2024-03-07,2024,walk_forward_validation,5,23,SSI|HPG|VRE|PLX|GAS,0.2,0.30434782608695654,0.6571428571428571
2024-03-07,2024,walk_forward_validation,8,23,SSI|HPG|VRE|PLX|GAS|BVH|VCB|FPT,0.375,0.30434782608695654,1.232142857142857
2024-03-07,2024,walk_forward_validation,10,23,SSI|HPG|VRE|PLX|GAS|BVH|VCB|FPT|CTG|MBB,0.3,0.30434782608695654,0.9857142857142857
2024-03-08,2024,walk_forward_validation,2,23,VRE|HPG,0.0,0.391304347826087,0.0
2024-03-08,2024,walk_forward_validation,3,23,VRE|HPG|BVH,0.0,0.391304347826087,0.0
2024-03-08,2024,walk_forward_validation,5,23,VRE|HPG|BVH|FPT|PLX,0.4,0.391304347826087,1.0222222222222221
2024-03-08,2024,walk_forward_validation,8,23,VRE|HPG|BVH|FPT|PLX|SSI|VCB|GAS,0.375,0.391304347826087,0.9583333333333333
2024-03-08,2024,walk_forward_validation,10,23,VRE|HPG|BVH|FPT|PLX|SSI|VCB|GAS|MSN|TCB,0.4,0.391304347826087,1.0222222222222221
2024-03-11,2024,walk_forward_validation,2,23,FPT|VRE,0.5,0.391304347826087,1.2777777777777777
2024-03-11,2024,walk_forward_validation,3,23,FPT|VRE|HPG,0.3333333333333333,0.391304347826087,0.8518518518518517
2024-03-11,2024,walk_forward_validation,5,23,FPT|VRE|HPG|VCB|BVH,0.2,0.391304347826087,0.5111111111111111
2024-03-11,2024,walk_forward_validation,8,23,FPT|VRE|HPG|VCB|BVH|PLX|SSI|MSN,0.25,0.391304347826087,0.6388888888888888
2024-03-11,2024,walk_forward_validation,10,23,FPT|VRE|HPG|VCB|BVH|PLX|SSI|MSN|TCB|MWG,0.4,0.391304347826087,1.0222222222222221
2024-03-12,2024,walk_forward_validation,2,23,FPT|HPG,0.0,0.391304347826087,0.0
2024-03-12,2024,walk_forward_validation,3,23,FPT|HPG|VCB,0.0,0.391304347826087,0.0
2024-03-12,2024,walk_forward_validation,5,23,FPT|HPG|VCB|VRE|BVH,0.0,0.391304347826087,0.0
2024-03-12,2024,walk_forward_validation,8,23,FPT|HPG|VCB|VRE|BVH|PLX|BID|MSN,0.125,0.391304347826087,0.3194444444444444
2024-03-12,2024,walk_forward_validation,10,23,FPT|HPG|VCB|VRE|BVH|PLX|BID|MSN|SSI|MWG,0.3,0.391304347826087,0.7666666666666666
2024-03-13,2024,walk_forward_validation,2,23,HPG|TCB,0.5,0.391304347826087,1.2777777777777777
2024-03-13,2024,walk_forward_validation,3,23,HPG|TCB|FPT,0.3333333333333333,0.391304347826087,0.8518518518518517
2024-03-13,2024,walk_forward_validation,5,23,HPG|TCB|FPT|SSI|PLX,0.2,0.391304347826087,0.5111111111111111
2024-03-13,2024,walk_forward_validation,8,23,HPG|TCB|FPT|SSI|PLX|MWG|BVH|VCB,0.25,0.391304347826087,0.6388888888888888
2024-03-13,2024,walk_forward_validation,10,23,HPG|TCB|FPT|SSI|PLX|MWG|BVH|VCB|CTG|BID,0.2,0.391304347826087,0.5111111111111111
2024-03-14,2024,walk_forward_validation,2,23,FPT|SSI,0.0,0.34782608695652173,0.0
2024-03-14,2024,walk_forward_validation,3,23,FPT|SSI|MSN,0.0,0.34782608695652173,0.0
2024-03-14,2024,walk_forward_validation,5,23,FPT|SSI|MSN|TCB|PLX,0.2,0.34782608695652173,0.5750000000000001
2024-03-14,2024,walk_forward_validation,8,23,FPT|SSI|MSN|TCB|PLX|VIC|VRE|MWG,0.375,0.34782608695652173,1.078125
2024-03-14,2024,walk_forward_validation,10,23,FPT|SSI|MSN|TCB|PLX|VIC|VRE|MWG|BVH|HPG,0.3,0.34782608695652173,0.8625
2024-03-15,2024,walk_forward_validation,2,23,FPT|PLX,0.0,0.43478260869565216,0.0
2024-03-15,2024,walk_forward_validation,3,23,FPT|PLX|SSI,0.0,0.43478260869565216,0.0
2024-03-15,2024,walk_forward_validation,5,23,FPT|PLX|SSI|VRE|GAS,0.0,0.43478260869565216,0.0
2024-03-15,2024,walk_forward_validation,8,23,FPT|PLX|SSI|VRE|GAS|MSN|MWG|TCB,0.25,0.43478260869565216,0.5750000000000001
2024-03-15,2024,walk_forward_validation,10,23,FPT|PLX|SSI|VRE|GAS|MSN|MWG|TCB|HPG|BVH,0.2,0.43478260869565216,0.46
2024-03-18,2024,walk_forward_validation,2,23,GAS|MSN,0.0,0.5652173913043478,0.0
2024-03-18,2024,walk_forward_validation,3,23,GAS|MSN|MWG,0.3333333333333333,0.5652173913043478,0.5897435897435898
2024-03-18,2024,walk_forward_validation,5,23,GAS|MSN|MWG|FPT|SSI,0.4,0.5652173913043478,0.7076923076923077
2024-03-18,2024,walk_forward_validation,8,23,GAS|MSN|MWG|FPT|SSI|PLX|HPG|TCB,0.5,0.5652173913043478,0.8846153846153847
2024-03-18,2024,walk_forward_validation,10,23,GAS|MSN|MWG|FPT|SSI|PLX|HPG|TCB|BID|VCB,0.5,0.5652173913043478,0.8846153846153847
2024-03-19,2024,walk_forward_validation,2,23,VRE|MSN,0.0,0.4782608695652174,0.0
2024-03-19,2024,walk_forward_validation,3,23,VRE|MSN|PLX,0.0,0.4782608695652174,0.0
2024-03-19,2024,walk_forward_validation,5,23,VRE|MSN|PLX|FPT|GAS,0.2,0.4782608695652174,0.4181818181818182
2024-03-19,2024,walk_forward_validation,8,23,VRE|MSN|PLX|FPT|GAS|MWG|TCB|HPG,0.375,0.4782608695652174,0.7840909090909091
2024-03-19,2024,walk_forward_validation,10,23,VRE|MSN|PLX|FPT|GAS|MWG|TCB|HPG|BID|MBB,0.4,0.4782608695652174,0.8363636363636364
2024-03-20,2024,walk_forward_validation,2,23,FPT|PLX,0.5,0.5652173913043478,0.8846153846153847
2024-03-20,2024,walk_forward_validation,3,23,FPT|PLX|MSN,0.3333333333333333,0.5652173913043478,0.5897435897435898
2024-03-20,2024,walk_forward_validation,5,23,FPT|PLX|MSN|TCB|GAS,0.4,0.5652173913043478,0.7076923076923077
2024-03-20,2024,walk_forward_validation,8,23,FPT|PLX|MSN|TCB|GAS|MWG|MBB|SSI,0.5,0.5652173913043478,0.8846153846153847
2024-03-20,2024,walk_forward_validation,10,23,FPT|PLX|MSN|TCB|GAS|MWG|MBB|SSI|VRE|BID,0.4,0.5652173913043478,0.7076923076923077
2024-03-21,2024,walk_forward_validation,2,23,FPT|PLX,0.5,0.4782608695652174,1.0454545454545454
2024-03-21,2024,walk_forward_validation,3,23,FPT|PLX|SSI,0.3333333333333333,0.4782608695652174,0.6969696969696969
2024-03-21,2024,walk_forward_validation,5,23,FPT|PLX|SSI|MSN|TCB,0.4,0.4782608695652174,0.8363636363636364
2024-03-21,2024,walk_forward_validation,8,23,FPT|PLX|SSI|MSN|TCB|MWG|GAS|MBB,0.5,0.4782608695652174,1.0454545454545454
2024-03-21,2024,walk_forward_validation,10,23,FPT|PLX|SSI|MSN|TCB|MWG|GAS|MBB|STB|CTG,0.4,0.4782608695652174,0.8363636363636364
2024-03-22,2024,walk_forward_validation,2,23,TCB|HDB,1.0,0.5217391304347826,1.9166666666666667
2024-03-22,2024,walk_forward_validation,3,23,TCB|HDB|MBB,0.6666666666666666,0.5217391304347826,1.2777777777777777
2024-03-22,2024,walk_forward_validation,5,23,TCB|HDB|MBB|PLX|FPT,0.6,0.5217391304347826,1.15
2024-03-22,2024,walk_forward_validation,8,23,TCB|HDB|MBB|PLX|FPT|VCB|MWG|MSN,0.625,0.5217391304347826,1.1979166666666667
2024-03-22,2024,walk_forward_validation,10,23,TCB|HDB|MBB|PLX|FPT|VCB|MWG|MSN|SSI|CTG,0.6,0.5217391304347826,1.15
2024-03-25,2024,walk_forward_validation,2,23,TCB|FPT,1.0,0.5217391304347826,1.9166666666666667
2024-03-25,2024,walk_forward_validation,3,23,TCB|FPT|MBB,0.6666666666666666,0.5217391304347826,1.2777777777777777
2024-03-25,2024,walk_forward_validation,5,23,TCB|FPT|MBB|MWG|VCB,0.8,0.5217391304347826,1.5333333333333334
2024-03-25,2024,walk_forward_validation,8,23,TCB|FPT|MBB|MWG|VCB|SSI|GAS|VRE,0.5,0.5217391304347826,0.9583333333333334
2024-03-25,2024,walk_forward_validation,10,23,TCB|FPT|MBB|MWG|VCB|SSI|GAS|VRE|PLX|VIC,0.5,0.5217391304347826,0.9583333333333334
2024-03-26,2024,walk_forward_validation,2,23,TCB|FPT,1.0,0.4782608695652174,2.090909090909091
2024-03-26,2024,walk_forward_validation,3,23,TCB|FPT|MBB,0.6666666666666666,0.4782608695652174,1.3939393939393938
2024-03-26,2024,walk_forward_validation,5,23,TCB|FPT|MBB|SSI|HDB,0.4,0.4782608695652174,0.8363636363636364
2024-03-26,2024,walk_forward_validation,8,23,TCB|FPT|MBB|SSI|HDB|MWG|PLX|VCB,0.5,0.4782608695652174,1.0454545454545454
2024-03-26,2024,walk_forward_validation,10,23,TCB|FPT|MBB|SSI|HDB|MWG|PLX|VCB|VIC|HPG,0.5,0.4782608695652174,1.0454545454545454
2024-03-27,2024,walk_forward_validation,2,23,TCB|MBB,0.5,0.43478260869565216,1.1500000000000001
2024-03-27,2024,walk_forward_validation,3,23,TCB|MBB|SSI,0.3333333333333333,0.43478260869565216,0.7666666666666666
2024-03-27,2024,walk_forward_validation,5,23,TCB|MBB|SSI|MWG|FPT,0.6,0.43478260869565216,1.38
2024-03-27,2024,walk_forward_validation,8,23,TCB|MBB|SSI|MWG|FPT|HDB|HPG|PLX,0.375,0.43478260869565216,0.8625
2024-03-27,2024,walk_forward_validation,10,23,TCB|MBB|SSI|MWG|FPT|HDB|HPG|PLX|CTG|VPB,0.4,0.43478260869565216,0.92
2024-03-28,2024,walk_forward_validation,2,23,MBB|SSI,0.0,0.4782608695652174,0.0
2024-03-28,2024,walk_forward_validation,3,23,MBB|SSI|MWG,0.3333333333333333,0.4782608695652174,0.6969696969696969
2024-03-28,2024,walk_forward_validation,5,23,MBB|SSI|MWG|FPT|CTG,0.4,0.4782608695652174,0.8363636363636364
2024-03-28,2024,walk_forward_validation,8,23,MBB|SSI|MWG|FPT|CTG|HDB|TCB|STB,0.5,0.4782608695652174,1.0454545454545454
2024-03-28,2024,walk_forward_validation,10,23,MBB|SSI|MWG|FPT|CTG|HDB|TCB|STB|VPB|VIC,0.5,0.4782608695652174,1.0454545454545454
2024-03-29,2024,walk_forward_validation,2,23,MBB|MWG,0.5,0.4782608695652174,1.0454545454545454
2024-03-29,2024,walk_forward_validation,3,23,MBB|MWG|TCB,0.6666666666666666,0.4782608695652174,1.3939393939393938
2024-03-29,2024,walk_forward_validation,5,23,MBB|MWG|TCB|CTG|FPT,0.6,0.4782608695652174,1.2545454545454544
2024-03-29,2024,walk_forward_validation,8,23,MBB|MWG|TCB|CTG|FPT|HDB|VPB|VIC,0.5,0.4782608695652174,1.0454545454545454
2024-03-29,2024,walk_forward_validation,10,23,MBB|MWG|TCB|CTG|FPT|HDB|VPB|VIC|SSI|STB,0.4,0.4782608695652174,0.8363636363636364
2024-04-01,2024,walk_forward_validation,2,23,MWG|TCB,1.0,0.4782608695652174,2.090909090909091
2024-04-01,2024,walk_forward_validation,3,23,MWG|TCB|FPT,1.0,0.4782608695652174,2.090909090909091
2024-04-01,2024,walk_forward_validation,5,23,MWG|TCB|FPT|SSI|VPB,0.6,0.4782608695652174,1.2545454545454544
2024-04-01,2024,walk_forward_validation,8,23,MWG|TCB|FPT|SSI|VPB|MBB|VIC|VCB,0.5,0.4782608695652174,1.0454545454545454
2024-04-01,2024,walk_forward_validation,10,23,MWG|TCB|FPT|SSI|VPB|MBB|VIC|VCB|HDB|PLX,0.6,0.4782608695652174,1.2545454545454544
2024-04-02,2024,walk_forward_validation,2,23,MWG|FPT,1.0,0.43478260869565216,2.3000000000000003
2024-04-02,2024,walk_forward_validation,3,23,MWG|FPT|TCB,1.0,0.43478260869565216,2.3000000000000003
2024-04-02,2024,walk_forward_validation,5,23,MWG|FPT|TCB|MBB|GAS,0.6,0.43478260869565216,1.38
2024-04-02,2024,walk_forward_validation,8,23,MWG|FPT|TCB|MBB|GAS|VPB|SSI|HDB,0.5,0.43478260869565216,1.1500000000000001
2024-04-02,2024,walk_forward_validation,10,23,MWG|FPT|TCB|MBB|GAS|VPB|SSI|HDB|VIC|PLX,0.5,0.43478260869565216,1.1500000000000001
2024-04-03,2024,walk_forward_validation,2,23,MWG|TCB,1.0,0.43478260869565216,2.3000000000000003
2024-04-03,2024,walk_forward_validation,3,23,MWG|TCB|FPT,1.0,0.43478260869565216,2.3000000000000003
2024-04-03,2024,walk_forward_validation,5,23,MWG|TCB|FPT|SSI|GAS,0.6,0.43478260869565216,1.38
2024-04-03,2024,walk_forward_validation,8,23,MWG|TCB|FPT|SSI|GAS|VIC|MBB|VPB,0.375,0.43478260869565216,0.8625
2024-04-03,2024,walk_forward_validation,10,23,MWG|TCB|FPT|SSI|GAS|VIC|MBB|VPB|PLX|VHM,0.4,0.43478260869565216,0.92
2024-04-04,2024,walk_forward_validation,2,23,MWG|TCB,1.0,0.43478260869565216,2.3000000000000003
2024-04-04,2024,walk_forward_validation,3,23,MWG|TCB|VIC,0.6666666666666666,0.43478260869565216,1.5333333333333332
2024-04-04,2024,walk_forward_validation,5,23,MWG|TCB|VIC|FPT|GAS,0.6,0.43478260869565216,1.38
2024-04-04,2024,walk_forward_validation,8,23,MWG|TCB|VIC|FPT|GAS|VCB|SSI|VPB,0.375,0.43478260869565216,0.8625
2024-04-04,2024,walk_forward_validation,10,23,MWG|TCB|VIC|FPT|GAS|VCB|SSI|VPB|VHM|HDB,0.4,0.43478260869565216,0.92
2024-04-05,2024,walk_forward_validation,2,23,MWG|TCB,1.0,0.34782608695652173,2.875
2024-04-05,2024,walk_forward_validation,3,23,MWG|TCB|VPB,0.6666666666666666,0.34782608695652173,1.9166666666666665
2024-04-05,2024,walk_forward_validation,5,23,MWG|TCB|VPB|VIC|GAS,0.4,0.34782608695652173,1.1500000000000001
2024-04-05,2024,walk_forward_validation,8,23,MWG|TCB|VPB|VIC|GAS|FPT|VCB|PLX,0.5,0.34782608695652173,1.4375
2024-04-05,2024,walk_forward_validation,10,23,MWG|TCB|VPB|VIC|GAS|FPT|VCB|PLX|VHM|SSI,0.4,0.34782608695652173,1.1500000000000001
2024-04-08,2024,walk_forward_validation,2,23,MWG|VPB,0.5,0.30434782608695654,1.6428571428571428
2024-04-08,2024,walk_forward_validation,3,23,MWG|VPB|TCB,0.6666666666666666,0.30434782608695654,2.1904761904761902
2024-04-08,2024,walk_forward_validation,5,23,MWG|VPB|TCB|VIC|HDB,0.4,0.30434782608695654,1.3142857142857143
2024-04-08,2024,walk_forward_validation,8,23,MWG|VPB|TCB|VIC|HDB|VHM|PLX|VCB,0.375,0.30434782608695654,1.232142857142857
2024-04-08,2024,walk_forward_validation,10,23,MWG|VPB|TCB|VIC|HDB|VHM|PLX|VCB|MBB|FPT,0.4,0.30434782608695654,1.3142857142857143
2024-04-09,2024,walk_forward_validation,2,23,TCB|HDB,0.5,0.30434782608695654,1.6428571428571428
2024-04-09,2024,walk_forward_validation,3,23,TCB|HDB|MWG,0.6666666666666666,0.30434782608695654,2.1904761904761902
2024-04-09,2024,walk_forward_validation,5,23,TCB|HDB|MWG|VPB|VHM,0.4,0.30434782608695654,1.3142857142857143
2024-04-09,2024,walk_forward_validation,8,23,TCB|HDB|MWG|VPB|VHM|SSI|VIC|BID,0.25,0.30434782608695654,0.8214285714285714
2024-04-09,2024,walk_forward_validation,10,23,TCB|HDB|MWG|VPB|VHM|SSI|VIC|BID|MBB|CTG,0.2,0.30434782608695654,0.6571428571428571
2024-04-10,2024,walk_forward_validation,2,23,MWG|TCB,1.0,0.34782608695652173,2.875
2024-04-10,2024,walk_forward_validation,3,23,MWG|TCB|VHM,0.6666666666666666,0.34782608695652173,1.9166666666666665
2024-04-10,2024,walk_forward_validation,5,23,MWG|TCB|VHM|MBB|VIC,0.4,0.34782608695652173,1.1500000000000001
2024-04-10,2024,walk_forward_validation,8,23,MWG|TCB|VHM|MBB|VIC|HDB|BID|VPB,0.25,0.34782608695652173,0.71875
2024-04-10,2024,walk_forward_validation,10,23,MWG|TCB|VHM|MBB|VIC|HDB|BID|VPB|SSI|FPT,0.3,0.34782608695652173,0.8625
2024-04-11,2024,walk_forward_validation,2,23,MWG|VHM,0.5,0.391304347826087,1.2777777777777777
2024-04-11,2024,walk_forward_validation,3,23,MWG|VHM|VIC,0.3333333333333333,0.391304347826087,0.8518518518518517
2024-04-11,2024,walk_forward_validation,5,23,MWG|VHM|VIC|TCB|FPT,0.6,0.391304347826087,1.5333333333333332
2024-04-11,2024,walk_forward_validation,8,23,MWG|VHM|VIC|TCB|FPT|VPB|HDB|MBB,0.375,0.391304347826087,0.9583333333333333
2024-04-11,2024,walk_forward_validation,10,23,MWG|VHM|VIC|TCB|FPT|VPB|HDB|MBB|HPG|CTG,0.4,0.391304347826087,1.0222222222222221
2024-04-12,2024,walk_forward_validation,2,23,MWG|VHM,0.5,0.43478260869565216,1.1500000000000001
2024-04-12,2024,walk_forward_validation,3,23,MWG|VHM|VPB,0.3333333333333333,0.43478260869565216,0.7666666666666666
2024-04-12,2024,walk_forward_validation,5,23,MWG|VHM|VPB|VIC|HDB,0.4,0.43478260869565216,0.92
2024-04-12,2024,walk_forward_validation,8,23,MWG|VHM|VPB|VIC|HDB|FPT|TCB|MBB,0.5,0.43478260869565216,1.1500000000000001
2024-04-12,2024,walk_forward_validation,10,23,MWG|VHM|VPB|VIC|HDB|FPT|TCB|MBB|CTG|VJC,0.5,0.43478260869565216,1.1500000000000001
2024-04-15,2024,walk_forward_validation,2,23,CTG|VRE,0.0,0.34782608695652173,0.0
2024-04-15,2024,walk_forward_validation,3,23,CTG|VRE|MBB,0.0,0.34782608695652173,0.0
2024-04-15,2024,walk_forward_validation,5,23,CTG|VRE|MBB|TCB|MWG,0.4,0.34782608695652173,1.1500000000000001
2024-04-15,2024,walk_forward_validation,8,23,CTG|VRE|MBB|TCB|MWG|HDB|VJC|VIC,0.375,0.34782608695652173,1.078125
2024-04-15,2024,walk_forward_validation,10,23,CTG|VRE|MBB|TCB|MWG|HDB|VJC|VIC|MSN|VPB,0.4,0.34782608695652173,1.1500000000000001
2024-04-16,2024,walk_forward_validation,2,23,CTG|VRE,0.0,0.4782608695652174,0.0
2024-04-16,2024,walk_forward_validation,3,23,CTG|VRE|MBB,0.0,0.4782608695652174,0.0
2024-04-16,2024,walk_forward_validation,5,23,CTG|VRE|MBB|MWG|BID,0.2,0.4782608695652174,0.4181818181818182
2024-04-16,2024,walk_forward_validation,8,23,CTG|VRE|MBB|MWG|BID|FPT|TCB|HDB,0.5,0.4782608695652174,1.0454545454545454
2024-04-16,2024,walk_forward_validation,10,23,CTG|VRE|MBB|MWG|BID|FPT|TCB|HDB|MSN|VJC,0.6,0.4782608695652174,1.2545454545454544
2024-04-17,2024,walk_forward_validation,2,23,CTG|MBB,0.0,0.4782608695652174,0.0
2024-04-17,2024,walk_forward_validation,3,23,CTG|MBB|TCB,0.3333333333333333,0.4782608695652174,0.6969696969696969
2024-04-17,2024,walk_forward_validation,5,23,CTG|MBB|TCB|MWG|FPT,0.6,0.4782608695652174,1.2545454545454544
2024-04-17,2024,walk_forward_validation,8,23,CTG|MBB|TCB|MWG|FPT|BID|VHM|VPB,0.5,0.4782608695652174,1.0454545454545454
2024-04-17,2024,walk_forward_validation,10,23,CTG|MBB|TCB|MWG|FPT|BID|VHM|VPB|VRE|VJC,0.5,0.4782608695652174,1.0454545454545454
2024-04-19,2024,walk_forward_validation,2,23,CTG|VRE,0.5,0.43478260869565216,1.1500000000000001
2024-04-19,2024,walk_forward_validation,3,23,CTG|VRE|MWG,0.6666666666666666,0.43478260869565216,1.5333333333333332
2024-04-19,2024,walk_forward_validation,5,23,CTG|VRE|MWG|TCB|MBB,0.4,0.43478260869565216,0.92
2024-04-19,2024,walk_forward_validation,8,23,CTG|VRE|MWG|TCB|MBB|VHM|FPT|BID,0.375,0.43478260869565216,0.8625
2024-04-19,2024,walk_forward_validation,10,23,CTG|VRE|MWG|TCB|MBB|VHM|FPT|BID|HDB|VPB,0.4,0.43478260869565216,0.92
2024-04-22,2024,walk_forward_validation,2,23,CTG|TCB,0.0,0.4782608695652174,0.0
2024-04-22,2024,walk_forward_validation,3,23,CTG|TCB|MWG,0.3333333333333333,0.4782608695652174,0.6969696969696969
2024-04-22,2024,walk_forward_validation,5,23,CTG|TCB|MWG|SSI|VRE,0.2,0.4782608695652174,0.4181818181818182
2024-04-22,2024,walk_forward_validation,8,23,CTG|TCB|MWG|SSI|VRE|MBB|BID|FPT,0.25,0.4782608695652174,0.5227272727272727
2024-04-22,2024,walk_forward_validation,10,23,CTG|TCB|MWG|SSI|VRE|MBB|BID|FPT|VPB|VJC,0.3,0.4782608695652174,0.6272727272727272
2024-04-23,2024,walk_forward_validation,2,23,CTG|SSI,0.0,0.43478260869565216,0.0
2024-04-23,2024,walk_forward_validation,3,23,CTG|SSI|VRE,0.0,0.43478260869565216,0.0
2024-04-23,2024,walk_forward_validation,5,23,CTG|SSI|VRE|BID|TCB,0.0,0.43478260869565216,0.0
2024-04-23,2024,walk_forward_validation,8,23,CTG|SSI|VRE|BID|TCB|MWG|MBB|FPT,0.25,0.43478260869565216,0.5750000000000001
2024-04-23,2024,walk_forward_validation,10,23,CTG|SSI|VRE|BID|TCB|MWG|MBB|FPT|VPB|HDB,0.3,0.43478260869565216,0.69
2024-04-24,2024,walk_forward_validation,2,23,CTG|BID,0.0,0.5217391304347826,0.0
2024-04-24,2024,walk_forward_validation,3,23,CTG|BID|TCB,0.0,0.5217391304347826,0.0
2024-04-24,2024,walk_forward_validation,5,23,CTG|BID|TCB|SSI|VPB,0.0,0.5217391304347826,0.0
2024-04-24,2024,walk_forward_validation,8,23,CTG|BID|TCB|SSI|VPB|VRE|MBB|HPG,0.125,0.5217391304347826,0.23958333333333334
2024-04-24,2024,walk_forward_validation,10,23,CTG|BID|TCB|SSI|VPB|VRE|MBB|HPG|MWG|VJC,0.3,0.5217391304347826,0.575
2024-04-25,2024,walk_forward_validation,2,23,CTG|TCB,0.0,0.4782608695652174,0.0
2024-04-25,2024,walk_forward_validation,3,23,CTG|TCB|BID,0.0,0.4782608695652174,0.0
2024-04-25,2024,walk_forward_validation,5,23,CTG|TCB|BID|SSI|HPG,0.2,0.4782608695652174,0.4181818181818182
2024-04-25,2024,walk_forward_validation,8,23,CTG|TCB|BID|SSI|HPG|VRE|VPB|MBB,0.125,0.4782608695652174,0.26136363636363635
2024-04-25,2024,walk_forward_validation,10,23,CTG|TCB|BID|SSI|HPG|VRE|VPB|MBB|FPT|MWG,0.3,0.4782608695652174,0.6272727272727272
2024-04-26,2024,walk_forward_validation,2,23,CTG|TCB,0.0,0.391304347826087,0.0
2024-04-26,2024,walk_forward_validation,3,23,CTG|TCB|HDB,0.0,0.391304347826087,0.0
2024-04-26,2024,walk_forward_validation,5,23,CTG|TCB|HDB|FPT|BID,0.2,0.391304347826087,0.5111111111111111
2024-04-26,2024,walk_forward_validation,8,23,CTG|TCB|HDB|FPT|BID|SSI|VJC|VPB,0.125,0.391304347826087,0.3194444444444444
2024-04-26,2024,walk_forward_validation,10,23,CTG|TCB|HDB|FPT|BID|SSI|VJC|VPB|PLX|MWG,0.3,0.391304347826087,0.7666666666666666
2024-05-02,2024,walk_forward_validation,2,23,TCB|CTG,0.0,0.391304347826087,0.0
2024-05-02,2024,walk_forward_validation,3,23,TCB|CTG|HDB,0.0,0.391304347826087,0.0
2024-05-02,2024,walk_forward_validation,5,23,TCB|CTG|HDB|VRE|VJC,0.0,0.391304347826087,0.0
2024-05-02,2024,walk_forward_validation,8,23,TCB|CTG|HDB|VRE|VJC|SAB|SSI|MBB,0.125,0.391304347826087,0.3194444444444444
2024-05-02,2024,walk_forward_validation,10,23,TCB|CTG|HDB|VRE|VJC|SAB|SSI|MBB|BID|VCB,0.1,0.391304347826087,0.25555555555555554
2024-05-03,2024,walk_forward_validation,2,23,TCB|CTG,0.0,0.34782608695652173,0.0
2024-05-03,2024,walk_forward_validation,3,23,TCB|CTG|VCB,0.0,0.34782608695652173,0.0
2024-05-03,2024,walk_forward_validation,5,23,TCB|CTG|VCB|FPT|HDB,0.2,0.34782608695652173,0.5750000000000001
2024-05-03,2024,walk_forward_validation,8,23,TCB|CTG|VCB|FPT|HDB|SAB|PLX|VJC,0.25,0.34782608695652173,0.71875
2024-05-03,2024,walk_forward_validation,10,23,TCB|CTG|VCB|FPT|HDB|SAB|PLX|VJC|MSN|MWG,0.4,0.34782608695652173,1.1500000000000001
2024-05-06,2024,walk_forward_validation,2,23,TCB|CTG,0.0,0.43478260869565216,0.0
2024-05-06,2024,walk_forward_validation,3,23,TCB|CTG|HPG,0.3333333333333333,0.43478260869565216,0.7666666666666666
2024-05-06,2024,walk_forward_validation,5,23,TCB|CTG|HPG|HDB|BID,0.2,0.43478260869565216,0.46
2024-05-06,2024,walk_forward_validation,8,23,TCB|CTG|HPG|HDB|BID|PLX|VCB|MSN,0.375,0.43478260869565216,0.8625
2024-05-06,2024,walk_forward_validation,10,23,TCB|CTG|HPG|HDB|BID|PLX|VCB|MSN|SAB|FPT,0.5,0.43478260869565216,1.1500000000000001
2024-05-07,2024,walk_forward_validation,2,23,TCB|CTG,0.0,0.43478260869565216,0.0
2024-05-07,2024,walk_forward_validation,3,23,TCB|CTG|SAB,0.3333333333333333,0.43478260869565216,0.7666666666666666
2024-05-07,2024,walk_forward_validation,5,23,TCB|CTG|SAB|HPG|HDB,0.4,0.43478260869565216,0.92
2024-05-07,2024,walk_forward_validation,8,23,TCB|CTG|SAB|HPG|HDB|MSN|VNM|BVH,0.5,0.43478260869565216,1.1500000000000001
2024-05-07,2024,walk_forward_validation,10,23,TCB|CTG|SAB|HPG|HDB|MSN|VNM|BVH|SSI|VPB,0.4,0.43478260869565216,0.92
2024-05-08,2024,walk_forward_validation,2,23,VNM|TCB,0.0,0.4782608695652174,0.0
2024-05-08,2024,walk_forward_validation,3,23,VNM|TCB|CTG,0.0,0.4782608695652174,0.0
2024-05-08,2024,walk_forward_validation,5,23,VNM|TCB|CTG|HPG|MSN,0.4,0.4782608695652174,0.8363636363636364
2024-05-08,2024,walk_forward_validation,8,23,VNM|TCB|CTG|HPG|MSN|HDB|FPT|BVH,0.5,0.4782608695652174,1.0454545454545454
2024-05-08,2024,walk_forward_validation,10,23,VNM|TCB|CTG|HPG|MSN|HDB|FPT|BVH|MWG|BID,0.5,0.4782608695652174,1.0454545454545454
2024-05-09,2024,walk_forward_validation,2,23,CTG|HPG,0.5,0.43478260869565216,1.1500000000000001
2024-05-09,2024,walk_forward_validation,3,23,CTG|HPG|MSN,0.6666666666666666,0.43478260869565216,1.5333333333333332
2024-05-09,2024,walk_forward_validation,5,23,CTG|HPG|MSN|TCB|SAB,0.6,0.43478260869565216,1.38
2024-05-09,2024,walk_forward_validation,8,23,CTG|HPG|MSN|TCB|SAB|HDB|FPT|MWG,0.625,0.43478260869565216,1.4375
2024-05-09,2024,walk_forward_validation,10,23,CTG|HPG|MSN|TCB|SAB|HDB|FPT|MWG|BVH|PLX,0.7,0.43478260869565216,1.6099999999999999
2024-05-10,2024,walk_forward_validation,2,23,TCB|CTG,0.5,0.4782608695652174,1.0454545454545454
2024-05-10,2024,walk_forward_validation,3,23,TCB|CTG|MSN,0.6666666666666666,0.4782608695652174,1.3939393939393938
2024-05-10,2024,walk_forward_validation,5,23,TCB|CTG|MSN|HPG|HDB,0.6,0.4782608695652174,1.2545454545454544
2024-05-10,2024,walk_forward_validation,8,23,TCB|CTG|MSN|HPG|HDB|SSI|VNM|BVH,0.5,0.4782608695652174,1.0454545454545454
2024-05-10,2024,walk_forward_validation,10,23,TCB|CTG|MSN|HPG|HDB|SSI|VNM|BVH|SAB|PLX,0.6,0.4782608695652174,1.2545454545454544
2024-05-13,2024,walk_forward_validation,2,23,HPG|MWG,1.0,0.4782608695652174,2.090909090909091
2024-05-13,2024,walk_forward_validation,3,23,HPG|MWG|TCB,1.0,0.4782608695652174,2.090909090909091
2024-05-13,2024,walk_forward_validation,5,23,HPG|MWG|TCB|MSN|SSI,0.8,0.4782608695652174,1.6727272727272728
2024-05-13,2024,walk_forward_validation,8,23,HPG|MWG|TCB|MSN|SSI|CTG|VPB|BVH,0.625,0.4782608695652174,1.3068181818181819
2024-05-13,2024,walk_forward_validation,10,23,HPG|MWG|TCB|MSN|SSI|CTG|VPB|BVH|PLX|MBB,0.6,0.4782608695652174,1.2545454545454544
2024-05-14,2024,walk_forward_validation,2,23,HPG|MSN,1.0,0.4782608695652174,2.090909090909091
2024-05-14,2024,walk_forward_validation,3,23,HPG|MSN|TCB,1.0,0.4782608695652174,2.090909090909091
2024-05-14,2024,walk_forward_validation,5,23,HPG|MSN|TCB|SSI|VPB,0.6,0.4782608695652174,1.2545454545454544
2024-05-14,2024,walk_forward_validation,8,23,HPG|MSN|TCB|SSI|VPB|MWG|PLX|MBB,0.625,0.4782608695652174,1.3068181818181819
2024-05-14,2024,walk_forward_validation,10,23,HPG|MSN|TCB|SSI|VPB|MWG|PLX|MBB|CTG|VNM,0.5,0.4782608695652174,1.0454545454545454
2024-05-15,2024,walk_forward_validation,2,23,HPG|TCB,1.0,0.5217391304347826,1.9166666666666667
2024-05-15,2024,walk_forward_validation,3,23,HPG|TCB|MSN,1.0,0.5217391304347826,1.9166666666666667
2024-05-15,2024,walk_forward_validation,5,23,HPG|TCB|MSN|MWG|VPB,1.0,0.5217391304347826,1.9166666666666667
2024-05-15,2024,walk_forward_validation,8,23,HPG|TCB|MSN|MWG|VPB|SSI|PLX|VNM,0.75,0.5217391304347826,1.4375
2024-05-15,2024,walk_forward_validation,10,23,HPG|TCB|MSN|MWG|VPB|SSI|PLX|VNM|SAB|CTG,0.7,0.5217391304347826,1.3416666666666666
2024-05-16,2024,walk_forward_validation,2,23,HPG|MSN,1.0,0.5217391304347826,1.9166666666666667
2024-05-16,2024,walk_forward_validation,3,23,HPG|MSN|TCB,0.6666666666666666,0.5217391304347826,1.2777777777777777
2024-05-16,2024,walk_forward_validation,5,23,HPG|MSN|TCB|PLX|VPB,0.8,0.5217391304347826,1.5333333333333334
2024-05-16,2024,walk_forward_validation,8,23,HPG|MSN|TCB|PLX|VPB|MWG|VJC|HDB,0.625,0.5217391304347826,1.1979166666666667
2024-05-16,2024,walk_forward_validation,10,23,HPG|MSN|TCB|PLX|VPB|MWG|VJC|HDB|SAB|VNM,0.6,0.5217391304347826,1.15
2024-05-17,2024,walk_forward_validation,2,23,TCB|HPG,1.0,0.5652173913043478,1.7692307692307694
2024-05-17,2024,walk_forward_validation,3,23,TCB|HPG|SSI,0.6666666666666666,0.5652173913043478,1.1794871794871795
2024-05-17,2024,walk_forward_validation,5,23,TCB|HPG|SSI|VPB|MWG,0.8,0.5652173913043478,1.4153846153846155
2024-05-17,2024,walk_forward_validation,8,23,TCB|HPG|SSI|VPB|MWG|VJC|SAB|FPT,0.75,0.5652173913043478,1.326923076923077
2024-05-17,2024,walk_forward_validation,10,23,TCB|HPG|SSI|VPB|MWG|VJC|SAB|FPT|PLX|STB,0.8,0.5652173913043478,1.4153846153846155
2024-05-20,2024,walk_forward_validation,2,23,TCB|HPG,1.0,0.4782608695652174,2.090909090909091
2024-05-20,2024,walk_forward_validation,3,23,TCB|HPG|VPB,0.6666666666666666,0.4782608695652174,1.3939393939393938
2024-05-20,2024,walk_forward_validation,5,23,TCB|HPG|VPB|SSI|MWG,0.6,0.4782608695652174,1.2545454545454544
2024-05-20,2024,walk_forward_validation,8,23,TCB|HPG|VPB|SSI|MWG|MSN|PLX|FPT,0.625,0.4782608695652174,1.3068181818181819
2024-05-20,2024,walk_forward_validation,10,23,TCB|HPG|VPB|SSI|MWG|MSN|PLX|FPT|MBB|HDB,0.6,0.4782608695652174,1.2545454545454544
2024-05-21,2024,walk_forward_validation,2,23,HPG|VPB,0.5,0.5217391304347826,0.9583333333333334
2024-05-21,2024,walk_forward_validation,3,23,HPG|VPB|BVH,0.6666666666666666,0.5217391304347826,1.2777777777777777
2024-05-21,2024,walk_forward_validation,5,23,HPG|VPB|BVH|TCB|MSN,0.8,0.5217391304347826,1.5333333333333334
2024-05-21,2024,walk_forward_validation,8,23,HPG|VPB|BVH|TCB|MSN|SSI|MWG|PLX,0.75,0.5217391304347826,1.4375
2024-05-21,2024,walk_forward_validation,10,23,HPG|VPB|BVH|TCB|MSN|SSI|MWG|PLX|HDB|CTG,0.6,0.5217391304347826,1.15
2024-05-22,2024,walk_forward_validation,2,23,HPG|SSI,0.5,0.5652173913043478,0.8846153846153847
2024-05-22,2024,walk_forward_validation,3,23,HPG|SSI|PLX,0.6666666666666666,0.5652173913043478,1.1794871794871795
2024-05-22,2024,walk_forward_validation,5,23,HPG|SSI|PLX|MSN|TCB,0.8,0.5652173913043478,1.4153846153846155
2024-05-22,2024,walk_forward_validation,8,23,HPG|SSI|PLX|MSN|TCB|BVH|MBB|HDB,0.75,0.5652173913043478,1.326923076923077
2024-05-22,2024,walk_forward_validation,10,23,HPG|SSI|PLX|MSN|TCB|BVH|MBB|HDB|VPB|SAB,0.8,0.5652173913043478,1.4153846153846155
2024-05-23,2024,walk_forward_validation,2,23,SSI|VPB,0.5,0.43478260869565216,1.1500000000000001
2024-05-23,2024,walk_forward_validation,3,23,SSI|VPB|TCB,0.6666666666666666,0.43478260869565216,1.5333333333333332
2024-05-23,2024,walk_forward_validation,5,23,SSI|VPB|TCB|HPG|MBB,0.6,0.43478260869565216,1.38
2024-05-23,2024,walk_forward_validation,8,23,SSI|VPB|TCB|HPG|MBB|CTG|MSN|STB,0.5,0.43478260869565216,1.1500000000000001
2024-05-23,2024,walk_forward_validation,10,23,SSI|VPB|TCB|HPG|MBB|CTG|MSN|STB|HDB|BID,0.4,0.43478260869565216,0.92
2024-05-24,2024,walk_forward_validation,2,23,GAS|HPG,0.0,0.43478260869565216,0.0
2024-05-24,2024,walk_forward_validation,3,23,GAS|HPG|TCB,0.3333333333333333,0.43478260869565216,0.7666666666666666
2024-05-24,2024,walk_forward_validation,5,23,GAS|HPG|TCB|MBB|CTG,0.4,0.43478260869565216,0.92
2024-05-24,2024,walk_forward_validation,8,23,GAS|HPG|TCB|MBB|CTG|MSN|STB|SSI,0.5,0.43478260869565216,1.1500000000000001
2024-05-24,2024,walk_forward_validation,10,23,GAS|HPG|TCB|MBB|CTG|MSN|STB|SSI|HDB|MWG,0.5,0.43478260869565216,1.1500000000000001
2024-05-27,2024,walk_forward_validation,2,23,HPG|TCB,1.0,0.4782608695652174,2.090909090909091
2024-05-27,2024,walk_forward_validation,3,23,HPG|TCB|STB,1.0,0.4782608695652174,2.090909090909091
2024-05-27,2024,walk_forward_validation,5,23,HPG|TCB|STB|MSN|CTG,0.8,0.4782608695652174,1.6727272727272728
2024-05-27,2024,walk_forward_validation,8,23,HPG|TCB|STB|MSN|CTG|MBB|MWG|SSI,0.75,0.4782608695652174,1.5681818181818181
2024-05-27,2024,walk_forward_validation,10,23,HPG|TCB|STB|MSN|CTG|MBB|MWG|SSI|GAS|VPB,0.7,0.4782608695652174,1.4636363636363634
2024-05-28,2024,walk_forward_validation,2,23,MBB|TCB,1.0,0.5217391304347826,1.9166666666666667
2024-05-28,2024,walk_forward_validation,3,23,MBB|TCB|STB,1.0,0.5217391304347826,1.9166666666666667
2024-05-28,2024,walk_forward_validation,5,23,MBB|TCB|STB|HPG|MWG,1.0,0.5217391304347826,1.9166666666666667
2024-05-28,2024,walk_forward_validation,8,23,MBB|TCB|STB|HPG|MWG|SSI|MSN|GAS,0.625,0.5217391304347826,1.1979166666666667
2024-05-28,2024,walk_forward_validation,10,23,MBB|TCB|STB|HPG|MWG|SSI|MSN|GAS|FPT|CTG,0.7,0.5217391304347826,1.3416666666666666
2024-05-29,2024,walk_forward_validation,2,23,TCB|MBB,1.0,0.43478260869565216,2.3000000000000003
2024-05-29,2024,walk_forward_validation,3,23,TCB|MBB|SSI,0.6666666666666666,0.43478260869565216,1.5333333333333332
2024-05-29,2024,walk_forward_validation,5,23,TCB|MBB|SSI|GAS|MWG,0.6,0.43478260869565216,1.38
2024-05-29,2024,walk_forward_validation,8,23,TCB|MBB|SSI|GAS|MWG|STB|MSN|HPG,0.625,0.43478260869565216,1.4375
2024-05-29,2024,walk_forward_validation,10,23,TCB|MBB|SSI|GAS|MWG|STB|MSN|HPG|CTG|VPB,0.6,0.43478260869565216,1.38
2024-05-30,2024,walk_forward_validation,2,23,TCB|CTG,0.5,0.4782608695652174,1.0454545454545454
2024-05-30,2024,walk_forward_validation,3,23,TCB|CTG|SSI,0.3333333333333333,0.4782608695652174,0.6969696969696969
2024-05-30,2024,walk_forward_validation,5,23,TCB|CTG|SSI|GAS|VPB,0.4,0.4782608695652174,0.8363636363636364
2024-05-30,2024,walk_forward_validation,8,23,TCB|CTG|SSI|GAS|VPB|MWG|FPT|STB,0.625,0.4782608695652174,1.3068181818181819
2024-05-30,2024,walk_forward_validation,10,23,TCB|CTG|SSI|GAS|VPB|MWG|FPT|STB|MBB|HPG,0.7,0.4782608695652174,1.4636363636363634
2024-05-31,2024,walk_forward_validation,2,23,TCB|CTG,0.5,0.5652173913043478,0.8846153846153847
2024-05-31,2024,walk_forward_validation,3,23,TCB|CTG|MSN,0.3333333333333333,0.5652173913043478,0.5897435897435898
2024-05-31,2024,walk_forward_validation,5,23,TCB|CTG|MSN|SSI|BVH,0.4,0.5652173913043478,0.7076923076923077
2024-05-31,2024,walk_forward_validation,8,23,TCB|CTG|MSN|SSI|BVH|STB|MWG|VPB,0.625,0.5652173913043478,1.1057692307692308
2024-05-31,2024,walk_forward_validation,10,23,TCB|CTG|MSN|SSI|BVH|STB|MWG|VPB|MBB|GAS,0.6,0.5652173913043478,1.0615384615384615
2024-06-03,2024,walk_forward_validation,2,23,TCB|MWG,0.5,0.4782608695652174,1.0454545454545454
2024-06-03,2024,walk_forward_validation,3,23,TCB|MWG|CTG,0.6666666666666666,0.4782608695652174,1.3939393939393938
2024-06-03,2024,walk_forward_validation,5,23,TCB|MWG|CTG|MBB|BVH,0.8,0.4782608695652174,1.6727272727272728
2024-06-03,2024,walk_forward_validation,8,23,TCB|MWG|CTG|MBB|BVH|SSI|MSN|GAS,0.5,0.4782608695652174,1.0454545454545454
2024-06-03,2024,walk_forward_validation,10,23,TCB|MWG|CTG|MBB|BVH|SSI|MSN|GAS|HPG|VPB,0.5,0.4782608695652174,1.0454545454545454
2024-06-04,2024,walk_forward_validation,2,23,MWG|CTG,0.5,0.4782608695652174,1.0454545454545454
2024-06-04,2024,walk_forward_validation,3,23,MWG|CTG|TCB,0.3333333333333333,0.4782608695652174,0.6969696969696969
2024-06-04,2024,walk_forward_validation,5,23,MWG|CTG|TCB|PLX|BVH,0.6,0.4782608695652174,1.2545454545454544
2024-06-04,2024,walk_forward_validation,8,23,MWG|CTG|TCB|PLX|BVH|MSN|MBB|SSI,0.5,0.4782608695652174,1.0454545454545454
2024-06-04,2024,walk_forward_validation,10,23,MWG|CTG|TCB|PLX|BVH|MSN|MBB|SSI|HPG|FPT,0.5,0.4782608695652174,1.0454545454545454
2024-06-05,2024,walk_forward_validation,2,23,PLX|TCB,0.5,0.4782608695652174,1.0454545454545454
2024-06-05,2024,walk_forward_validation,3,23,PLX|TCB|CTG,0.6666666666666666,0.4782608695652174,1.3939393939393938
2024-06-05,2024,walk_forward_validation,5,23,PLX|TCB|CTG|FPT|SSI,0.6,0.4782608695652174,1.2545454545454544
2024-06-05,2024,walk_forward_validation,8,23,PLX|TCB|CTG|FPT|SSI|MSN|HPG|GAS,0.375,0.4782608695652174,0.7840909090909091
2024-06-05,2024,walk_forward_validation,10,23,PLX|TCB|CTG|FPT|SSI|MSN|HPG|GAS|MBB|MWG,0.5,0.4782608695652174,1.0454545454545454
2024-06-06,2024,walk_forward_validation,2,23,TCB|PLX,0.5,0.34782608695652173,1.4375
2024-06-06,2024,walk_forward_validation,3,23,TCB|PLX|FPT,0.6666666666666666,0.34782608695652173,1.9166666666666665
2024-06-06,2024,walk_forward_validation,5,23,TCB|PLX|FPT|CTG|MSN,0.4,0.34782608695652173,1.1500000000000001
2024-06-06,2024,walk_forward_validation,8,23,TCB|PLX|FPT|CTG|MSN|SSI|HPG|GAS,0.25,0.34782608695652173,0.71875
2024-06-06,2024,walk_forward_validation,10,23,TCB|PLX|FPT|CTG|MSN|SSI|HPG|GAS|BVH|MBB,0.4,0.34782608695652173,1.1500000000000001
2024-06-07,2024,walk_forward_validation,2,23,TCB|FPT,0.5,0.391304347826087,1.2777777777777777
2024-06-07,2024,walk_forward_validation,3,23,TCB|FPT|CTG,0.6666666666666666,0.391304347826087,1.7037037037037035
2024-06-07,2024,walk_forward_validation,5,23,TCB|FPT|CTG|SSI|MSN,0.4,0.391304347826087,1.0222222222222221
2024-06-07,2024,walk_forward_validation,8,23,TCB|FPT|CTG|SSI|MSN|HPG|PLX|GAS,0.375,0.391304347826087,0.9583333333333333
2024-06-07,2024,walk_forward_validation,10,23,TCB|FPT|CTG|SSI|MSN|HPG|PLX|GAS|MBB|MWG,0.5,0.391304347826087,1.2777777777777777
2024-06-10,2024,walk_forward_validation,2,23,TCB|CTG,0.0,0.391304347826087,0.0
2024-06-10,2024,walk_forward_validation,3,23,TCB|CTG|FPT,0.3333333333333333,0.391304347826087,0.8518518518518517
2024-06-10,2024,walk_forward_validation,5,23,TCB|CTG|FPT|SSI|PLX,0.4,0.391304347826087,1.0222222222222221
2024-06-10,2024,walk_forward_validation,8,23,TCB|CTG|FPT|SSI|PLX|MBB|STB|HPG,0.375,0.391304347826087,0.9583333333333333
2024-06-10,2024,walk_forward_validation,10,23,TCB|CTG|FPT|SSI|PLX|MBB|STB|HPG|MWG|MSN,0.4,0.391304347826087,1.0222222222222221
2024-06-11,2024,walk_forward_validation,2,23,TCB|CTG,0.0,0.4782608695652174,0.0
2024-06-11,2024,walk_forward_validation,3,23,TCB|CTG|MWG,0.3333333333333333,0.4782608695652174,0.6969696969696969
2024-06-11,2024,walk_forward_validation,5,23,TCB|CTG|MWG|SSI|MBB,0.4,0.4782608695652174,0.8363636363636364
2024-06-11,2024,walk_forward_validation,8,23,TCB|CTG|MWG|SSI|MBB|FPT|GAS|STB,0.375,0.4782608695652174,0.7840909090909091
2024-06-11,2024,walk_forward_validation,10,23,TCB|CTG|MWG|SSI|MBB|FPT|GAS|STB|HPG|VPB,0.4,0.4782608695652174,0.8363636363636364
2024-06-12,2024,walk_forward_validation,2,23,TCB|HPG,0.0,0.4782608695652174,0.0
2024-06-12,2024,walk_forward_validation,3,23,TCB|HPG|CTG,0.0,0.4782608695652174,0.0
2024-06-12,2024,walk_forward_validation,5,23,TCB|HPG|CTG|SSI|PLX,0.2,0.4782608695652174,0.4181818181818182
2024-06-12,2024,walk_forward_validation,8,23,TCB|HPG|CTG|SSI|PLX|FPT|STB|GAS,0.25,0.4782608695652174,0.5227272727272727
2024-06-12,2024,walk_forward_validation,10,23,TCB|HPG|CTG|SSI|PLX|FPT|STB|GAS|MWG|MSN,0.3,0.4782608695652174,0.6272727272727272
2024-06-13,2024,walk_forward_validation,2,23,TCB|CTG,0.0,0.391304347826087,0.0
2024-06-13,2024,walk_forward_validation,3,23,TCB|CTG|STB,0.0,0.391304347826087,0.0
2024-06-13,2024,walk_forward_validation,5,23,TCB|CTG|STB|SSI|FPT,0.2,0.391304347826087,0.5111111111111111
2024-06-13,2024,walk_forward_validation,8,23,TCB|CTG|STB|SSI|FPT|MBB|HPG|VPB,0.125,0.391304347826087,0.3194444444444444
2024-06-13,2024,walk_forward_validation,10,23,TCB|CTG|STB|SSI|FPT|MBB|HPG|VPB|MWG|MSN,0.2,0.391304347826087,0.5111111111111111
2024-06-14,2024,walk_forward_validation,2,23,TCB|MBB,0.0,0.43478260869565216,0.0
2024-06-14,2024,walk_forward_validation,3,23,TCB|MBB|SSI,0.0,0.43478260869565216,0.0
2024-06-14,2024,walk_forward_validation,5,23,TCB|MBB|SSI|MSN|STB,0.0,0.43478260869565216,0.0
2024-06-14,2024,walk_forward_validation,8,23,TCB|MBB|SSI|MSN|STB|CTG|MWG|FPT,0.25,0.43478260869565216,0.5750000000000001
2024-06-14,2024,walk_forward_validation,10,23,TCB|MBB|SSI|MSN|STB|CTG|MWG|FPT|HPG|VPB,0.3,0.43478260869565216,0.69
2024-06-17,2024,walk_forward_validation,2,23,TCB|MBB,0.0,0.34782608695652173,0.0
2024-06-17,2024,walk_forward_validation,3,23,TCB|MBB|HPG,0.0,0.34782608695652173,0.0
2024-06-17,2024,walk_forward_validation,5,23,TCB|MBB|HPG|CTG|STB,0.0,0.34782608695652173,0.0
2024-06-17,2024,walk_forward_validation,8,23,TCB|MBB|HPG|CTG|STB|SSI|FPT|MSN,0.125,0.34782608695652173,0.359375
2024-06-17,2024,walk_forward_validation,10,23,TCB|MBB|HPG|CTG|STB|SSI|FPT|MSN|MWG|VPB,0.2,0.34782608695652173,0.5750000000000001
2024-06-18,2024,walk_forward_validation,2,23,TCB|MBB,0.5,0.5652173913043478,0.8846153846153847
2024-06-18,2024,walk_forward_validation,3,23,TCB|MBB|HPG,0.3333333333333333,0.5652173913043478,0.5897435897435898
2024-06-18,2024,walk_forward_validation,5,23,TCB|MBB|HPG|SSI|CTG,0.4,0.5652173913043478,0.7076923076923077
2024-06-18,2024,walk_forward_validation,8,23,TCB|MBB|HPG|SSI|CTG|STB|FPT|MWG,0.5,0.5652173913043478,0.8846153846153847
2024-06-18,2024,walk_forward_validation,10,23,TCB|MBB|HPG|SSI|CTG|STB|FPT|MWG|SAB|MSN,0.4,0.5652173913043478,0.7076923076923077
2024-06-19,2024,walk_forward_validation,2,23,SSI|MBB,0.5,0.5652173913043478,0.8846153846153847
2024-06-19,2024,walk_forward_validation,3,23,SSI|MBB|STB,0.3333333333333333,0.5652173913043478,0.5897435897435898
2024-06-19,2024,walk_forward_validation,5,23,SSI|MBB|STB|HPG|TCB,0.2,0.5652173913043478,0.35384615384615387
2024-06-19,2024,walk_forward_validation,8,23,SSI|MBB|STB|HPG|TCB|FPT|CTG|VPB,0.5,0.5652173913043478,0.8846153846153847
2024-06-19,2024,walk_forward_validation,10,23,SSI|MBB|STB|HPG|TCB|FPT|CTG|VPB|MWG|MSN,0.5,0.5652173913043478,0.8846153846153847
2024-06-20,2024,walk_forward_validation,2,23,MBB|SSI,0.5,0.5652173913043478,0.8846153846153847
2024-06-20,2024,walk_forward_validation,3,23,MBB|SSI|HPG,0.3333333333333333,0.5652173913043478,0.5897435897435898
2024-06-20,2024,walk_forward_validation,5,23,MBB|SSI|HPG|CTG|STB,0.6,0.5652173913043478,1.0615384615384615
2024-06-20,2024,walk_forward_validation,8,23,MBB|SSI|HPG|CTG|STB|MWG|TCB|MSN,0.5,0.5652173913043478,0.8846153846153847
2024-06-20,2024,walk_forward_validation,10,23,MBB|SSI|HPG|CTG|STB|MWG|TCB|MSN|FPT|VPB,0.4,0.5652173913043478,0.7076923076923077
2024-06-21,2024,walk_forward_validation,2,23,TCB|MBB,0.5,0.6086956521739131,0.8214285714285714
2024-06-21,2024,walk_forward_validation,3,23,TCB|MBB|SSI,0.3333333333333333,0.6086956521739131,0.5476190476190476
2024-06-21,2024,walk_forward_validation,5,23,TCB|MBB|SSI|STB|VPB,0.4,0.6086956521739131,0.6571428571428571
2024-06-21,2024,walk_forward_validation,8,23,TCB|MBB|SSI|STB|VPB|MWG|CTG|HPG,0.5,0.6086956521739131,0.8214285714285714
2024-06-21,2024,walk_forward_validation,10,23,TCB|MBB|SSI|STB|VPB|MWG|CTG|HPG|MSN|BVH,0.5,0.6086956521739131,0.8214285714285714
2024-06-24,2024,walk_forward_validation,2,23,VPB|MBB,0.5,0.6086956521739131,0.8214285714285714
2024-06-24,2024,walk_forward_validation,3,23,VPB|MBB|TCB,0.3333333333333333,0.6086956521739131,0.5476190476190476
2024-06-24,2024,walk_forward_validation,5,23,VPB|MBB|TCB|MWG|CTG,0.6,0.6086956521739131,0.9857142857142857
2024-06-24,2024,walk_forward_validation,8,23,VPB|MBB|TCB|MWG|CTG|HPG|STB|MSN,0.5,0.6086956521739131,0.8214285714285714
2024-06-24,2024,walk_forward_validation,10,23,VPB|MBB|TCB|MWG|CTG|HPG|STB|MSN|SSI|BVH,0.6,0.6086956521739131,0.9857142857142857
2024-06-25,2024,walk_forward_validation,2,23,MBB|VPB,0.5,0.5217391304347826,0.9583333333333334
2024-06-25,2024,walk_forward_validation,3,23,MBB|VPB|HPG,0.3333333333333333,0.5217391304347826,0.6388888888888888
2024-06-25,2024,walk_forward_validation,5,23,MBB|VPB|HPG|MWG|TCB,0.4,0.5217391304347826,0.7666666666666667
2024-06-25,2024,walk_forward_validation,8,23,MBB|VPB|HPG|MWG|TCB|STB|CTG|BVH,0.375,0.5217391304347826,0.71875
2024-06-25,2024,walk_forward_validation,10,23,MBB|VPB|HPG|MWG|TCB|STB|CTG|BVH|SSI|PLX,0.4,0.5217391304347826,0.7666666666666667
2024-06-26,2024,walk_forward_validation,2,23,HPG|VPB,0.0,0.5652173913043478,0.0
2024-06-26,2024,walk_forward_validation,3,23,HPG|VPB|MWG,0.3333333333333333,0.5652173913043478,0.5897435897435898
2024-06-26,2024,walk_forward_validation,5,23,HPG|VPB|MWG|CTG|MBB,0.6,0.5652173913043478,1.0615384615384615
2024-06-26,2024,walk_forward_validation,8,23,HPG|VPB|MWG|CTG|MBB|STB|TCB|BVH,0.5,0.5652173913043478,0.8846153846153847
2024-06-26,2024,walk_forward_validation,10,23,HPG|VPB|MWG|CTG|MBB|STB|TCB|BVH|PLX|MSN,0.5,0.5652173913043478,0.8846153846153847
2024-06-27,2024,walk_forward_validation,2,23,VPB|MWG,0.0,0.5217391304347826,0.0
2024-06-27,2024,walk_forward_validation,3,23,VPB|MWG|HPG,0.0,0.5217391304347826,0.0
2024-06-27,2024,walk_forward_validation,5,23,VPB|MWG|HPG|MBB|MSN,0.2,0.5217391304347826,0.38333333333333336
2024-06-27,2024,walk_forward_validation,8,23,VPB|MWG|HPG|MBB|MSN|STB|BVH|FPT,0.25,0.5217391304347826,0.4791666666666667
2024-06-27,2024,walk_forward_validation,10,23,VPB|MWG|HPG|MBB|MSN|STB|BVH|FPT|CTG|PLX,0.4,0.5217391304347826,0.7666666666666667
2024-06-28,2024,walk_forward_validation,2,23,VPB|BVH,0.0,0.5217391304347826,0.0
2024-06-28,2024,walk_forward_validation,3,23,VPB|BVH|MWG,0.0,0.5217391304347826,0.0
2024-06-28,2024,walk_forward_validation,5,23,VPB|BVH|MWG|FPT|PLX,0.2,0.5217391304347826,0.38333333333333336
2024-06-28,2024,walk_forward_validation,8,23,VPB|BVH|MWG|FPT|PLX|MSN|MBB|STB,0.375,0.5217391304347826,0.71875
2024-06-28,2024,walk_forward_validation,10,23,VPB|BVH|MWG|FPT|PLX|MSN|MBB|STB|HPG|HDB,0.4,0.5217391304347826,0.7666666666666667
2024-07-01,2024,walk_forward_validation,2,23,VPB|BVH,0.0,0.4782608695652174,0.0
2024-07-01,2024,walk_forward_validation,3,23,VPB|BVH|CTG,0.3333333333333333,0.4782608695652174,0.6969696969696969
2024-07-01,2024,walk_forward_validation,5,23,VPB|BVH|CTG|FPT|MSN,0.4,0.4782608695652174,0.8363636363636364
2024-07-01,2024,walk_forward_validation,8,23,VPB|BVH|CTG|FPT|MSN|MWG|MBB|VRE,0.375,0.4782608695652174,0.7840909090909091
2024-07-01,2024,walk_forward_validation,10,23,VPB|BVH|CTG|FPT|MSN|MWG|MBB|VRE|STB|PLX,0.4,0.4782608695652174,0.8363636363636364
2024-07-02,2024,walk_forward_validation,2,23,MWG|BVH,0.0,0.5217391304347826,0.0
2024-07-02,2024,walk_forward_validation,3,23,MWG|BVH|VPB,0.0,0.5217391304347826,0.0
2024-07-02,2024,walk_forward_validation,5,23,MWG|BVH|VPB|MBB|MSN,0.2,0.5217391304347826,0.38333333333333336
2024-07-02,2024,walk_forward_validation,8,23,MWG|BVH|VPB|MBB|MSN|CTG|VRE|HDB,0.375,0.5217391304347826,0.71875
2024-07-02,2024,walk_forward_validation,10,23,MWG|BVH|VPB|MBB|MSN|CTG|VRE|HDB|FPT|VCB,0.5,0.5217391304347826,0.9583333333333334
2024-07-03,2024,walk_forward_validation,2,23,MWG|BVH,0.0,0.5652173913043478,0.0
2024-07-03,2024,walk_forward_validation,3,23,MWG|BVH|CTG,0.3333333333333333,0.5652173913043478,0.5897435897435898
2024-07-03,2024,walk_forward_validation,5,23,MWG|BVH|CTG|HDB|MBB,0.6,0.5652173913043478,1.0615384615384615
2024-07-03,2024,walk_forward_validation,8,23,MWG|BVH|CTG|HDB|MBB|MSN|STB|VPB,0.5,0.5652173913043478,0.8846153846153847
2024-07-03,2024,walk_forward_validation,10,23,MWG|BVH|CTG|HDB|MBB|MSN|STB|VPB|PLX|VCB,0.6,0.5652173913043478,1.0615384615384615
2024-07-04,2024,walk_forward_validation,2,23,BVH|CTG,0.5,0.5217391304347826,0.9583333333333334
2024-07-04,2024,walk_forward_validation,3,23,BVH|CTG|MWG,0.3333333333333333,0.5217391304347826,0.6388888888888888
2024-07-04,2024,walk_forward_validation,5,23,BVH|CTG|MWG|HDB|MSN,0.4,0.5217391304347826,0.7666666666666667
2024-07-04,2024,walk_forward_validation,8,23,BVH|CTG|MWG|HDB|MSN|VPB|MBB|BID,0.625,0.5217391304347826,1.1979166666666667
2024-07-04,2024,walk_forward_validation,10,23,BVH|CTG|MWG|HDB|MSN|VPB|MBB|BID|FPT|VNM,0.6,0.5217391304347826,1.15
2024-07-05,2024,walk_forward_validation,2,23,CTG|HDB,1.0,0.5217391304347826,1.9166666666666667
2024-07-05,2024,walk_forward_validation,3,23,CTG|HDB|MWG,0.6666666666666666,0.5217391304347826,1.2777777777777777
2024-07-05,2024,walk_forward_validation,5,23,CTG|HDB|MWG|BVH|VPB,0.6,0.5217391304347826,1.15
2024-07-05,2024,walk_forward_validation,8,23,CTG|HDB|MWG|BVH|VPB|MSN|VNM|MBB,0.625,0.5217391304347826,1.1979166666666667
2024-07-05,2024,walk_forward_validation,10,23,CTG|HDB|MWG|BVH|VPB|MSN|VNM|MBB|PLX|FPT,0.6,0.5217391304347826,1.15
2024-07-08,2024,walk_forward_validation,2,23,VNM|HDB,1.0,0.4782608695652174,2.090909090909091
2024-07-08,2024,walk_forward_validation,3,23,VNM|HDB|MWG,0.6666666666666666,0.4782608695652174,1.3939393939393938
2024-07-08,2024,walk_forward_validation,5,23,VNM|HDB|MWG|BVH|CTG,0.4,0.4782608695652174,0.8363636363636364
2024-07-08,2024,walk_forward_validation,8,23,VNM|HDB|MWG|BVH|CTG|MSN|VPB|MBB,0.5,0.4782608695652174,1.0454545454545454
2024-07-08,2024,walk_forward_validation,10,23,VNM|HDB|MWG|BVH|CTG|MSN|VPB|MBB|GAS|FPT,0.5,0.4782608695652174,1.0454545454545454
2024-07-09,2024,walk_forward_validation,2,23,MWG|MBB,0.5,0.5652173913043478,0.8846153846153847
2024-07-09,2024,walk_forward_validation,3,23,MWG|MBB|HDB,0.6666666666666666,0.5652173913043478,1.1794871794871795
2024-07-09,2024,walk_forward_validation,5,23,MWG|MBB|HDB|BVH|CTG,0.4,0.5652173913043478,0.7076923076923077
2024-07-09,2024,walk_forward_validation,8,23,MWG|MBB|HDB|BVH|CTG|VNM|FPT|MSN,0.5,0.5652173913043478,0.8846153846153847
2024-07-09,2024,walk_forward_validation,10,23,MWG|MBB|HDB|BVH|CTG|VNM|FPT|MSN|VPB|PLX,0.6,0.5652173913043478,1.0615384615384615
2024-07-10,2024,walk_forward_validation,2,23,HDB|MBB,1.0,0.5652173913043478,1.7692307692307694
2024-07-10,2024,walk_forward_validation,3,23,HDB|MBB|MSN,1.0,0.5652173913043478,1.7692307692307694
2024-07-10,2024,walk_forward_validation,5,23,HDB|MBB|MSN|MWG|BVH,0.8,0.5652173913043478,1.4153846153846155
2024-07-10,2024,walk_forward_validation,8,23,HDB|MBB|MSN|MWG|BVH|FPT|VPB|VCB,0.625,0.5652173913043478,1.1057692307692308
2024-07-10,2024,walk_forward_validation,10,23,HDB|MBB|MSN|MWG|BVH|FPT|VPB|VCB|CTG|BID,0.6,0.5652173913043478,1.0615384615384615
2024-07-11,2024,walk_forward_validation,2,23,MBB|HDB,1.0,0.5652173913043478,1.7692307692307694
2024-07-11,2024,walk_forward_validation,3,23,MBB|HDB|MWG,1.0,0.5652173913043478,1.7692307692307694
2024-07-11,2024,walk_forward_validation,5,23,MBB|HDB|MWG|BVH|FPT,0.6,0.5652173913043478,1.0615384615384615
2024-07-11,2024,walk_forward_validation,8,23,MBB|HDB|MWG|BVH|FPT|VPB|HPG|BID,0.5,0.5652173913043478,0.8846153846153847
2024-07-11,2024,walk_forward_validation,10,23,MBB|HDB|MWG|BVH|FPT|VPB|HPG|BID|VCB|PLX,0.6,0.5652173913043478,1.0615384615384615
2024-07-12,2024,walk_forward_validation,2,23,HDB|FPT,0.5,0.6521739130434783,0.7666666666666666
2024-07-12,2024,walk_forward_validation,3,23,HDB|FPT|MWG,0.6666666666666666,0.6521739130434783,1.0222222222222221
2024-07-12,2024,walk_forward_validation,5,23,HDB|FPT|MWG|MBB|VPB,0.6,0.6521739130434783,0.9199999999999999
2024-07-12,2024,walk_forward_validation,8,23,HDB|FPT|MWG|MBB|VPB|BVH|VHM|BID,0.625,0.6521739130434783,0.9583333333333334
2024-07-12,2024,walk_forward_validation,10,23,HDB|FPT|MWG|MBB|VPB|BVH|VHM|BID|STB|CTG,0.7,0.6521739130434783,1.0733333333333333
2024-07-15,2024,walk_forward_validation,2,23,HDB|FPT,1.0,0.6956521739130435,1.4375
2024-07-15,2024,walk_forward_validation,3,23,HDB|FPT|MWG,1.0,0.6956521739130435,1.4375
2024-07-15,2024,walk_forward_validation,5,23,HDB|FPT|MWG|VJC|MBB,1.0,0.6956521739130435,1.4375
2024-07-15,2024,walk_forward_validation,8,23,HDB|FPT|MWG|VJC|MBB|BVH|GAS|BID,0.875,0.6956521739130435,1.2578125
2024-07-15,2024,walk_forward_validation,10,23,HDB|FPT|MWG|VJC|MBB|BVH|GAS|BID|VPB|CTG,0.9,0.6956521739130435,1.2937500000000002
2024-07-16,2024,walk_forward_validation,2,23,HDB|FPT,1.0,0.6521739130434783,1.5333333333333332
2024-07-16,2024,walk_forward_validation,3,23,HDB|FPT|VJC,1.0,0.6521739130434783,1.5333333333333332
2024-07-16,2024,walk_forward_validation,5,23,HDB|FPT|VJC|BVH|MBB,0.8,0.6521739130434783,1.2266666666666668
2024-07-16,2024,walk_forward_validation,8,23,HDB|FPT|VJC|BVH|MBB|MWG|CTG|BID,0.875,0.6521739130434783,1.3416666666666666
2024-07-16,2024,walk_forward_validation,10,23,HDB|FPT|VJC|BVH|MBB|MWG|CTG|BID|VPB|STB,0.8,0.6521739130434783,1.2266666666666668
2024-07-17,2024,walk_forward_validation,2,23,VJC|HDB,1.0,0.5652173913043478,1.7692307692307694
2024-07-17,2024,walk_forward_validation,3,23,VJC|HDB|CTG,0.6666666666666666,0.5652173913043478,1.1794871794871795
2024-07-17,2024,walk_forward_validation,5,23,VJC|HDB|CTG|STB|BVH,0.4,0.5652173913043478,0.7076923076923077
2024-07-17,2024,walk_forward_validation,8,23,VJC|HDB|CTG|STB|BVH|BID|PLX|FPT,0.625,0.5652173913043478,1.1057692307692308
2024-07-17,2024,walk_forward_validation,10,23,VJC|HDB|CTG|STB|BVH|BID|PLX|FPT|MBB|VPB,0.5,0.5652173913043478,0.8846153846153847
2024-07-18,2024,walk_forward_validation,2,23,CTG|VJC,0.5,0.5652173913043478,0.8846153846153847
2024-07-18,2024,walk_forward_validation,3,23,CTG|VJC|HDB,0.6666666666666666,0.5652173913043478,1.1794871794871795
2024-07-18,2024,walk_forward_validation,5,23,CTG|VJC|HDB|MBB|STB,0.4,0.5652173913043478,0.7076923076923077
2024-07-18,2024,walk_forward_validation,8,23,CTG|VJC|HDB|MBB|STB|BVH|BID|MWG,0.5,0.5652173913043478,0.8846153846153847
2024-07-18,2024,walk_forward_validation,10,23,CTG|VJC|HDB|MBB|STB|BVH|BID|MWG|VPB|VCB,0.5,0.5652173913043478,0.8846153846153847
2024-07-19,2024,walk_forward_validation,2,23,VJC|CTG,0.5,0.6086956521739131,0.8214285714285714
2024-07-19,2024,walk_forward_validation,3,23,VJC|CTG|MWG,0.6666666666666666,0.6086956521739131,1.0952380952380951
2024-07-19,2024,walk_forward_validation,5,23,VJC|CTG|MWG|HDB|STB,0.6,0.6086956521739131,0.9857142857142857
2024-07-19,2024,walk_forward_validation,8,23,VJC|CTG|MWG|HDB|STB|BID|PLX|BVH,0.625,0.6086956521739131,1.0267857142857142
2024-07-19,2024,walk_forward_validation,10,23,VJC|CTG|MWG|HDB|STB|BID|PLX|BVH|MBB|SSI,0.5,0.6086956521739131,0.8214285714285714
2024-07-22,2024,walk_forward_validation,2,23,VJC|STB,0.0,0.4782608695652174,0.0
2024-07-22,2024,walk_forward_validation,3,23,VJC|STB|CTG,0.0,0.4782608695652174,0.0
2024-07-22,2024,walk_forward_validation,5,23,VJC|STB|CTG|PLX|MWG,0.4,0.4782608695652174,0.8363636363636364
2024-07-22,2024,walk_forward_validation,8,23,VJC|STB|CTG|PLX|MWG|MBB|HDB|BVH,0.375,0.4782608695652174,0.7840909090909091
2024-07-22,2024,walk_forward_validation,10,23,VJC|STB|CTG|PLX|MWG|MBB|HDB|BVH|BID|SSI,0.3,0.4782608695652174,0.6272727272727272
2024-07-23,2024,walk_forward_validation,2,23,VJC|CTG,0.0,0.5217391304347826,0.0
2024-07-23,2024,walk_forward_validation,3,23,VJC|CTG|PLX,0.3333333333333333,0.5217391304347826,0.6388888888888888
2024-07-23,2024,walk_forward_validation,5,23,VJC|CTG|PLX|HDB|POW,0.6,0.5217391304347826,1.15
2024-07-23,2024,walk_forward_validation,8,23,VJC|CTG|PLX|HDB|POW|MBB|MWG|BID,0.625,0.5217391304347826,1.1979166666666667
2024-07-23,2024,walk_forward_validation,10,23,VJC|CTG|PLX|HDB|POW|MBB|MWG|BID|STB|BVH,0.5,0.5217391304347826,0.9583333333333334
2024-07-24,2024,walk_forward_validation,2,23,VJC|MBB,0.0,0.6086956521739131,0.0
2024-07-24,2024,walk_forward_validation,3,23,VJC|MBB|HDB,0.3333333333333333,0.6086956521739131,0.5476190476190476
2024-07-24,2024,walk_forward_validation,5,23,VJC|MBB|HDB|CTG|BID,0.6,0.6086956521739131,0.9857142857142857
2024-07-24,2024,walk_forward_validation,8,23,VJC|MBB|HDB|CTG|BID|PLX|POW|VPB,0.625,0.6086956521739131,1.0267857142857142
2024-07-24,2024,walk_forward_validation,10,23,VJC|MBB|HDB|CTG|BID|PLX|POW|VPB|STB|VCB,0.6,0.6086956521739131,0.9857142857142857
2024-07-25,2024,walk_forward_validation,2,23,VJC|MBB,0.0,0.5652173913043478,0.0
2024-07-25,2024,walk_forward_validation,3,23,VJC|MBB|HDB,0.3333333333333333,0.5652173913043478,0.5897435897435898
2024-07-25,2024,walk_forward_validation,5,23,VJC|MBB|HDB|PLX|POW,0.6,0.5652173913043478,1.0615384615384615
2024-07-25,2024,walk_forward_validation,8,23,VJC|MBB|HDB|PLX|POW|BID|STB|CTG,0.625,0.5652173913043478,1.1057692307692308
2024-07-25,2024,walk_forward_validation,10,23,VJC|MBB|HDB|PLX|POW|BID|STB|CTG|VPB|VCB,0.6,0.5652173913043478,1.0615384615384615
2024-07-26,2024,walk_forward_validation,2,23,VJC|HDB,0.5,0.5217391304347826,0.9583333333333334
2024-07-26,2024,walk_forward_validation,3,23,VJC|HDB|MBB,0.3333333333333333,0.5217391304347826,0.6388888888888888
2024-07-26,2024,walk_forward_validation,5,23,VJC|HDB|MBB|STB|CTG,0.4,0.5217391304347826,0.7666666666666667
2024-07-26,2024,walk_forward_validation,8,23,VJC|HDB|MBB|STB|CTG|VIC|MSN|POW,0.375,0.5217391304347826,0.71875
2024-07-26,2024,walk_forward_validation,10,23,VJC|HDB|MBB|STB|CTG|VIC|MSN|POW|BID|PLX,0.4,0.5217391304347826,0.7666666666666667
2024-07-29,2024,walk_forward_validation,2,23,HDB|MBB,0.5,0.6086956521739131,0.8214285714285714
2024-07-29,2024,walk_forward_validation,3,23,HDB|MBB|VNM,0.6666666666666666,0.6086956521739131,1.0952380952380951
2024-07-29,2024,walk_forward_validation,5,23,HDB|MBB|VNM|POW|VJC,0.4,0.6086956521739131,0.6571428571428571
2024-07-29,2024,walk_forward_validation,8,23,HDB|MBB|VNM|POW|VJC|STB|CTG|MSN,0.5,0.6086956521739131,0.8214285714285714
2024-07-29,2024,walk_forward_validation,10,23,HDB|MBB|VNM|POW|VJC|STB|CTG|MSN|BID|PLX,0.5,0.6086956521739131,0.8214285714285714
2024-07-30,2024,walk_forward_validation,2,23,HDB|VNM,1.0,0.6956521739130435,1.4375
2024-07-30,2024,walk_forward_validation,3,23,HDB|VNM|BID,1.0,0.6956521739130435,1.4375
2024-07-30,2024,walk_forward_validation,5,23,HDB|VNM|BID|VIC|MSN,1.0,0.6956521739130435,1.4375
2024-07-30,2024,walk_forward_validation,8,23,HDB|VNM|BID|VIC|MSN|MBB|VPB|POW,0.625,0.6956521739130435,0.8984375
2024-07-30,2024,walk_forward_validation,10,23,HDB|VNM|BID|VIC|MSN|MBB|VPB|POW|VJC|PLX,0.6,0.6956521739130435,0.8625
2024-07-31,2024,walk_forward_validation,2,23,HDB|VCB,0.5,0.6521739130434783,0.7666666666666666
2024-07-31,2024,walk_forward_validation,3,23,HDB|VCB|VPB,0.3333333333333333,0.6521739130434783,0.5111111111111111
2024-07-31,2024,walk_forward_validation,5,23,HDB|VCB|VPB|VIC|BID,0.6,0.6521739130434783,0.9199999999999999
2024-07-31,2024,walk_forward_validation,8,23,HDB|VCB|VPB|VIC|BID|GAS|POW|MBB,0.5,0.6521739130434783,0.7666666666666666
2024-07-31,2024,walk_forward_validation,10,23,HDB|VCB|VPB|VIC|BID|GAS|POW|MBB|VJC|PLX,0.5,0.6521739130434783,0.7666666666666666
2024-08-01,2024,walk_forward_validation,2,23,HDB|VPB,0.5,0.6956521739130435,0.71875
2024-08-01,2024,walk_forward_validation,3,23,HDB|VPB|VCB,0.3333333333333333,0.6956521739130435,0.47916666666666663
2024-08-01,2024,walk_forward_validation,5,23,HDB|VPB|VCB|PLX|GAS,0.6,0.6956521739130435,0.8625
2024-08-01,2024,walk_forward_validation,8,23,HDB|VPB|VCB|PLX|GAS|POW|BID|VNM,0.625,0.6956521739130435,0.8984375
2024-08-01,2024,walk_forward_validation,10,23,HDB|VPB|VCB|PLX|GAS|POW|BID|VNM|MBB|VIC,0.7,0.6956521739130435,1.0062499999999999
2024-08-02,2024,walk_forward_validation,2,23,HDB|VPB,0.5,0.6086956521739131,0.8214285714285714
2024-08-02,2024,walk_forward_validation,3,23,HDB|VPB|POW,0.3333333333333333,0.6086956521739131,0.5476190476190476
2024-08-02,2024,walk_forward_validation,5,23,HDB|VPB|POW|GAS|BID,0.4,0.6086956521739131,0.6571428571428571
2024-08-02,2024,walk_forward_validation,8,23,HDB|VPB|POW|GAS|BID|PLX|VIC|MBB,0.5,0.6086956521739131,0.8214285714285714
2024-08-02,2024,walk_forward_validation,10,23,HDB|VPB|POW|GAS|BID|PLX|VIC|MBB|VNM|VCB,0.4,0.6086956521739131,0.6571428571428571
2024-08-05,2024,walk_forward_validation,2,23,POW|PLX,0.0,0.43478260869565216,0.0
2024-08-05,2024,walk_forward_validation,3,23,POW|PLX|HDB,0.3333333333333333,0.43478260869565216,0.7666666666666666
2024-08-05,2024,walk_forward_validation,5,23,POW|PLX|HDB|BID|VPB,0.2,0.43478260869565216,0.46
2024-08-05,2024,walk_forward_validation,8,23,POW|PLX|HDB|BID|VPB|VNM|MSN|MBB,0.125,0.43478260869565216,0.28750000000000003
2024-08-05,2024,walk_forward_validation,10,23,POW|PLX|HDB|BID|VPB|VNM|MSN|MBB|FPT|VRE,0.3,0.43478260869565216,0.69
2024-08-06,2024,walk_forward_validation,2,23,POW|HDB,0.5,0.4782608695652174,1.0454545454545454
2024-08-06,2024,walk_forward_validation,3,23,POW|HDB|PLX,0.3333333333333333,0.4782608695652174,0.6969696969696969
2024-08-06,2024,walk_forward_validation,5,23,POW|HDB|PLX|BID|MSN,0.2,0.4782608695652174,0.4181818181818182
2024-08-06,2024,walk_forward_validation,8,23,POW|HDB|PLX|BID|MSN|VPB|STB|MBB,0.125,0.4782608695652174,0.26136363636363635
2024-08-06,2024,walk_forward_validation,10,23,POW|HDB|PLX|BID|MSN|VPB|STB|MBB|MWG|BVH,0.3,0.4782608695652174,0.6272727272727272
2024-08-07,2024,walk_forward_validation,2,23,POW|HDB,0.5,0.5652173913043478,0.8846153846153847
2024-08-07,2024,walk_forward_validation,3,23,POW|HDB|GAS,0.6666666666666666,0.5652173913043478,1.1794871794871795
2024-08-07,2024,walk_forward_validation,5,23,POW|HDB|GAS|STB|PLX,0.6,0.5652173913043478,1.0615384615384615
2024-08-07,2024,walk_forward_validation,8,23,POW|HDB|GAS|STB|PLX|MSN|BID|MWG,0.625,0.5652173913043478,1.1057692307692308
2024-08-07,2024,walk_forward_validation,10,23,POW|HDB|GAS|STB|PLX|MSN|BID|MWG|VPB|MBB,0.5,0.5652173913043478,0.8846153846153847
2024-08-08,2024,walk_forward_validation,2,23,HDB|PLX,0.5,0.43478260869565216,1.1500000000000001
2024-08-08,2024,walk_forward_validation,3,23,HDB|PLX|POW,0.3333333333333333,0.43478260869565216,0.7666666666666666
2024-08-08,2024,walk_forward_validation,5,23,HDB|PLX|POW|STB|GAS,0.2,0.43478260869565216,0.46
2024-08-08,2024,walk_forward_validation,8,23,HDB|PLX|POW|STB|GAS|VNM|MWG|MSN,0.25,0.43478260869565216,0.5750000000000001
2024-08-08,2024,walk_forward_validation,10,23,HDB|PLX|POW|STB|GAS|VNM|MWG|MSN|VIC|BID,0.3,0.43478260869565216,0.69
2024-08-09,2024,walk_forward_validation,2,23,HDB|GAS,1.0,0.5217391304347826,1.9166666666666667
2024-08-09,2024,walk_forward_validation,3,23,HDB|GAS|MSN,0.6666666666666666,0.5217391304347826,1.2777777777777777
2024-08-09,2024,walk_forward_validation,5,23,HDB|GAS|MSN|POW|PLX,0.4,0.5217391304347826,0.7666666666666667
2024-08-09,2024,walk_forward_validation,8,23,HDB|GAS|MSN|POW|PLX|BID|STB|MWG,0.5,0.5217391304347826,0.9583333333333334
2024-08-09,2024,walk_forward_validation,10,23,HDB|GAS|MSN|POW|PLX|BID|STB|MWG|VNM|MBB,0.4,0.5217391304347826,0.7666666666666667
2024-08-12,2024,walk_forward_validation,2,23,GAS|HDB,0.5,0.43478260869565216,1.1500000000000001
2024-08-12,2024,walk_forward_validation,3,23,GAS|HDB|MSN,0.3333333333333333,0.43478260869565216,0.7666666666666666
2024-08-12,2024,walk_forward_validation,5,23,GAS|HDB|MSN|MWG|STB,0.2,0.43478260869565216,0.46
2024-08-12,2024,walk_forward_validation,8,23,GAS|HDB|MSN|MWG|STB|POW|PLX|BID,0.25,0.43478260869565216,0.5750000000000001
2024-08-12,2024,walk_forward_validation,10,23,GAS|HDB|MSN|MWG|STB|POW|PLX|BID|VNM|CTG,0.4,0.43478260869565216,0.92
2024-08-13,2024,walk_forward_validation,2,23,HDB|MWG,0.0,0.34782608695652173,0.0
2024-08-13,2024,walk_forward_validation,3,23,HDB|MWG|STB,0.0,0.34782608695652173,0.0
2024-08-13,2024,walk_forward_validation,5,23,HDB|MWG|STB|GAS|MSN,0.2,0.34782608695652173,0.5750000000000001
2024-08-13,2024,walk_forward_validation,8,23,HDB|MWG|STB|GAS|MSN|POW|PLX|CTG,0.25,0.34782608695652173,0.71875
2024-08-13,2024,walk_forward_validation,10,23,HDB|MWG|STB|GAS|MSN|POW|PLX|CTG|VNM|BID,0.3,0.34782608695652173,0.8625
2024-08-14,2024,walk_forward_validation,2,23,HDB|GAS,0.5,0.6086956521739131,0.8214285714285714
2024-08-14,2024,walk_forward_validation,3,23,HDB|GAS|STB,0.6666666666666666,0.6086956521739131,1.0952380952380951
2024-08-14,2024,walk_forward_validation,5,23,HDB|GAS|STB|MWG|BID,0.6,0.6086956521739131,0.9857142857142857
2024-08-14,2024,walk_forward_validation,8,23,HDB|GAS|STB|MWG|BID|SAB|VNM|FPT,0.5,0.6086956521739131,0.8214285714285714
2024-08-14,2024,walk_forward_validation,10,23,HDB|GAS|STB|MWG|BID|SAB|VNM|FPT|PLX|POW,0.4,0.6086956521739131,0.6571428571428571
2024-08-15,2024,walk_forward_validation,2,23,HDB|MSN,0.0,0.5217391304347826,0.0
2024-08-15,2024,walk_forward_validation,3,23,HDB|MSN|GAS,0.0,0.5217391304347826,0.0
2024-08-15,2024,walk_forward_validation,5,23,HDB|MSN|GAS|SAB|PLX,0.0,0.5217391304347826,0.0
2024-08-15,2024,walk_forward_validation,8,23,HDB|MSN|GAS|SAB|PLX|POW|MWG|STB,0.125,0.5217391304347826,0.23958333333333334
2024-08-15,2024,walk_forward_validation,10,23,HDB|MSN|GAS|SAB|PLX|POW|MWG|STB|BID|CTG,0.3,0.5217391304347826,0.575
2024-08-16,2024,walk_forward_validation,2,23,HDB|GAS,0.0,0.4782608695652174,0.0
2024-08-16,2024,walk_forward_validation,3,23,HDB|GAS|FPT,0.3333333333333333,0.4782608695652174,0.6969696969696969
2024-08-16,2024,walk_forward_validation,5,23,HDB|GAS|FPT|SAB|MWG,0.2,0.4782608695652174,0.4181818181818182
2024-08-16,2024,walk_forward_validation,8,23,HDB|GAS|FPT|SAB|MWG|CTG|STB|MSN,0.375,0.4782608695652174,0.7840909090909091
2024-08-16,2024,walk_forward_validation,10,23,HDB|GAS|FPT|SAB|MWG|CTG|STB|MSN|VNM|PLX,0.3,0.4782608695652174,0.6272727272727272
2024-08-19,2024,walk_forward_validation,2,23,HDB|MWG,0.0,0.5217391304347826,0.0
2024-08-19,2024,walk_forward_validation,3,23,HDB|MWG|PLX,0.0,0.5217391304347826,0.0
2024-08-19,2024,walk_forward_validation,5,23,HDB|MWG|PLX|SAB|GAS,0.0,0.5217391304347826,0.0
2024-08-19,2024,walk_forward_validation,8,23,HDB|MWG|PLX|SAB|GAS|MSN|BID|FPT,0.25,0.5217391304347826,0.4791666666666667
2024-08-19,2024,walk_forward_validation,10,23,HDB|MWG|PLX|SAB|GAS|MSN|BID|FPT|STB|SSI,0.4,0.5217391304347826,0.7666666666666667
2024-08-20,2024,walk_forward_validation,2,23,HDB|MWG,0.5,0.5652173913043478,0.8846153846153847
2024-08-20,2024,walk_forward_validation,3,23,HDB|MWG|GAS,0.3333333333333333,0.5652173913043478,0.5897435897435898
2024-08-20,2024,walk_forward_validation,5,23,HDB|MWG|GAS|SAB|BID,0.4,0.5652173913043478,0.7076923076923077
2024-08-20,2024,walk_forward_validation,8,23,HDB|MWG|GAS|SAB|BID|CTG|VNM|STB,0.5,0.5652173913043478,0.8846153846153847
2024-08-20,2024,walk_forward_validation,10,23,HDB|MWG|GAS|SAB|BID|CTG|VNM|STB|PLX|MSN,0.4,0.5652173913043478,0.7076923076923077
2024-08-21,2024,walk_forward_validation,2,23,GAS|MWG,0.0,0.5652173913043478,0.0
2024-08-21,2024,walk_forward_validation,3,23,GAS|MWG|HDB,0.3333333333333333,0.5652173913043478,0.5897435897435898
2024-08-21,2024,walk_forward_validation,5,23,GAS|MWG|HDB|BID|STB,0.4,0.5652173913043478,0.7076923076923077
2024-08-21,2024,walk_forward_validation,8,23,GAS|MWG|HDB|BID|STB|VCB|SAB|MSN,0.375,0.5652173913043478,0.6634615384615385
2024-08-21,2024,walk_forward_validation,10,23,GAS|MWG|HDB|BID|STB|VCB|SAB|MSN|CTG|FPT,0.5,0.5652173913043478,0.8846153846153847
2024-08-22,2024,walk_forward_validation,2,23,CTG|HDB,1.0,0.5652173913043478,1.7692307692307694
2024-08-22,2024,walk_forward_validation,3,23,CTG|HDB|MWG,0.6666666666666666,0.5652173913043478,1.1794871794871795
2024-08-22,2024,walk_forward_validation,5,23,CTG|HDB|MWG|GAS|BID,0.4,0.5652173913043478,0.7076923076923077
2024-08-22,2024,walk_forward_validation,8,23,CTG|HDB|MWG|GAS|BID|STB|FPT|VCB,0.5,0.5652173913043478,0.8846153846153847
2024-08-22,2024,walk_forward_validation,10,23,CTG|HDB|MWG|GAS|BID|STB|FPT|VCB|MSN|SAB,0.5,0.5652173913043478,0.8846153846153847
2024-08-23,2024,walk_forward_validation,2,23,HDB|CTG,1.0,0.5217391304347826,1.9166666666666667
2024-08-23,2024,walk_forward_validation,3,23,HDB|CTG|BID,0.6666666666666666,0.5217391304347826,1.2777777777777777
2024-08-23,2024,walk_forward_validation,5,23,HDB|CTG|BID|MWG|GAS,0.4,0.5217391304347826,0.7666666666666667
2024-08-23,2024,walk_forward_validation,8,23,HDB|CTG|BID|MWG|GAS|STB|MSN|VCB,0.375,0.5217391304347826,0.71875
2024-08-23,2024,walk_forward_validation,10,23,HDB|CTG|BID|MWG|GAS|STB|MSN|VCB|FPT|SSI,0.5,0.5217391304347826,0.9583333333333334
2024-08-26,2024,walk_forward_validation,2,23,MWG|HDB,0.0,0.5217391304347826,0.0
2024-08-26,2024,walk_forward_validation,3,23,MWG|HDB|BID,0.0,0.5217391304347826,0.0
2024-08-26,2024,walk_forward_validation,5,23,MWG|HDB|BID|CTG|GAS,0.2,0.5217391304347826,0.38333333333333336
2024-08-26,2024,walk_forward_validation,8,23,MWG|HDB|BID|CTG|GAS|BVH|VPB|SSI,0.375,0.5217391304347826,0.71875
2024-08-26,2024,walk_forward_validation,10,23,MWG|HDB|BID|CTG|GAS|BVH|VPB|SSI|VHM|STB,0.5,0.5217391304347826,0.9583333333333334
2024-08-27,2024,walk_forward_validation,2,23,CTG|MWG,0.5,0.5652173913043478,0.8846153846153847
2024-08-27,2024,walk_forward_validation,3,23,CTG|MWG|HDB,0.6666666666666666,0.5652173913043478,1.1794871794871795
2024-08-27,2024,walk_forward_validation,5,23,CTG|MWG|HDB|VPB|BID,0.6,0.5652173913043478,1.0615384615384615
2024-08-27,2024,walk_forward_validation,8,23,CTG|MWG|HDB|VPB|BID|BVH|GAS|VCB,0.5,0.5652173913043478,0.8846153846153847
2024-08-27,2024,walk_forward_validation,10,23,CTG|MWG|HDB|VPB|BID|BVH|GAS|VCB|VHM|SAB,0.6,0.5652173913043478,1.0615384615384615
2024-08-28,2024,walk_forward_validation,2,23,CTG|MWG,0.5,0.5652173913043478,0.8846153846153847
2024-08-28,2024,walk_forward_validation,3,23,CTG|MWG|BID,0.6666666666666666,0.5652173913043478,1.1794871794871795
2024-08-28,2024,walk_forward_validation,5,23,CTG|MWG|BID|GAS|HDB,0.6,0.5652173913043478,1.0615384615384615
2024-08-28,2024,walk_forward_validation,8,23,CTG|MWG|BID|GAS|HDB|VPB|SSI|FPT,0.625,0.5652173913043478,1.1057692307692308
2024-08-28,2024,walk_forward_validation,10,23,CTG|MWG|BID|GAS|HDB|VPB|SSI|FPT|VHM|VIC,0.6,0.5652173913043478,1.0615384615384615
2024-08-29,2024,walk_forward_validation,2,23,CTG|MWG,0.5,0.5652173913043478,0.8846153846153847
2024-08-29,2024,walk_forward_validation,3,23,CTG|MWG|HDB,0.6666666666666666,0.5652173913043478,1.1794871794871795
2024-08-29,2024,walk_forward_validation,5,23,CTG|MWG|HDB|FPT|MBB,0.8,0.5652173913043478,1.4153846153846155
2024-08-29,2024,walk_forward_validation,8,23,CTG|MWG|HDB|FPT|MBB|STB|VPB|SSI,0.875,0.5652173913043478,1.5480769230769231
2024-08-29,2024,walk_forward_validation,10,23,CTG|MWG|HDB|FPT|MBB|STB|VPB|SSI|BID|VHM,0.9,0.5652173913043478,1.5923076923076924
2024-08-30,2024,walk_forward_validation,2,23,CTG|HDB,1.0,0.5217391304347826,1.9166666666666667
2024-08-30,2024,walk_forward_validation,3,23,CTG|HDB|MWG,0.6666666666666666,0.5217391304347826,1.2777777777777777
2024-08-30,2024,walk_forward_validation,5,23,CTG|HDB|MWG|STB|FPT,0.8,0.5217391304347826,1.5333333333333334
2024-08-30,2024,walk_forward_validation,8,23,CTG|HDB|MWG|STB|FPT|MBB|VPB|SSI,0.875,0.5217391304347826,1.6770833333333335
2024-08-30,2024,walk_forward_validation,10,23,CTG|HDB|MWG|STB|FPT|MBB|VPB|SSI|BVH|GAS,0.7,0.5217391304347826,1.3416666666666666
2024-09-04,2024,walk_forward_validation,2,23,HDB|CTG,1.0,0.5217391304347826,1.9166666666666667
2024-09-04,2024,walk_forward_validation,3,23,HDB|CTG|MWG,0.6666666666666666,0.5217391304347826,1.2777777777777777
2024-09-04,2024,walk_forward_validation,5,23,HDB|CTG|MWG|STB|FPT,0.8,0.5217391304347826,1.5333333333333334
2024-09-04,2024,walk_forward_validation,8,23,HDB|CTG|MWG|STB|FPT|SAB|GAS|SSI,0.625,0.5217391304347826,1.1979166666666667
2024-09-04,2024,walk_forward_validation,10,23,HDB|CTG|MWG|STB|FPT|SAB|GAS|SSI|VNM|BVH,0.5,0.5217391304347826,0.9583333333333334
2024-09-05,2024,walk_forward_validation,2,23,HDB|CTG,1.0,0.5652173913043478,1.7692307692307694
2024-09-05,2024,walk_forward_validation,3,23,HDB|CTG|SAB,0.6666666666666666,0.5652173913043478,1.1794871794871795
2024-09-05,2024,walk_forward_validation,5,23,HDB|CTG|SAB|MWG|SSI,0.6,0.5652173913043478,1.0615384615384615
2024-09-05,2024,walk_forward_validation,8,23,HDB|CTG|SAB|MWG|SSI|STB|VIC|BID,0.625,0.5652173913043478,1.1057692307692308
2024-09-05,2024,walk_forward_validation,10,23,HDB|CTG|SAB|MWG|SSI|STB|VIC|BID|VNM|GAS,0.5,0.5652173913043478,0.8846153846153847
2024-09-06,2024,walk_forward_validation,2,23,CTG|BID,1.0,0.5652173913043478,1.7692307692307694
2024-09-06,2024,walk_forward_validation,3,23,CTG|BID|HDB,1.0,0.5652173913043478,1.7692307692307694
2024-09-06,2024,walk_forward_validation,5,23,CTG|BID|HDB|SSI|MWG,0.8,0.5652173913043478,1.4153846153846155
2024-09-06,2024,walk_forward_validation,8,23,CTG|BID|HDB|SSI|MWG|GAS|SAB|STB,0.75,0.5652173913043478,1.326923076923077
2024-09-06,2024,walk_forward_validation,10,23,CTG|BID|HDB|SSI|MWG|GAS|SAB|STB|VRE|FPT,0.7,0.5652173913043478,1.2384615384615385
2024-09-09,2024,walk_forward_validation,2,23,CTG|BID,0.5,0.5217391304347826,0.9583333333333334
2024-09-09,2024,walk_forward_validation,3,23,CTG|BID|SSI,0.6666666666666666,0.5217391304347826,1.2777777777777777
2024-09-09,2024,walk_forward_validation,5,23,CTG|BID|SSI|TCB|HDB,0.8,0.5217391304347826,1.5333333333333334
2024-09-09,2024,walk_forward_validation,8,23,CTG|BID|SSI|TCB|HDB|GAS|STB|MWG,0.625,0.5217391304347826,1.1979166666666667
2024-09-09,2024,walk_forward_validation,10,23,CTG|BID|SSI|TCB|HDB|GAS|STB|MWG|FPT|VHM,0.6,0.5217391304347826,1.15
2024-09-10,2024,walk_forward_validation,2,23,CTG|SSI,1.0,0.4782608695652174,2.090909090909091
2024-09-10,2024,walk_forward_validation,3,23,CTG|SSI|MWG,0.6666666666666666,0.4782608695652174,1.3939393939393938
2024-09-10,2024,walk_forward_validation,5,23,CTG|SSI|MWG|BID|GAS,0.4,0.4782608695652174,0.8363636363636364
2024-09-10,2024,walk_forward_validation,8,23,CTG|SSI|MWG|BID|GAS|VNM|HDB|VJC,0.375,0.4782608695652174,0.7840909090909091
2024-09-10,2024,walk_forward_validation,10,23,CTG|SSI|MWG|BID|GAS|VNM|HDB|VJC|TCB|FPT,0.5,0.4782608695652174,1.0454545454545454
2024-09-11,2024,walk_forward_validation,2,23,CTG|VJC,0.5,0.5217391304347826,0.9583333333333334
2024-09-11,2024,walk_forward_validation,3,23,CTG|VJC|VNM,0.3333333333333333,0.5217391304347826,0.6388888888888888
2024-09-11,2024,walk_forward_validation,5,23,CTG|VJC|VNM|STB|MWG,0.4,0.5217391304347826,0.7666666666666667
2024-09-11,2024,walk_forward_validation,8,23,CTG|VJC|VNM|STB|MWG|HDB|GAS|BID,0.5,0.5217391304347826,0.9583333333333334
2024-09-11,2024,walk_forward_validation,10,23,CTG|VJC|VNM|STB|MWG|HDB|GAS|BID|SSI|FPT,0.6,0.5217391304347826,1.15
2024-09-12,2024,walk_forward_validation,2,23,CTG|VJC,0.5,0.6086956521739131,0.8214285714285714
2024-09-12,2024,walk_forward_validation,3,23,CTG|VJC|FPT,0.6666666666666666,0.6086956521739131,1.0952380952380951
2024-09-12,2024,walk_forward_validation,5,23,CTG|VJC|FPT|GAS|STB,0.6,0.6086956521739131,0.9857142857142857
2024-09-12,2024,walk_forward_validation,8,23,CTG|VJC|FPT|GAS|STB|VNM|BID|VPB,0.625,0.6086956521739131,1.0267857142857142
2024-09-12,2024,walk_forward_validation,10,23,CTG|VJC|FPT|GAS|STB|VNM|BID|VPB|SSI|TCB,0.7,0.6086956521739131,1.15
2024-09-13,2024,walk_forward_validation,2,23,FPT|CTG,1.0,0.5217391304347826,1.9166666666666667
2024-09-13,2024,walk_forward_validation,3,23,FPT|CTG|STB,1.0,0.5217391304347826,1.9166666666666667
2024-09-13,2024,walk_forward_validation,5,23,FPT|CTG|STB|VJC|VPB,1.0,0.5217391304347826,1.9166666666666667
2024-09-13,2024,walk_forward_validation,8,23,FPT|CTG|STB|VJC|VPB|VRE|SSI|BID,0.75,0.5217391304347826,1.4375
2024-09-13,2024,walk_forward_validation,10,23,FPT|CTG|STB|VJC|VPB|VRE|SSI|BID|HDB|TCB,0.8,0.5217391304347826,1.5333333333333334
2024-09-16,2024,walk_forward_validation,2,23,CTG|STB,1.0,0.4782608695652174,2.090909090909091
2024-09-16,2024,walk_forward_validation,3,23,CTG|STB|FPT,1.0,0.4782608695652174,2.090909090909091
2024-09-16,2024,walk_forward_validation,5,23,CTG|STB|FPT|VRE|MBB,0.8,0.4782608695652174,1.6727272727272728
2024-09-16,2024,walk_forward_validation,8,23,CTG|STB|FPT|VRE|MBB|SSI|HDB|TCB,0.75,0.4782608695652174,1.5681818181818181
2024-09-16,2024,walk_forward_validation,10,23,CTG|STB|FPT|VRE|MBB|SSI|HDB|TCB|VPB|BID,0.7,0.4782608695652174,1.4636363636363634
2024-09-17,2024,walk_forward_validation,2,23,CTG|FPT,1.0,0.5217391304347826,1.9166666666666667
2024-09-17,2024,walk_forward_validation,3,23,CTG|FPT|MBB,1.0,0.5217391304347826,1.9166666666666667
2024-09-17,2024,walk_forward_validation,5,23,CTG|FPT|MBB|HDB|STB,1.0,0.5217391304347826,1.9166666666666667
2024-09-17,2024,walk_forward_validation,8,23,CTG|FPT|MBB|HDB|STB|VPB|TCB|VJC,0.875,0.5217391304347826,1.6770833333333335
2024-09-17,2024,walk_forward_validation,10,23,CTG|FPT|MBB|HDB|STB|VPB|TCB|VJC|BID|SAB,0.8,0.5217391304347826,1.5333333333333334
2024-09-18,2024,walk_forward_validation,2,23,FPT|CTG,1.0,0.6086956521739131,1.6428571428571428
2024-09-18,2024,walk_forward_validation,3,23,FPT|CTG|MBB,1.0,0.6086956521739131,1.6428571428571428
2024-09-18,2024,walk_forward_validation,5,23,FPT|CTG|MBB|TCB|HDB,1.0,0.6086956521739131,1.6428571428571428
2024-09-18,2024,walk_forward_validation,8,23,FPT|CTG|MBB|TCB|HDB|STB|SSI|BID,1.0,0.6086956521739131,1.6428571428571428
2024-09-18,2024,walk_forward_validation,10,23,FPT|CTG|MBB|TCB|HDB|STB|SSI|BID|MWG|VRE,0.8,0.6086956521739131,1.3142857142857143
2024-09-19,2024,walk_forward_validation,2,23,CTG|STB,1.0,0.5652173913043478,1.7692307692307694
2024-09-19,2024,walk_forward_validation,3,23,CTG|STB|SSI,1.0,0.5652173913043478,1.7692307692307694
2024-09-19,2024,walk_forward_validation,5,23,CTG|STB|SSI|HDB|TCB,0.8,0.5652173913043478,1.4153846153846155
2024-09-19,2024,walk_forward_validation,8,23,CTG|STB|SSI|HDB|TCB|FPT|MBB|BID,0.875,0.5652173913043478,1.5480769230769231
2024-09-19,2024,walk_forward_validation,10,23,CTG|STB|SSI|HDB|TCB|FPT|MBB|BID|VPB|MWG,0.8,0.5652173913043478,1.4153846153846155
2024-09-20,2024,walk_forward_validation,2,23,CTG|FPT,0.5,0.5652173913043478,0.8846153846153847
2024-09-20,2024,walk_forward_validation,3,23,CTG|FPT|STB,0.6666666666666666,0.5652173913043478,1.1794871794871795
2024-09-20,2024,walk_forward_validation,5,23,CTG|FPT|STB|HDB|MBB,0.6,0.5652173913043478,1.0615384615384615
2024-09-20,2024,walk_forward_validation,8,23,CTG|FPT|STB|HDB|MBB|SSI|SAB|TCB,0.625,0.5652173913043478,1.1057692307692308
2024-09-20,2024,walk_forward_validation,10,23,CTG|FPT|STB|HDB|MBB|SSI|SAB|TCB|BID|VPB,0.7,0.5652173913043478,1.2384615384615385
2024-09-23,2024,walk_forward_validation,2,23,CTG|STB,0.5,0.4782608695652174,1.0454545454545454
2024-09-23,2024,walk_forward_validation,3,23,CTG|STB|MBB,0.6666666666666666,0.4782608695652174,1.3939393939393938
2024-09-23,2024,walk_forward_validation,5,23,CTG|STB|MBB|SSI|SAB,0.6,0.4782608695652174,1.2545454545454544
2024-09-23,2024,walk_forward_validation,8,23,CTG|STB|MBB|SSI|SAB|TCB|VPB|HDB,0.625,0.4782608695652174,1.3068181818181819
2024-09-23,2024,walk_forward_validation,10,23,CTG|STB|MBB|SSI|SAB|TCB|VPB|HDB|FPT|BID,0.7,0.4782608695652174,1.4636363636363634
2024-09-24,2024,walk_forward_validation,2,23,CTG|MBB,0.5,0.43478260869565216,1.1500000000000001
2024-09-24,2024,walk_forward_validation,3,23,CTG|MBB|SSI,0.6666666666666666,0.43478260869565216,1.5333333333333332
2024-09-24,2024,walk_forward_validation,5,23,CTG|MBB|SSI|SAB|HDB,0.6,0.43478260869565216,1.38
2024-09-24,2024,walk_forward_validation,8,23,CTG|MBB|SSI|SAB|HDB|STB|VPB|TCB,0.75,0.43478260869565216,1.725
2024-09-24,2024,walk_forward_validation,10,23,CTG|MBB|SSI|SAB|HDB|STB|VPB|TCB|BID|FPT,0.6,0.43478260869565216,1.38
2024-09-25,2024,walk_forward_validation,2,23,CTG|MBB,0.0,0.4782608695652174,0.0
2024-09-25,2024,walk_forward_validation,3,23,CTG|MBB|SSI,0.0,0.4782608695652174,0.0
2024-09-25,2024,walk_forward_validation,5,23,CTG|MBB|SSI|HDB|SAB,0.2,0.4782608695652174,0.4181818181818182
2024-09-25,2024,walk_forward_validation,8,23,CTG|MBB|SSI|HDB|SAB|VPB|STB|TCB,0.5,0.4782608695652174,1.0454545454545454
2024-09-25,2024,walk_forward_validation,10,23,CTG|MBB|SSI|HDB|SAB|VPB|STB|TCB|FPT|BID,0.5,0.4782608695652174,1.0454545454545454
2024-09-26,2024,walk_forward_validation,2,23,CTG|SSI,0.5,0.5217391304347826,0.9583333333333334
2024-09-26,2024,walk_forward_validation,3,23,CTG|SSI|MBB,0.3333333333333333,0.5217391304347826,0.6388888888888888
2024-09-26,2024,walk_forward_validation,5,23,CTG|SSI|MBB|STB|SAB,0.4,0.5217391304347826,0.7666666666666667
2024-09-26,2024,walk_forward_validation,8,23,CTG|SSI|MBB|STB|SAB|VPB|TCB|HDB,0.5,0.5217391304347826,0.9583333333333334
2024-09-26,2024,walk_forward_validation,10,23,CTG|SSI|MBB|STB|SAB|VPB|TCB|HDB|FPT|BID,0.5,0.5217391304347826,0.9583333333333334
2024-09-27,2024,walk_forward_validation,2,23,CTG|MBB,0.0,0.4782608695652174,0.0
2024-09-27,2024,walk_forward_validation,3,23,CTG|MBB|HDB,0.0,0.4782608695652174,0.0
2024-09-27,2024,walk_forward_validation,5,23,CTG|MBB|HDB|SAB|SSI,0.0,0.4782608695652174,0.0
2024-09-27,2024,walk_forward_validation,8,23,CTG|MBB|HDB|SAB|SSI|TCB|VPB|BID,0.25,0.4782608695652174,0.5227272727272727
2024-09-27,2024,walk_forward_validation,10,23,CTG|MBB|HDB|SAB|SSI|TCB|VPB|BID|STB|HPG,0.4,0.4782608695652174,0.8363636363636364
2024-09-30,2024,walk_forward_validation,2,23,CTG|MBB,0.0,0.4782608695652174,0.0
2024-09-30,2024,walk_forward_validation,3,23,CTG|MBB|SSI,0.0,0.4782608695652174,0.0
2024-09-30,2024,walk_forward_validation,5,23,CTG|MBB|SSI|VPB|STB,0.4,0.4782608695652174,0.8363636363636364
2024-09-30,2024,walk_forward_validation,8,23,CTG|MBB|SSI|VPB|STB|HDB|SAB|BID,0.25,0.4782608695652174,0.5227272727272727
2024-09-30,2024,walk_forward_validation,10,23,CTG|MBB|SSI|VPB|STB|HDB|SAB|BID|TCB|HPG,0.4,0.4782608695652174,0.8363636363636364
2024-10-01,2024,walk_forward_validation,2,23,SSI|MBB,0.0,0.4782608695652174,0.0
2024-10-01,2024,walk_forward_validation,3,23,SSI|MBB|STB,0.3333333333333333,0.4782608695652174,0.6969696969696969
2024-10-01,2024,walk_forward_validation,5,23,SSI|MBB|STB|VPB|CTG,0.4,0.4782608695652174,0.8363636363636364
2024-10-01,2024,walk_forward_validation,8,23,SSI|MBB|STB|VPB|CTG|TCB|HDB|BID,0.25,0.4782608695652174,0.5227272727272727
2024-10-01,2024,walk_forward_validation,10,23,SSI|MBB|STB|VPB|CTG|TCB|HDB|BID|HPG|SAB,0.3,0.4782608695652174,0.6272727272727272
2024-10-02,2024,walk_forward_validation,2,23,MBB|SSI,0.0,0.43478260869565216,0.0
2024-10-02,2024,walk_forward_validation,3,23,MBB|SSI|STB,0.3333333333333333,0.43478260869565216,0.7666666666666666
2024-10-02,2024,walk_forward_validation,5,23,MBB|SSI|STB|TCB|VPB,0.4,0.43478260869565216,0.92
2024-10-02,2024,walk_forward_validation,8,23,MBB|SSI|STB|TCB|VPB|BID|FPT|CTG,0.375,0.43478260869565216,0.8625
2024-10-02,2024,walk_forward_validation,10,23,MBB|SSI|STB|TCB|VPB|BID|FPT|CTG|VCB|HPG,0.5,0.43478260869565216,1.1500000000000001
2024-10-03,2024,walk_forward_validation,2,23,MBB|SSI,0.0,0.4782608695652174,0.0
2024-10-03,2024,walk_forward_validation,3,23,MBB|SSI|VPB,0.3333333333333333,0.4782608695652174,0.6969696969696969
2024-10-03,2024,walk_forward_validation,5,23,MBB|SSI|VPB|STB|CTG,0.4,0.4782608695652174,0.8363636363636364
2024-10-03,2024,walk_forward_validation,8,23,MBB|SSI|VPB|STB|CTG|TCB|FPT|VCB,0.5,0.4782608695652174,1.0454545454545454
2024-10-03,2024,walk_forward_validation,10,23,MBB|SSI|VPB|STB|CTG|TCB|FPT|VCB|POW|HDB,0.4,0.4782608695652174,0.8363636363636364
2024-10-04,2024,walk_forward_validation,2,23,SSI|VPB,0.5,0.4782608695652174,1.0454545454545454
2024-10-04,2024,walk_forward_validation,3,23,SSI|VPB|MBB,0.3333333333333333,0.4782608695652174,0.6969696969696969
2024-10-04,2024,walk_forward_validation,5,23,SSI|VPB|MBB|STB|FPT,0.6,0.4782608695652174,1.2545454545454544
2024-10-04,2024,walk_forward_validation,8,23,SSI|VPB|MBB|STB|FPT|TCB|VCB|HPG,0.625,0.4782608695652174,1.3068181818181819
2024-10-04,2024,walk_forward_validation,10,23,SSI|VPB|MBB|STB|FPT|TCB|VCB|HPG|VJC|BID,0.6,0.4782608695652174,1.2545454545454544
2024-10-07,2024,walk_forward_validation,2,23,SSI|VPB,0.5,0.4782608695652174,1.0454545454545454
2024-10-07,2024,walk_forward_validation,3,23,SSI|VPB|MBB,0.3333333333333333,0.4782608695652174,0.6969696969696969
2024-10-07,2024,walk_forward_validation,5,23,SSI|VPB|MBB|FPT|HPG,0.6,0.4782608695652174,1.2545454545454544
2024-10-07,2024,walk_forward_validation,8,23,SSI|VPB|MBB|FPT|HPG|STB|TCB|POW,0.5,0.4782608695652174,1.0454545454545454
2024-10-07,2024,walk_forward_validation,10,23,SSI|VPB|MBB|FPT|HPG|STB|TCB|POW|BID|CTG,0.5,0.4782608695652174,1.0454545454545454
2024-10-08,2024,walk_forward_validation,2,23,VPB|SSI,0.5,0.5217391304347826,0.9583333333333334
2024-10-08,2024,walk_forward_validation,3,23,VPB|SSI|MBB,0.3333333333333333,0.5217391304347826,0.6388888888888888
2024-10-08,2024,walk_forward_validation,5,23,VPB|SSI|MBB|FPT|HPG,0.6,0.5217391304347826,1.15
2024-10-08,2024,walk_forward_validation,8,23,VPB|SSI|MBB|FPT|HPG|STB|TCB|CTG,0.625,0.5217391304347826,1.1979166666666667
2024-10-08,2024,walk_forward_validation,10,23,VPB|SSI|MBB|FPT|HPG|STB|TCB|CTG|POW|BID,0.5,0.5217391304347826,0.9583333333333334
2024-10-09,2024,walk_forward_validation,2,23,MBB|VPB,0.0,0.391304347826087,0.0
2024-10-09,2024,walk_forward_validation,3,23,MBB|VPB|FPT,0.3333333333333333,0.391304347826087,0.8518518518518517
2024-10-09,2024,walk_forward_validation,5,23,MBB|VPB|FPT|SSI|STB,0.4,0.391304347826087,1.0222222222222221
2024-10-09,2024,walk_forward_validation,8,23,MBB|VPB|FPT|SSI|STB|HPG|TCB|CTG,0.375,0.391304347826087,0.9583333333333333
2024-10-09,2024,walk_forward_validation,10,23,MBB|VPB|FPT|SSI|STB|HPG|TCB|CTG|MSN|POW,0.3,0.391304347826087,0.7666666666666666
2024-10-10,2024,walk_forward_validation,2,23,VPB|SSI,0.0,0.391304347826087,0.0
2024-10-10,2024,walk_forward_validation,3,23,VPB|SSI|MBB,0.0,0.391304347826087,0.0
2024-10-10,2024,walk_forward_validation,5,23,VPB|SSI|MBB|STB|HPG,0.4,0.391304347826087,1.0222222222222221
2024-10-10,2024,walk_forward_validation,8,23,VPB|SSI|MBB|STB|HPG|CTG|TCB|BID,0.375,0.391304347826087,0.9583333333333333
2024-10-10,2024,walk_forward_validation,10,23,VPB|SSI|MBB|STB|HPG|CTG|TCB|BID|FPT|SAB,0.3,0.391304347826087,0.7666666666666666
2024-10-11,2024,walk_forward_validation,2,23,VPB|VJC,0.0,0.30434782608695654,0.0
2024-10-11,2024,walk_forward_validation,3,23,VPB|VJC|MBB,0.0,0.30434782608695654,0.0
2024-10-11,2024,walk_forward_validation,5,23,VPB|VJC|MBB|SSI|MSN,0.0,0.30434782608695654,0.0
2024-10-11,2024,walk_forward_validation,8,23,VPB|VJC|MBB|SSI|MSN|STB|HPG|FPT,0.375,0.30434782608695654,1.232142857142857
2024-10-11,2024,walk_forward_validation,10,23,VPB|VJC|MBB|SSI|MSN|STB|HPG|FPT|TCB|CTG,0.3,0.30434782608695654,0.9857142857142857
2024-10-14,2024,walk_forward_validation,2,23,VPB|SSI,0.0,0.30434782608695654,0.0
2024-10-14,2024,walk_forward_validation,3,23,VPB|SSI|MBB,0.0,0.30434782608695654,0.0
2024-10-14,2024,walk_forward_validation,5,23,VPB|SSI|MBB|STB|MSN,0.2,0.30434782608695654,0.6571428571428571
2024-10-14,2024,walk_forward_validation,8,23,VPB|SSI|MBB|STB|MSN|VJC|BVH|CTG,0.375,0.30434782608695654,1.232142857142857
2024-10-14,2024,walk_forward_validation,10,23,VPB|SSI|MBB|STB|MSN|VJC|BVH|CTG|HPG|TCB,0.4,0.30434782608695654,1.3142857142857143
2024-10-15,2024,walk_forward_validation,2,23,VPB|MBB,0.0,0.34782608695652173,0.0
2024-10-15,2024,walk_forward_validation,3,23,VPB|MBB|MSN,0.0,0.34782608695652173,0.0
2024-10-15,2024,walk_forward_validation,5,23,VPB|MBB|MSN|SSI|HPG,0.2,0.34782608695652173,0.5750000000000001
2024-10-15,2024,walk_forward_validation,8,23,VPB|MBB|MSN|SSI|HPG|STB|CTG|BID,0.25,0.34782608695652173,0.71875
2024-10-15,2024,walk_forward_validation,10,23,VPB|MBB|MSN|SSI|HPG|STB|CTG|BID|TCB|FPT,0.3,0.34782608695652173,0.8625
2024-10-16,2024,walk_forward_validation,2,23,VPB|MBB,0.0,0.34782608695652173,0.0
2024-10-16,2024,walk_forward_validation,3,23,VPB|MBB|CTG,0.0,0.34782608695652173,0.0
2024-10-16,2024,walk_forward_validation,5,23,VPB|MBB|CTG|MSN|HPG,0.2,0.34782608695652173,0.5750000000000001
2024-10-16,2024,walk_forward_validation,8,23,VPB|MBB|CTG|MSN|HPG|STB|BID|SSI,0.25,0.34782608695652173,0.71875
2024-10-16,2024,walk_forward_validation,10,23,VPB|MBB|CTG|MSN|HPG|STB|BID|SSI|TCB|SAB,0.3,0.34782608695652173,0.8625
2024-10-17,2024,walk_forward_validation,2,23,VPB|MBB,0.0,0.43478260869565216,0.0
2024-10-17,2024,walk_forward_validation,3,23,VPB|MBB|MSN,0.0,0.43478260869565216,0.0
2024-10-17,2024,walk_forward_validation,5,23,VPB|MBB|MSN|BID|SSI,0.0,0.43478260869565216,0.0
2024-10-17,2024,walk_forward_validation,8,23,VPB|MBB|MSN|BID|SSI|CTG|HPG|TCB,0.125,0.43478260869565216,0.28750000000000003
2024-10-17,2024,walk_forward_validation,10,23,VPB|MBB|MSN|BID|SSI|CTG|HPG|TCB|BVH|STB,0.2,0.43478260869565216,0.46
2024-10-18,2024,walk_forward_validation,2,23,MSN|VPB,0.0,0.391304347826087,0.0
2024-10-18,2024,walk_forward_validation,3,23,MSN|VPB|BID,0.0,0.391304347826087,0.0
2024-10-18,2024,walk_forward_validation,5,23,MSN|VPB|BID|MBB|SSI,0.0,0.391304347826087,0.0
2024-10-18,2024,walk_forward_validation,8,23,MSN|VPB|BID|MBB|SSI|TCB|HPG|BVH,0.25,0.391304347826087,0.6388888888888888
2024-10-18,2024,walk_forward_validation,10,23,MSN|VPB|BID|MBB|SSI|TCB|HPG|BVH|CTG|VHM,0.2,0.391304347826087,0.5111111111111111
2024-10-21,2024,walk_forward_validation,2,23,MBB|VPB,0.0,0.34782608695652173,0.0
2024-10-21,2024,walk_forward_validation,3,23,MBB|VPB|MSN,0.0,0.34782608695652173,0.0
2024-10-21,2024,walk_forward_validation,5,23,MBB|VPB|MSN|TCB|BID,0.0,0.34782608695652173,0.0
2024-10-21,2024,walk_forward_validation,8,23,MBB|VPB|MSN|TCB|BID|HPG|STB|SSI,0.125,0.34782608695652173,0.359375
2024-10-21,2024,walk_forward_validation,10,23,MBB|VPB|MSN|TCB|BID|HPG|STB|SSI|VCB|BVH,0.3,0.34782608695652173,0.8625
2024-10-22,2024,walk_forward_validation,2,23,VPB|SSI,0.0,0.43478260869565216,0.0
2024-10-22,2024,walk_forward_validation,3,23,VPB|SSI|MSN,0.0,0.43478260869565216,0.0
2024-10-22,2024,walk_forward_validation,5,23,VPB|SSI|MSN|MBB|TCB,0.0,0.43478260869565216,0.0
2024-10-22,2024,walk_forward_validation,8,23,VPB|SSI|MSN|MBB|TCB|STB|HPG|VHM,0.125,0.43478260869565216,0.28750000000000003
2024-10-22,2024,walk_forward_validation,10,23,VPB|SSI|MSN|MBB|TCB|STB|HPG|VHM|HDB|VIC,0.2,0.43478260869565216,0.46
2024-10-23,2024,walk_forward_validation,2,23,SSI|TCB,0.0,0.34782608695652173,0.0
2024-10-23,2024,walk_forward_validation,3,23,SSI|TCB|VPB,0.0,0.34782608695652173,0.0
2024-10-23,2024,walk_forward_validation,5,23,SSI|TCB|VPB|MSN|STB,0.0,0.34782608695652173,0.0
2024-10-23,2024,walk_forward_validation,8,23,SSI|TCB|VPB|MSN|STB|MBB|VHM|HDB,0.0,0.34782608695652173,0.0
2024-10-23,2024,walk_forward_validation,10,23,SSI|TCB|VPB|MSN|STB|MBB|VHM|HDB|BVH|HPG,0.2,0.34782608695652173,0.5750000000000001
2024-10-24,2024,walk_forward_validation,2,23,STB|MSN,0.5,0.43478260869565216,1.1500000000000001
2024-10-24,2024,walk_forward_validation,3,23,STB|MSN|SSI,0.3333333333333333,0.43478260869565216,0.7666666666666666
2024-10-24,2024,walk_forward_validation,5,23,STB|MSN|SSI|BVH|VPB,0.4,0.43478260869565216,0.92
2024-10-24,2024,walk_forward_validation,8,23,STB|MSN|SSI|BVH|VPB|VCB|VHM|HPG,0.625,0.43478260869565216,1.4375
2024-10-24,2024,walk_forward_validation,10,23,STB|MSN|SSI|BVH|VPB|VCB|VHM|HPG|FPT|VNM,0.6,0.43478260869565216,1.38
2024-10-25,2024,walk_forward_validation,2,23,STB|SSI,0.0,0.34782608695652173,0.0
2024-10-25,2024,walk_forward_validation,3,23,STB|SSI|VPB,0.0,0.34782608695652173,0.0
2024-10-25,2024,walk_forward_validation,5,23,STB|SSI|VPB|BVH|VHM,0.2,0.34782608695652173,0.5750000000000001
2024-10-25,2024,walk_forward_validation,8,23,STB|SSI|VPB|BVH|VHM|HPG|VCB|MSN,0.375,0.34782608695652173,1.078125
2024-10-25,2024,walk_forward_validation,10,23,STB|SSI|VPB|BVH|VHM|HPG|VCB|MSN|FPT|HDB,0.4,0.34782608695652173,1.1500000000000001
2024-10-28,2024,walk_forward_validation,2,23,STB|HPG,0.0,0.4782608695652174,0.0
2024-10-28,2024,walk_forward_validation,3,23,STB|HPG|SSI,0.0,0.4782608695652174,0.0
2024-10-28,2024,walk_forward_validation,5,23,STB|HPG|SSI|VCB|MSN,0.2,0.4782608695652174,0.4181818181818182
2024-10-28,2024,walk_forward_validation,8,23,STB|HPG|SSI|VCB|MSN|VHM|VPB|FPT,0.375,0.4782608695652174,0.7840909090909091
2024-10-28,2024,walk_forward_validation,10,23,STB|HPG|SSI|VCB|MSN|VHM|VPB|FPT|BVH|TCB,0.5,0.4782608695652174,1.0454545454545454
2024-10-29,2024,walk_forward_validation,2,23,STB|HPG,0.0,0.4782608695652174,0.0
2024-10-29,2024,walk_forward_validation,3,23,STB|HPG|VPB,0.0,0.4782608695652174,0.0
2024-10-29,2024,walk_forward_validation,5,23,STB|HPG|VPB|VCB|VHM,0.4,0.4782608695652174,0.8363636363636364
2024-10-29,2024,walk_forward_validation,8,23,STB|HPG|VPB|VCB|VHM|MSN|SSI|FPT,0.375,0.4782608695652174,0.7840909090909091
2024-10-29,2024,walk_forward_validation,10,23,STB|HPG|VPB|VCB|VHM|MSN|SSI|FPT|HDB|MWG,0.3,0.4782608695652174,0.6272727272727272
2024-10-30,2024,walk_forward_validation,2,23,STB|HPG,0.0,0.391304347826087,0.0
2024-10-30,2024,walk_forward_validation,3,23,STB|HPG|FPT,0.3333333333333333,0.391304347826087,0.8518518518518517
2024-10-30,2024,walk_forward_validation,5,23,STB|HPG|FPT|VPB|MSN,0.2,0.391304347826087,0.5111111111111111
2024-10-30,2024,walk_forward_validation,8,23,STB|HPG|FPT|VPB|MSN|MWG|VCB|MBB,0.25,0.391304347826087,0.6388888888888888
2024-10-30,2024,walk_forward_validation,10,23,STB|HPG|FPT|VPB|MSN|MWG|VCB|MBB|HDB|SSI,0.2,0.391304347826087,0.5111111111111111
2024-10-31,2024,walk_forward_validation,2,23,VCB|STB,0.5,0.43478260869565216,1.1500000000000001
2024-10-31,2024,walk_forward_validation,3,23,VCB|STB|VPB,0.3333333333333333,0.43478260869565216,0.7666666666666666
2024-10-31,2024,walk_forward_validation,5,23,VCB|STB|VPB|HPG|FPT,0.4,0.43478260869565216,0.92
2024-10-31,2024,walk_forward_validation,8,23,VCB|STB|VPB|HPG|FPT|MWG|CTG|MBB,0.375,0.43478260869565216,0.8625
2024-10-31,2024,walk_forward_validation,10,23,VCB|STB|VPB|HPG|FPT|MWG|CTG|MBB|TCB|SSI,0.4,0.43478260869565216,0.92
2024-11-01,2024,walk_forward_validation,2,23,VCB|BVH,1.0,0.34782608695652173,2.875
2024-11-01,2024,walk_forward_validation,3,23,VCB|BVH|STB,0.6666666666666666,0.34782608695652173,1.9166666666666665
2024-11-01,2024,walk_forward_validation,5,23,VCB|BVH|STB|CTG|VPB,0.6,0.34782608695652173,1.725
2024-11-01,2024,walk_forward_validation,8,23,VCB|BVH|STB|CTG|VPB|HPG|FPT|MWG,0.625,0.34782608695652173,1.796875
2024-11-01,2024,walk_forward_validation,10,23,VCB|BVH|STB|CTG|VPB|HPG|FPT|MWG|VHM|TCB,0.5,0.34782608695652173,1.4375
2024-11-04,2024,walk_forward_validation,2,23,BVH|STB,0.5,0.34782608695652173,1.4375
2024-11-04,2024,walk_forward_validation,3,23,BVH|STB|CTG,0.3333333333333333,0.34782608695652173,0.9583333333333333
2024-11-04,2024,walk_forward_validation,5,23,BVH|STB|CTG|VCB|MWG,0.4,0.34782608695652173,1.1500000000000001
2024-11-04,2024,walk_forward_validation,8,23,BVH|STB|CTG|VCB|MWG|VHM|HPG|VIC,0.375,0.34782608695652173,1.078125
2024-11-04,2024,walk_forward_validation,10,23,BVH|STB|CTG|VCB|MWG|VHM|HPG|VIC|FPT|VJC,0.4,0.34782608695652173,1.1500000000000001
2024-11-05,2024,walk_forward_validation,2,23,STB|VCB,0.5,0.34782608695652173,1.4375
2024-11-05,2024,walk_forward_validation,3,23,STB|VCB|BVH,0.6666666666666666,0.34782608695652173,1.9166666666666665
2024-11-05,2024,walk_forward_validation,5,23,STB|VCB|BVH|MWG|VHM,0.4,0.34782608695652173,1.1500000000000001
2024-11-05,2024,walk_forward_validation,8,23,STB|VCB|BVH|MWG|VHM|HPG|VIC|CTG,0.5,0.34782608695652173,1.4375
2024-11-05,2024,walk_forward_validation,10,23,STB|VCB|BVH|MWG|VHM|HPG|VIC|CTG|FPT|TCB,0.6,0.34782608695652173,1.725
2024-11-06,2024,walk_forward_validation,2,23,STB|VCB,0.5,0.30434782608695654,1.6428571428571428
2024-11-06,2024,walk_forward_validation,3,23,STB|VCB|BVH,0.6666666666666666,0.30434782608695654,2.1904761904761902
2024-11-06,2024,walk_forward_validation,5,23,STB|VCB|BVH|CTG|MWG,0.4,0.30434782608695654,1.3142857142857143
2024-11-06,2024,walk_forward_validation,8,23,STB|VCB|BVH|CTG|MWG|HPG|VIC|FPT,0.5,0.30434782608695654,1.6428571428571428
2024-11-06,2024,walk_forward_validation,10,23,STB|VCB|BVH|CTG|MWG|HPG|VIC|FPT|TCB|MBB,0.4,0.30434782608695654,1.3142857142857143
2024-11-07,2024,walk_forward_validation,2,23,VCB|STB,0.5,0.43478260869565216,1.1500000000000001
2024-11-07,2024,walk_forward_validation,3,23,VCB|STB|HPG,0.6666666666666666,0.43478260869565216,1.5333333333333332
2024-11-07,2024,walk_forward_validation,5,23,VCB|STB|HPG|BVH|CTG,0.8,0.43478260869565216,1.84
2024-11-07,2024,walk_forward_validation,8,23,VCB|STB|HPG|BVH|CTG|TCB|VIC|MBB,0.625,0.43478260869565216,1.4375
2024-11-07,2024,walk_forward_validation,10,23,VCB|STB|HPG|BVH|CTG|TCB|VIC|MBB|MWG|VRE,0.5,0.43478260869565216,1.1500000000000001
2024-11-08,2024,walk_forward_validation,2,23,STB|FPT,0.5,0.5217391304347826,0.9583333333333334
2024-11-08,2024,walk_forward_validation,3,23,STB|FPT|HPG,0.6666666666666666,0.5217391304347826,1.2777777777777777
2024-11-08,2024,walk_forward_validation,5,23,STB|FPT|HPG|VCB|BVH,0.8,0.5217391304347826,1.5333333333333334
2024-11-08,2024,walk_forward_validation,8,23,STB|FPT|HPG|VCB|BVH|TCB|MWG|CTG,0.75,0.5217391304347826,1.4375
2024-11-08,2024,walk_forward_validation,10,23,STB|FPT|HPG|VCB|BVH|TCB|MWG|CTG|MBB|VJC,0.6,0.5217391304347826,1.15
2024-11-11,2024,walk_forward_validation,2,23,FPT|STB,0.5,0.5217391304347826,0.9583333333333334
2024-11-11,2024,walk_forward_validation,3,23,FPT|STB|VCB,0.6666666666666666,0.5217391304347826,1.2777777777777777
2024-11-11,2024,walk_forward_validation,5,23,FPT|STB|VCB|HPG|BVH,0.6,0.5217391304347826,1.15
2024-11-11,2024,walk_forward_validation,8,23,FPT|STB|VCB|HPG|BVH|VJC|TCB|CTG,0.625,0.5217391304347826,1.1979166666666667
2024-11-11,2024,walk_forward_validation,10,23,FPT|STB|VCB|HPG|BVH|VJC|TCB|CTG|VRE|VHM,0.6,0.5217391304347826,1.15
2024-11-12,2024,walk_forward_validation,2,23,FPT|STB,0.5,0.391304347826087,1.2777777777777777
2024-11-12,2024,walk_forward_validation,3,23,FPT|STB|HPG,0.3333333333333333,0.391304347826087,0.8518518518518517
2024-11-12,2024,walk_forward_validation,5,23,FPT|STB|HPG|VCB|BVH,0.6,0.391304347826087,1.5333333333333332
2024-11-12,2024,walk_forward_validation,8,23,FPT|STB|HPG|VCB|BVH|VRE|SAB|VHM,0.5,0.391304347826087,1.2777777777777777
2024-11-12,2024,walk_forward_validation,10,23,FPT|STB|HPG|VCB|BVH|VRE|SAB|VHM|TCB|VJC,0.5,0.391304347826087,1.2777777777777777
2024-11-13,2024,walk_forward_validation,2,23,FPT|STB,0.5,0.391304347826087,1.2777777777777777
2024-11-13,2024,walk_forward_validation,3,23,FPT|STB|VCB,0.3333333333333333,0.391304347826087,0.8518518518518517
2024-11-13,2024,walk_forward_validation,5,23,FPT|STB|VCB|SAB|BVH,0.4,0.391304347826087,1.0222222222222221
2024-11-13,2024,walk_forward_validation,8,23,FPT|STB|VCB|SAB|BVH|VRE|HPG|TCB,0.5,0.391304347826087,1.2777777777777777
2024-11-13,2024,walk_forward_validation,10,23,FPT|STB|VCB|SAB|BVH|VRE|HPG|TCB|VHM|VIC,0.4,0.391304347826087,1.0222222222222221
2024-11-14,2024,walk_forward_validation,2,23,FPT|STB,1.0,0.391304347826087,2.5555555555555554
2024-11-14,2024,walk_forward_validation,3,23,FPT|STB|VCB,0.6666666666666666,0.391304347826087,1.7037037037037035
2024-11-14,2024,walk_forward_validation,5,23,FPT|STB|VCB|VRE|BVH,0.6,0.391304347826087,1.5333333333333332
2024-11-14,2024,walk_forward_validation,8,23,FPT|STB|VCB|VRE|BVH|SAB|HPG|TCB,0.625,0.391304347826087,1.597222222222222
2024-11-14,2024,walk_forward_validation,10,23,FPT|STB|VCB|VRE|BVH|SAB|HPG|TCB|VIC|VHM,0.5,0.391304347826087,1.2777777777777777
2024-11-15,2024,walk_forward_validation,2,23,FPT|VRE,0.5,0.43478260869565216,1.1500000000000001
2024-11-15,2024,walk_forward_validation,3,23,FPT|VRE|STB,0.6666666666666666,0.43478260869565216,1.5333333333333332
2024-11-15,2024,walk_forward_validation,5,23,FPT|VRE|STB|VCB|BVH,0.6,0.43478260869565216,1.38
2024-11-15,2024,walk_forward_validation,8,23,FPT|VRE|STB|VCB|BVH|TCB|VIC|SAB,0.5,0.43478260869565216,1.1500000000000001
2024-11-15,2024,walk_forward_validation,10,23,FPT|VRE|STB|VCB|BVH|TCB|VIC|SAB|VJC|VHM,0.4,0.43478260869565216,0.92
2024-11-18,2024,walk_forward_validation,2,23,FPT|VRE,0.5,0.43478260869565216,1.1500000000000001
2024-11-18,2024,walk_forward_validation,3,23,FPT|VRE|STB,0.6666666666666666,0.43478260869565216,1.5333333333333332
2024-11-18,2024,walk_forward_validation,5,23,FPT|VRE|STB|BVH|VCB,0.6,0.43478260869565216,1.38
2024-11-18,2024,walk_forward_validation,8,23,FPT|VRE|STB|BVH|VCB|VHM|HPG|SAB,0.5,0.43478260869565216,1.1500000000000001
2024-11-18,2024,walk_forward_validation,10,23,FPT|VRE|STB|BVH|VCB|VHM|HPG|SAB|TCB|VIC,0.5,0.43478260869565216,1.1500000000000001
2024-11-19,2024,walk_forward_validation,2,23,VRE|STB,0.5,0.43478260869565216,1.1500000000000001
2024-11-19,2024,walk_forward_validation,3,23,VRE|STB|FPT,0.6666666666666666,0.43478260869565216,1.5333333333333332
2024-11-19,2024,walk_forward_validation,5,23,VRE|STB|FPT|SAB|VIC,0.4,0.43478260869565216,0.92
2024-11-19,2024,walk_forward_validation,8,23,VRE|STB|FPT|SAB|VIC|VHM|TCB|VCB,0.375,0.43478260869565216,0.8625
2024-11-19,2024,walk_forward_validation,10,23,VRE|STB|FPT|SAB|VIC|VHM|TCB|VCB|HPG|POW,0.5,0.43478260869565216,1.1500000000000001
2024-11-20,2024,walk_forward_validation,2,23,TCB|FPT,1.0,0.4782608695652174,2.090909090909091
2024-11-20,2024,walk_forward_validation,3,23,TCB|FPT|SAB,0.6666666666666666,0.4782608695652174,1.3939393939393938
2024-11-20,2024,walk_forward_validation,5,23,TCB|FPT|SAB|VHM|STB,0.6,0.4782608695652174,1.2545454545454544
2024-11-20,2024,walk_forward_validation,8,23,TCB|FPT|SAB|VHM|STB|VRE|CTG|BVH,0.625,0.4782608695652174,1.3068181818181819
2024-11-20,2024,walk_forward_validation,10,23,TCB|FPT|SAB|VHM|STB|VRE|CTG|BVH|MBB|VCB,0.5,0.4782608695652174,1.0454545454545454
2024-11-21,2024,walk_forward_validation,2,23,VRE|STB,0.5,0.4782608695652174,1.0454545454545454
2024-11-21,2024,walk_forward_validation,3,23,VRE|STB|FPT,0.6666666666666666,0.4782608695652174,1.3939393939393938
2024-11-21,2024,walk_forward_validation,5,23,VRE|STB|FPT|TCB|CTG,0.8,0.4782608695652174,1.6727272727272728
2024-11-21,2024,walk_forward_validation,8,23,VRE|STB|FPT|TCB|CTG|VHM|MBB|BVH,0.625,0.4782608695652174,1.3068181818181819
2024-11-21,2024,walk_forward_validation,10,23,VRE|STB|FPT|TCB|CTG|VHM|MBB|BVH|POW|SAB,0.7,0.4782608695652174,1.4636363636363634
2024-11-22,2024,walk_forward_validation,2,23,TCB|FPT,0.5,0.34782608695652173,1.4375
2024-11-22,2024,walk_forward_validation,3,23,TCB|FPT|VRE,0.3333333333333333,0.34782608695652173,0.9583333333333333
2024-11-22,2024,walk_forward_validation,5,23,TCB|FPT|VRE|CTG|STB,0.6,0.34782608695652173,1.725
2024-11-22,2024,walk_forward_validation,8,23,TCB|FPT|VRE|CTG|STB|MBB|BVH|VHM,0.5,0.34782608695652173,1.4375
2024-11-22,2024,walk_forward_validation,10,23,TCB|FPT|VRE|CTG|STB|MBB|BVH|VHM|HPG|SAB,0.4,0.34782608695652173,1.1500000000000001
2024-11-25,2024,walk_forward_validation,2,23,VRE|TCB,0.0,0.43478260869565216,0.0
2024-11-25,2024,walk_forward_validation,3,23,VRE|TCB|CTG,0.3333333333333333,0.43478260869565216,0.7666666666666666
2024-11-25,2024,walk_forward_validation,5,23,VRE|TCB|CTG|POW|VHM,0.2,0.43478260869565216,0.46
2024-11-25,2024,walk_forward_validation,8,23,VRE|TCB|CTG|POW|VHM|FPT|STB|BVH,0.5,0.43478260869565216,1.1500000000000001
2024-11-25,2024,walk_forward_validation,10,23,VRE|TCB|CTG|POW|VHM|FPT|STB|BVH|VIC|HPG,0.5,0.43478260869565216,1.1500000000000001
2024-11-26,2024,walk_forward_validation,2,23,POW|VRE,0.0,0.391304347826087,0.0
2024-11-26,2024,walk_forward_validation,3,23,POW|VRE|CTG,0.3333333333333333,0.391304347826087,0.8518518518518517
2024-11-26,2024,walk_forward_validation,5,23,POW|VRE|CTG|VCB|TCB,0.4,0.391304347826087,1.0222222222222221
2024-11-26,2024,walk_forward_validation,8,23,POW|VRE|CTG|VCB|TCB|FPT|BVH|STB,0.625,0.391304347826087,1.597222222222222
2024-11-26,2024,walk_forward_validation,10,23,POW|VRE|CTG|VCB|TCB|FPT|BVH|STB|SAB|VHM,0.6,0.391304347826087,1.5333333333333332
2024-11-27,2024,walk_forward_validation,2,23,POW|VHM,0.0,0.391304347826087,0.0
2024-11-27,2024,walk_forward_validation,3,23,POW|VHM|CTG,0.3333333333333333,0.391304347826087,0.8518518518518517
2024-11-27,2024,walk_forward_validation,5,23,POW|VHM|CTG|TCB|VCB,0.4,0.391304347826087,1.0222222222222221
2024-11-27,2024,walk_forward_validation,8,23,POW|VHM|CTG|TCB|VCB|FPT|VRE|STB,0.5,0.391304347826087,1.2777777777777777
2024-11-27,2024,walk_forward_validation,10,23,POW|VHM|CTG|TCB|VCB|FPT|VRE|STB|SAB|BVH,0.5,0.391304347826087,1.2777777777777777
2024-11-28,2024,walk_forward_validation,2,23,POW|CTG,0.5,0.43478260869565216,1.1500000000000001
2024-11-28,2024,walk_forward_validation,3,23,POW|CTG|TCB,0.6666666666666666,0.43478260869565216,1.5333333333333332
2024-11-28,2024,walk_forward_validation,5,23,POW|CTG|TCB|FPT|VCB,0.6,0.43478260869565216,1.38
2024-11-28,2024,walk_forward_validation,8,23,POW|CTG|TCB|FPT|VCB|VRE|VHM|STB,0.5,0.43478260869565216,1.1500000000000001
2024-11-28,2024,walk_forward_validation,10,23,POW|CTG|TCB|FPT|VCB|VRE|VHM|STB|BVH|HPG,0.5,0.43478260869565216,1.1500000000000001
2024-11-29,2024,walk_forward_validation,2,23,TCB|CTG,1.0,0.391304347826087,2.5555555555555554
2024-11-29,2024,walk_forward_validation,3,23,TCB|CTG|VCB,0.6666666666666666,0.391304347826087,1.7037037037037035
2024-11-29,2024,walk_forward_validation,5,23,TCB|CTG|VCB|POW|HPG,0.4,0.391304347826087,1.0222222222222221
2024-11-29,2024,walk_forward_validation,8,23,TCB|CTG|VCB|POW|HPG|FPT|SAB|MSN,0.5,0.391304347826087,1.2777777777777777
2024-11-29,2024,walk_forward_validation,10,23,TCB|CTG|VCB|POW|HPG|FPT|SAB|MSN|STB|MBB,0.6,0.391304347826087,1.5333333333333332
2024-12-02,2024,walk_forward_validation,2,23,VCB|POW,0.0,0.391304347826087,0.0
2024-12-02,2024,walk_forward_validation,3,23,VCB|POW|TCB,0.3333333333333333,0.391304347826087,0.8518518518518517
2024-12-02,2024,walk_forward_validation,5,23,VCB|POW|TCB|CTG|HPG,0.4,0.391304347826087,1.0222222222222221
2024-12-02,2024,walk_forward_validation,8,23,VCB|POW|TCB|CTG|HPG|FPT|MBB|MSN,0.5,0.391304347826087,1.2777777777777777
2024-12-02,2024,walk_forward_validation,10,23,VCB|POW|TCB|CTG|HPG|FPT|MBB|MSN|SAB|STB,0.6,0.391304347826087,1.5333333333333332
2024-12-03,2024,walk_forward_validation,2,23,CTG|TCB,1.0,0.391304347826087,2.5555555555555554
2024-12-03,2024,walk_forward_validation,3,23,CTG|TCB|POW,0.6666666666666666,0.391304347826087,1.7037037037037035
2024-12-03,2024,walk_forward_validation,5,23,CTG|TCB|POW|HPG|FPT,0.6,0.391304347826087,1.5333333333333332
2024-12-03,2024,walk_forward_validation,8,23,CTG|TCB|POW|HPG|FPT|VCB|MSN|SAB,0.5,0.391304347826087,1.2777777777777777
2024-12-03,2024,walk_forward_validation,10,23,CTG|TCB|POW|HPG|FPT|VCB|MSN|SAB|HDB|STB,0.6,0.391304347826087,1.5333333333333332
2025-01-02,2025,final_test,2,23,CTG|FPT,0.5,0.30434782608695654,1.6428571428571428
2025-01-02,2025,final_test,3,23,CTG|FPT|STB,0.6666666666666666,0.30434782608695654,2.1904761904761902
2025-01-02,2025,final_test,5,23,CTG|FPT|STB|MBB|TCB,0.8,0.30434782608695654,2.6285714285714286
2025-01-02,2025,final_test,8,23,CTG|FPT|STB|MBB|TCB|SSI|HPG|VPB,0.5,0.30434782608695654,1.6428571428571428
2025-01-02,2025,final_test,10,23,CTG|FPT|STB|MBB|TCB|SSI|HPG|VPB|MWG|SAB,0.4,0.30434782608695654,1.3142857142857143
2025-01-03,2025,final_test,2,23,STB|CTG,1.0,0.30434782608695654,3.2857142857142856
2025-01-03,2025,final_test,3,23,STB|CTG|MBB,1.0,0.30434782608695654,3.2857142857142856
2025-01-03,2025,final_test,5,23,STB|CTG|MBB|FPT|BID,0.8,0.30434782608695654,2.6285714285714286
2025-01-03,2025,final_test,8,23,STB|CTG|MBB|FPT|BID|SSI|HDB|SAB,0.5,0.30434782608695654,1.6428571428571428
2025-01-03,2025,final_test,10,23,STB|CTG|MBB|FPT|BID|SSI|HDB|SAB|HPG|TCB,0.5,0.30434782608695654,1.6428571428571428
2025-01-06,2025,final_test,2,23,STB|CTG,1.0,0.391304347826087,2.5555555555555554
2025-01-06,2025,final_test,3,23,STB|CTG|MBB,1.0,0.391304347826087,2.5555555555555554
2025-01-06,2025,final_test,5,23,STB|CTG|MBB|FPT|BID,0.8,0.391304347826087,2.0444444444444443
2025-01-06,2025,final_test,8,23,STB|CTG|MBB|FPT|BID|VCB|TCB|HDB,0.625,0.391304347826087,1.597222222222222
2025-01-06,2025,final_test,10,23,STB|CTG|MBB|FPT|BID|VCB|TCB|HDB|SSI|VPB,0.5,0.391304347826087,1.2777777777777777
2025-01-07,2025,final_test,2,23,STB|CTG,1.0,0.34782608695652173,2.875
2025-01-07,2025,final_test,3,23,STB|CTG|FPT,0.6666666666666666,0.34782608695652173,1.9166666666666665
2025-01-07,2025,final_test,5,23,STB|CTG|FPT|MBB|TCB,0.8,0.34782608695652173,2.3000000000000003
2025-01-07,2025,final_test,8,23,STB|CTG|FPT|MBB|TCB|HDB|VCB|BID,0.5,0.34782608695652173,1.4375
2025-01-07,2025,final_test,10,23,STB|CTG|FPT|MBB|TCB|HDB|VCB|BID|VIC|SSI,0.4,0.34782608695652173,1.1500000000000001
2025-01-08,2025,final_test,2,23,STB|MBB,1.0,0.34782608695652173,2.875
2025-01-08,2025,final_test,3,23,STB|MBB|CTG,1.0,0.34782608695652173,2.875
2025-01-08,2025,final_test,5,23,STB|MBB|CTG|FPT|TCB,0.8,0.34782608695652173,2.3000000000000003
2025-01-08,2025,final_test,8,23,STB|MBB|CTG|FPT|TCB|BID|HDB|VPB,0.5,0.34782608695652173,1.4375
2025-01-08,2025,final_test,10,23,STB|MBB|CTG|FPT|TCB|BID|HDB|VPB|VCB|VIC,0.4,0.34782608695652173,1.1500000000000001
2025-01-09,2025,final_test,2,23,STB|CTG,1.0,0.34782608695652173,2.875
2025-01-09,2025,final_test,3,23,STB|CTG|MBB,1.0,0.34782608695652173,2.875
2025-01-09,2025,final_test,5,23,STB|CTG|MBB|FPT|BID,0.6,0.34782608695652173,1.725
2025-01-09,2025,final_test,8,23,STB|CTG|MBB|FPT|BID|TCB|VIC|VHM,0.5,0.34782608695652173,1.4375
2025-01-09,2025,final_test,10,23,STB|CTG|MBB|FPT|BID|TCB|VIC|VHM|HPG|VPB,0.4,0.34782608695652173,1.1500000000000001
2025-01-10,2025,final_test,2,23,STB|CTG,1.0,0.4782608695652174,2.090909090909091
2025-01-10,2025,final_test,3,23,STB|CTG|MBB,1.0,0.4782608695652174,2.090909090909091
2025-01-10,2025,final_test,5,23,STB|CTG|MBB|FPT|BID,0.8,0.4782608695652174,1.6727272727272728
2025-01-10,2025,final_test,8,23,STB|CTG|MBB|FPT|BID|VIC|VHM|POW,0.625,0.4782608695652174,1.3068181818181819
2025-01-10,2025,final_test,10,23,STB|CTG|MBB|FPT|BID|VIC|VHM|POW|TCB|PLX,0.7,0.4782608695652174,1.4636363636363634
2025-01-13,2025,final_test,2,23,CTG|STB,1.0,0.43478260869565216,2.3000000000000003
2025-01-13,2025,final_test,3,23,CTG|STB|MBB,1.0,0.43478260869565216,2.3000000000000003
2025-01-13,2025,final_test,5,23,CTG|STB|MBB|FPT|BID,0.6,0.43478260869565216,1.38
2025-01-13,2025,final_test,8,23,CTG|STB|MBB|FPT|BID|TCB|PLX|POW,0.75,0.43478260869565216,1.725
2025-01-13,2025,final_test,10,23,CTG|STB|MBB|FPT|BID|TCB|PLX|POW|VCB|HPG,0.6,0.43478260869565216,1.38
2025-01-14,2025,final_test,2,23,STB|MBB,1.0,0.5217391304347826,1.9166666666666667
2025-01-14,2025,final_test,3,23,STB|MBB|CTG,1.0,0.5217391304347826,1.9166666666666667
2025-01-14,2025,final_test,5,23,STB|MBB|CTG|BID|TCB,0.8,0.5217391304347826,1.5333333333333334
2025-01-14,2025,final_test,8,23,STB|MBB|CTG|BID|TCB|FPT|HPG|PLX,0.625,0.5217391304347826,1.1979166666666667
2025-01-14,2025,final_test,10,23,STB|MBB|CTG|BID|TCB|FPT|HPG|PLX|SSI|SAB,0.6,0.5217391304347826,1.15
2025-01-15,2025,final_test,2,23,STB|MBB,1.0,0.34782608695652173,2.875
2025-01-15,2025,final_test,3,23,STB|MBB|BID,0.6666666666666666,0.34782608695652173,1.9166666666666665
2025-01-15,2025,final_test,5,23,STB|MBB|BID|CTG|PLX,0.8,0.34782608695652173,2.3000000000000003
2025-01-15,2025,final_test,8,23,STB|MBB|BID|CTG|PLX|HPG|TCB|SAB,0.625,0.34782608695652173,1.796875
2025-01-15,2025,final_test,10,23,STB|MBB|BID|CTG|PLX|HPG|TCB|SAB|FPT|POW,0.5,0.34782608695652173,1.4375
2025-01-16,2025,final_test,2,23,STB|MBB,1.0,0.391304347826087,2.5555555555555554
2025-01-16,2025,final_test,3,23,STB|MBB|BID,0.6666666666666666,0.391304347826087,1.7037037037037035
2025-01-16,2025,final_test,5,23,STB|MBB|BID|PLX|TCB,0.8,0.391304347826087,2.0444444444444443
2025-01-16,2025,final_test,8,23,STB|MBB|BID|PLX|TCB|CTG|VCB|FPT,0.625,0.391304347826087,1.597222222222222
2025-01-16,2025,final_test,10,23,STB|MBB|BID|PLX|TCB|CTG|VCB|FPT|HPG|VIC,0.5,0.391304347826087,1.2777777777777777
2025-01-17,2025,final_test,2,23,FPT|TCB,0.5,0.391304347826087,1.2777777777777777
2025-01-17,2025,final_test,3,23,FPT|TCB|MBB,0.6666666666666666,0.391304347826087,1.7037037037037035
2025-01-17,2025,final_test,5,23,FPT|TCB|MBB|CTG|STB,0.8,0.391304347826087,2.0444444444444443
2025-01-17,2025,final_test,8,23,FPT|TCB|MBB|CTG|STB|BID|HPG|PLX,0.625,0.391304347826087,1.597222222222222
2025-01-17,2025,final_test,10,23,FPT|TCB|MBB|CTG|STB|BID|HPG|PLX|VCB|VIC,0.5,0.391304347826087,1.2777777777777777
2025-01-20,2025,final_test,2,23,MBB|TCB,1.0,0.4782608695652174,2.090909090909091
2025-01-20,2025,final_test,3,23,MBB|TCB|FPT,0.6666666666666666,0.4782608695652174,1.3939393939393938
2025-01-20,2025,final_test,5,23,MBB|TCB|FPT|CTG|BID,0.6,0.4782608695652174,1.2545454545454544
2025-01-20,2025,final_test,8,23,MBB|TCB|FPT|CTG|BID|STB|HPG|PLX,0.75,0.4782608695652174,1.5681818181818181
2025-01-20,2025,final_test,10,23,MBB|TCB|FPT|CTG|BID|STB|HPG|PLX|SSI|BVH,0.8,0.4782608695652174,1.6727272727272728
2025-01-21,2025,final_test,2,23,MBB|FPT,0.5,0.391304347826087,1.2777777777777777
2025-01-21,2025,final_test,3,23,MBB|FPT|TCB,0.6666666666666666,0.391304347826087,1.7037037037037035
2025-01-21,2025,final_test,5,23,MBB|FPT|TCB|STB|BID,0.6,0.391304347826087,1.5333333333333332
2025-01-21,2025,final_test,8,23,MBB|FPT|TCB|STB|BID|CTG|HPG|PLX,0.625,0.391304347826087,1.597222222222222
2025-01-21,2025,final_test,10,23,MBB|FPT|TCB|STB|BID|CTG|HPG|PLX|BVH|VIC,0.6,0.391304347826087,1.5333333333333332
2025-01-22,2025,final_test,2,23,MBB|FPT,0.5,0.4782608695652174,1.0454545454545454
2025-01-22,2025,final_test,3,23,MBB|FPT|STB,0.6666666666666666,0.4782608695652174,1.3939393939393938
2025-01-22,2025,final_test,5,23,MBB|FPT|STB|TCB|HPG,0.8,0.4782608695652174,1.6727272727272728
2025-01-22,2025,final_test,8,23,MBB|FPT|STB|TCB|HPG|CTG|BID|SSI,0.75,0.4782608695652174,1.5681818181818181
2025-01-22,2025,final_test,10,23,MBB|FPT|STB|TCB|HPG|CTG|BID|SSI|PLX|VIC,0.7,0.4782608695652174,1.4636363636363634
2025-01-23,2025,final_test,2,23,MBB|FPT,0.5,0.43478260869565216,1.1500000000000001
2025-01-23,2025,final_test,3,23,MBB|FPT|CTG,0.6666666666666666,0.43478260869565216,1.5333333333333332
2025-01-23,2025,final_test,5,23,MBB|FPT|CTG|STB|HPG,0.6,0.43478260869565216,1.38
2025-01-23,2025,final_test,8,23,MBB|FPT|CTG|STB|HPG|TCB|VPB|BID,0.5,0.43478260869565216,1.1500000000000001
2025-01-23,2025,final_test,10,23,MBB|FPT|CTG|STB|HPG|TCB|VPB|BID|MWG|SSI,0.4,0.43478260869565216,0.92
2025-01-24,2025,final_test,2,23,MBB|FPT,0.0,0.43478260869565216,0.0
2025-01-24,2025,final_test,3,23,MBB|FPT|TCB,0.3333333333333333,0.43478260869565216,0.7666666666666666
2025-01-24,2025,final_test,5,23,MBB|FPT|TCB|STB|CTG,0.6,0.43478260869565216,1.38
2025-01-24,2025,final_test,8,23,MBB|FPT|TCB|STB|CTG|VPB|MWG|HPG,0.5,0.43478260869565216,1.1500000000000001
2025-01-24,2025,final_test,10,23,MBB|FPT|TCB|STB|CTG|VPB|MWG|HPG|BID|SSI,0.5,0.43478260869565216,1.1500000000000001
2025-02-03,2025,final_test,2,23,CTG|MBB,1.0,0.5217391304347826,1.9166666666666667
2025-02-03,2025,final_test,3,23,CTG|MBB|TCB,1.0,0.5217391304347826,1.9166666666666667
2025-02-03,2025,final_test,5,23,CTG|MBB|TCB|STB|HPG,1.0,0.5217391304347826,1.9166666666666667
2025-02-03,2025,final_test,8,23,CTG|MBB|TCB|STB|HPG|MWG|BID|SSI,0.75,0.5217391304347826,1.4375
2025-02-03,2025,final_test,10,23,CTG|MBB|TCB|STB|HPG|MWG|BID|SSI|HDB|MSN,0.6,0.5217391304347826,1.15
2025-02-04,2025,final_test,2,23,CTG|MBB,1.0,0.5217391304347826,1.9166666666666667
2025-02-04,2025,final_test,3,23,CTG|MBB|HPG,1.0,0.5217391304347826,1.9166666666666667
2025-02-04,2025,final_test,5,23,CTG|MBB|HPG|STB|TCB,1.0,0.5217391304347826,1.9166666666666667
2025-02-04,2025,final_test,8,23,CTG|MBB|HPG|STB|TCB|MWG|SSI|BID,0.75,0.5217391304347826,1.4375
2025-02-04,2025,final_test,10,23,CTG|MBB|HPG|STB|TCB|MWG|SSI|BID|PLX|HDB,0.7,0.5217391304347826,1.3416666666666666
2025-02-05,2025,final_test,2,23,CTG|MBB,1.0,0.43478260869565216,2.3000000000000003
2025-02-05,2025,final_test,3,23,CTG|MBB|STB,1.0,0.43478260869565216,2.3000000000000003
2025-02-05,2025,final_test,5,23,CTG|MBB|STB|HPG|TCB,0.8,0.43478260869565216,1.84
2025-02-05,2025,final_test,8,23,CTG|MBB|STB|HPG|TCB|VPB|BID|MWG,0.5,0.43478260869565216,1.1500000000000001
2025-02-05,2025,final_test,10,23,CTG|MBB|STB|HPG|TCB|VPB|BID|MWG|SSI|VCB,0.5,0.43478260869565216,1.1500000000000001
2025-02-06,2025,final_test,2,23,CTG|MBB,1.0,0.5217391304347826,1.9166666666666667
2025-02-06,2025,final_test,3,23,CTG|MBB|STB,1.0,0.5217391304347826,1.9166666666666667
2025-02-06,2025,final_test,5,23,CTG|MBB|STB|VPB|HPG,0.8,0.5217391304347826,1.5333333333333334
2025-02-06,2025,final_test,8,23,CTG|MBB|STB|VPB|HPG|TCB|BID|VCB,0.625,0.5217391304347826,1.1979166666666667
2025-02-06,2025,final_test,10,23,CTG|MBB|STB|VPB|HPG|TCB|BID|VCB|SSI|PLX,0.7,0.5217391304347826,1.3416666666666666
2025-02-07,2025,final_test,2,23,STB|MBB,1.0,0.4782608695652174,2.090909090909091
2025-02-07,2025,final_test,3,23,STB|MBB|CTG,0.6666666666666666,0.4782608695652174,1.3939393939393938
2025-02-07,2025,final_test,5,23,STB|MBB|CTG|TCB|VPB,0.6,0.4782608695652174,1.2545454545454544
2025-02-07,2025,final_test,8,23,STB|MBB|CTG|TCB|VPB|HPG|SSI|BID,0.625,0.4782608695652174,1.3068181818181819
2025-02-07,2025,final_test,10,23,STB|MBB|CTG|TCB|VPB|HPG|SSI|BID|MWG|VCB,0.6,0.4782608695652174,1.2545454545454544
2025-02-10,2025,final_test,2,23,CTG|MBB,1.0,0.4782608695652174,2.090909090909091
2025-02-10,2025,final_test,3,23,CTG|MBB|TCB,1.0,0.4782608695652174,2.090909090909091
2025-02-10,2025,final_test,5,23,CTG|MBB|TCB|STB|SSI,0.8,0.4782608695652174,1.6727272727272728
2025-02-10,2025,final_test,8,23,CTG|MBB|TCB|STB|SSI|VPB|MWG|POW,0.625,0.4782608695652174,1.3068181818181819
2025-02-10,2025,final_test,10,23,CTG|MBB|TCB|STB|SSI|VPB|MWG|POW|BID|MSN,0.5,0.4782608695652174,1.0454545454545454
2025-02-11,2025,final_test,2,23,CTG|STB,0.0,0.4782608695652174,0.0
2025-02-11,2025,final_test,3,23,CTG|STB|MBB,0.3333333333333333,0.4782608695652174,0.6969696969696969
2025-02-11,2025,final_test,5,23,CTG|STB|MBB|TCB|SSI,0.6,0.4782608695652174,1.2545454545454544
2025-02-11,2025,final_test,8,23,CTG|STB|MBB|TCB|SSI|BID|VPB|POW,0.375,0.4782608695652174,0.7840909090909091
2025-02-11,2025,final_test,10,23,CTG|STB|MBB|TCB|SSI|BID|VPB|POW|HPG|MSN,0.4,0.4782608695652174,0.8363636363636364
2025-02-12,2025,final_test,2,23,STB|CTG,0.0,0.391304347826087,0.0
2025-02-12,2025,final_test,3,23,STB|CTG|MBB,0.3333333333333333,0.391304347826087,0.8518518518518517
2025-02-12,2025,final_test,5,23,STB|CTG|MBB|TCB|SSI,0.6,0.391304347826087,1.5333333333333332
2025-02-12,2025,final_test,8,23,STB|CTG|MBB|TCB|SSI|VPB|POW|BID,0.375,0.391304347826087,0.9583333333333333
2025-02-12,2025,final_test,10,23,STB|CTG|MBB|TCB|SSI|VPB|POW|BID|PLX|MSN,0.3,0.391304347826087,0.7666666666666666
2025-02-13,2025,final_test,2,23,STB|CTG,0.0,0.391304347826087,0.0
2025-02-13,2025,final_test,3,23,STB|CTG|TCB,0.3333333333333333,0.391304347826087,0.8518518518518517
2025-02-13,2025,final_test,5,23,STB|CTG|TCB|MBB|POW,0.4,0.391304347826087,1.0222222222222221
2025-02-13,2025,final_test,8,23,STB|CTG|TCB|MBB|POW|SSI|VPB|BID,0.375,0.391304347826087,0.9583333333333333
2025-02-13,2025,final_test,10,23,STB|CTG|TCB|MBB|POW|SSI|VPB|BID|MSN|BVH,0.3,0.391304347826087,0.7666666666666666
2025-02-14,2025,final_test,2,23,TCB|CTG,1.0,0.4782608695652174,2.090909090909091
2025-02-14,2025,final_test,3,23,TCB|CTG|STB,0.6666666666666666,0.4782608695652174,1.3939393939393938
2025-02-14,2025,final_test,5,23,TCB|CTG|STB|MBB|SSI,0.8,0.4782608695652174,1.6727272727272728
2025-02-14,2025,final_test,8,23,TCB|CTG|STB|MBB|SSI|BID|POW|VPB,0.5,0.4782608695652174,1.0454545454545454
2025-02-14,2025,final_test,10,23,TCB|CTG|STB|MBB|SSI|BID|POW|VPB|PLX|BVH,0.4,0.4782608695652174,0.8363636363636364
2025-02-17,2025,final_test,2,23,STB|CTG,0.5,0.5652173913043478,0.8846153846153847
2025-02-17,2025,final_test,3,23,STB|CTG|TCB,0.6666666666666666,0.5652173913043478,1.1794871794871795
2025-02-17,2025,final_test,5,23,STB|CTG|TCB|MBB|SSI,0.8,0.5652173913043478,1.4153846153846155
2025-02-17,2025,final_test,8,23,STB|CTG|TCB|MBB|SSI|POW|BID|PLX,0.5,0.5652173913043478,0.8846153846153847
2025-02-17,2025,final_test,10,23,STB|CTG|TCB|MBB|SSI|POW|BID|PLX|BVH|VPB,0.5,0.5652173913043478,0.8846153846153847
2025-02-18,2025,final_test,2,23,STB|TCB,0.5,0.5217391304347826,0.9583333333333334
2025-02-18,2025,final_test,3,23,STB|TCB|CTG,0.6666666666666666,0.5217391304347826,1.2777777777777777
2025-02-18,2025,final_test,5,23,STB|TCB|CTG|MBB|SSI,0.8,0.5217391304347826,1.5333333333333334
2025-02-18,2025,final_test,8,23,STB|TCB|CTG|MBB|SSI|POW|PLX|BID,0.625,0.5217391304347826,1.1979166666666667
2025-02-18,2025,final_test,10,23,STB|TCB|CTG|MBB|SSI|POW|PLX|BID|VPB|HPG,0.6,0.5217391304347826,1.15
2025-02-19,2025,final_test,2,23,STB|TCB,0.5,0.43478260869565216,1.1500000000000001
2025-02-19,2025,final_test,3,23,STB|TCB|CTG,0.3333333333333333,0.43478260869565216,0.7666666666666666
2025-02-19,2025,final_test,5,23,STB|TCB|CTG|SSI|MBB,0.6,0.43478260869565216,1.38
2025-02-19,2025,final_test,8,23,STB|TCB|CTG|SSI|MBB|PLX|POW|BID,0.5,0.43478260869565216,1.1500000000000001
2025-02-19,2025,final_test,10,23,STB|TCB|CTG|SSI|MBB|PLX|POW|BID|BVH|VPB,0.4,0.43478260869565216,0.92
2025-02-20,2025,final_test,2,23,STB|TCB,0.5,0.391304347826087,1.2777777777777777
2025-02-20,2025,final_test,3,23,STB|TCB|CTG,0.3333333333333333,0.391304347826087,0.8518518518518517
2025-02-20,2025,final_test,5,23,STB|TCB|CTG|MBB|PLX,0.4,0.391304347826087,1.0222222222222221
2025-02-20,2025,final_test,8,23,STB|TCB|CTG|MBB|PLX|SSI|VPB|BID,0.375,0.391304347826087,0.9583333333333333
2025-02-20,2025,final_test,10,23,STB|TCB|CTG|MBB|PLX|SSI|VPB|BID|VRE|POW,0.5,0.391304347826087,1.2777777777777777
2025-02-21,2025,final_test,2,23,STB|TCB,0.5,0.391304347826087,1.2777777777777777
2025-02-21,2025,final_test,3,23,STB|TCB|CTG,0.3333333333333333,0.391304347826087,0.8518518518518517
2025-02-21,2025,final_test,5,23,STB|TCB|CTG|PLX|MBB,0.4,0.391304347826087,1.0222222222222221
2025-02-21,2025,final_test,8,23,STB|TCB|CTG|PLX|MBB|SSI|BID|VPB,0.375,0.391304347826087,0.9583333333333333
2025-02-21,2025,final_test,10,23,STB|TCB|CTG|PLX|MBB|SSI|BID|VPB|POW|BVH,0.3,0.391304347826087,0.7666666666666666
2025-02-24,2025,final_test,2,23,STB|SSI,0.5,0.391304347826087,1.2777777777777777
2025-02-24,2025,final_test,3,23,STB|SSI|TCB,0.6666666666666666,0.391304347826087,1.7037037037037035
2025-02-24,2025,final_test,5,23,STB|SSI|TCB|CTG|VPB,0.4,0.391304347826087,1.0222222222222221
2025-02-24,2025,final_test,8,23,STB|SSI|TCB|CTG|VPB|MBB|PLX|POW,0.5,0.391304347826087,1.2777777777777777
2025-02-24,2025,final_test,10,23,STB|SSI|TCB|CTG|VPB|MBB|PLX|POW|BID|HPG,0.4,0.391304347826087,1.0222222222222221
2025-02-25,2025,final_test,2,23,STB|CTG,0.0,0.391304347826087,0.0
2025-02-25,2025,final_test,3,23,STB|CTG|SSI,0.3333333333333333,0.391304347826087,0.8518518518518517
2025-02-25,2025,final_test,5,23,STB|CTG|SSI|TCB|MBB,0.6,0.391304347826087,1.5333333333333332
2025-02-25,2025,final_test,8,23,STB|CTG|SSI|TCB|MBB|PLX|HPG|BID,0.375,0.391304347826087,0.9583333333333333
2025-02-25,2025,final_test,10,23,STB|CTG|SSI|TCB|MBB|PLX|HPG|BID|VPB|BVH,0.3,0.391304347826087,0.7666666666666666
2025-02-26,2025,final_test,2,23,SSI|TCB,1.0,0.391304347826087,2.5555555555555554
2025-02-26,2025,final_test,3,23,SSI|TCB|CTG,0.6666666666666666,0.391304347826087,1.7037037037037035
2025-02-26,2025,final_test,5,23,SSI|TCB|CTG|MBB|PLX,0.6,0.391304347826087,1.5333333333333332
2025-02-26,2025,final_test,8,23,SSI|TCB|CTG|MBB|PLX|HPG|BID|STB,0.375,0.391304347826087,0.9583333333333333
2025-02-26,2025,final_test,10,23,SSI|TCB|CTG|MBB|PLX|HPG|BID|STB|VHM|HDB,0.4,0.391304347826087,1.0222222222222221
2025-02-27,2025,final_test,2,23,SSI|HPG,0.0,0.391304347826087,0.0
2025-02-27,2025,final_test,3,23,SSI|HPG|TCB,0.3333333333333333,0.391304347826087,0.8518518518518517
2025-02-27,2025,final_test,5,23,SSI|HPG|TCB|CTG|VHM,0.4,0.391304347826087,1.0222222222222221
2025-02-27,2025,final_test,8,23,SSI|HPG|TCB|CTG|VHM|MBB|PLX|BID,0.375,0.391304347826087,0.9583333333333333
2025-02-27,2025,final_test,10,23,SSI|HPG|TCB|CTG|VHM|MBB|PLX|BID|VRE|HDB,0.4,0.391304347826087,1.0222222222222221
2025-02-28,2025,final_test,2,23,SSI|CTG,0.0,0.391304347826087,0.0
2025-02-28,2025,final_test,3,23,SSI|CTG|HPG,0.0,0.391304347826087,0.0
2025-02-28,2025,final_test,5,23,SSI|CTG|HPG|TCB|VHM,0.4,0.391304347826087,1.0222222222222221
2025-02-28,2025,final_test,8,23,SSI|CTG|HPG|TCB|VHM|PLX|VIC|VRE,0.5,0.391304347826087,1.2777777777777777
2025-02-28,2025,final_test,10,23,SSI|CTG|HPG|TCB|VHM|PLX|VIC|VRE|VPB|BID,0.4,0.391304347826087,1.0222222222222221
2025-03-03,2025,final_test,2,23,SSI|HPG,0.0,0.391304347826087,0.0
2025-03-03,2025,final_test,3,23,SSI|HPG|CTG,0.3333333333333333,0.391304347826087,0.8518518518518517
2025-03-03,2025,final_test,5,23,SSI|HPG|CTG|VHM|VIC,0.6,0.391304347826087,1.5333333333333332
2025-03-03,2025,final_test,8,23,SSI|HPG|CTG|VHM|VIC|VRE|TCB|STB,0.625,0.391304347826087,1.597222222222222
2025-03-03,2025,final_test,10,23,SSI|HPG|CTG|VHM|VIC|VRE|TCB|STB|PLX|MBB,0.6,0.391304347826087,1.5333333333333332
2025-03-04,2025,final_test,2,23,SSI|CTG,0.5,0.391304347826087,1.2777777777777777
2025-03-04,2025,final_test,3,23,SSI|CTG|TCB,0.6666666666666666,0.391304347826087,1.7037037037037035
2025-03-04,2025,final_test,5,23,SSI|CTG|TCB|MBB|VIC,0.8,0.391304347826087,2.0444444444444443
2025-03-04,2025,final_test,8,23,SSI|CTG|TCB|MBB|VIC|STB|PLX|VRE,0.75,0.391304347826087,1.9166666666666665
2025-03-04,2025,final_test,10,23,SSI|CTG|TCB|MBB|VIC|STB|PLX|VRE|HPG|VHM,0.7,0.391304347826087,1.7888888888888888
2025-03-05,2025,final_test,2,23,SSI|VIC,1.0,0.43478260869565216,2.3000000000000003
2025-03-05,2025,final_test,3,23,SSI|VIC|TCB,1.0,0.43478260869565216,2.3000000000000003
2025-03-05,2025,final_test,5,23,SSI|VIC|TCB|MBB|VRE,1.0,0.43478260869565216,2.3000000000000003
2025-03-05,2025,final_test,8,23,SSI|VIC|TCB|MBB|VRE|CTG|HPG|MWG,0.75,0.43478260869565216,1.725
2025-03-05,2025,final_test,10,23,SSI|VIC|TCB|MBB|VRE|CTG|HPG|MWG|VHM|STB,0.8,0.43478260869565216,1.84
2025-03-06,2025,final_test,2,23,SSI|MBB,0.5,0.34782608695652173,1.4375
2025-03-06,2025,final_test,3,23,SSI|MBB|VIC,0.6666666666666666,0.34782608695652173,1.9166666666666665
2025-03-06,2025,final_test,5,23,SSI|MBB|VIC|TCB|MWG,0.6,0.34782608695652173,1.725
2025-03-06,2025,final_test,8,23,SSI|MBB|VIC|TCB|MWG|VRE|HPG|STB,0.5,0.34782608695652173,1.4375
2025-03-06,2025,final_test,10,23,SSI|MBB|VIC|TCB|MWG|VRE|HPG|STB|CTG|VHM,0.6,0.34782608695652173,1.725
2025-03-07,2025,final_test,2,23,SSI|TCB,0.5,0.391304347826087,1.2777777777777777
2025-03-07,2025,final_test,3,23,SSI|TCB|MBB,0.6666666666666666,0.391304347826087,1.7037037037037035
2025-03-07,2025,final_test,5,23,SSI|TCB|MBB|CTG|VRE,0.6,0.391304347826087,1.5333333333333332
2025-03-07,2025,final_test,8,23,SSI|TCB|MBB|CTG|VRE|MWG|HPG|HDB,0.375,0.391304347826087,0.9583333333333333
2025-03-07,2025,final_test,10,23,SSI|TCB|MBB|CTG|VRE|MWG|HPG|HDB|STB|VCB,0.5,0.391304347826087,1.2777777777777777
2025-03-10,2025,final_test,2,23,MBB|VRE,1.0,0.391304347826087,2.5555555555555554
2025-03-10,2025,final_test,3,23,MBB|VRE|TCB,1.0,0.391304347826087,2.5555555555555554
2025-03-10,2025,final_test,5,23,MBB|VRE|TCB|SSI|CTG,0.6,0.391304347826087,1.5333333333333332
2025-03-10,2025,final_test,8,23,MBB|VRE|TCB|SSI|CTG|MWG|HDB|HPG,0.375,0.391304347826087,0.9583333333333333
2025-03-10,2025,final_test,10,23,MBB|VRE|TCB|SSI|CTG|MWG|HDB|HPG|VCB|STB,0.5,0.391304347826087,1.2777777777777777
2025-03-11,2025,final_test,2,23,TCB|MBB,1.0,0.391304347826087,2.5555555555555554
2025-03-11,2025,final_test,3,23,TCB|MBB|CTG,0.6666666666666666,0.391304347826087,1.7037037037037035
2025-03-11,2025,final_test,5,23,TCB|MBB|CTG|SSI|MWG,0.4,0.391304347826087,1.0222222222222221
2025-03-11,2025,final_test,8,23,TCB|MBB|CTG|SSI|MWG|HDB|VCB|VRE,0.375,0.391304347826087,0.9583333333333333
2025-03-11,2025,final_test,10,23,TCB|MBB|CTG|SSI|MWG|HDB|VCB|VRE|VPB|STB,0.4,0.391304347826087,1.0222222222222221
2025-03-12,2025,final_test,2,23,MBB|CTG,0.5,0.391304347826087,1.2777777777777777
2025-03-12,2025,final_test,3,23,MBB|CTG|TCB,0.6666666666666666,0.391304347826087,1.7037037037037035
2025-03-12,2025,final_test,5,23,MBB|CTG|TCB|VRE|SSI,0.6,0.391304347826087,1.5333333333333332
2025-03-12,2025,final_test,8,23,MBB|CTG|TCB|VRE|SSI|HDB|MWG|VPB,0.375,0.391304347826087,0.9583333333333333
2025-03-12,2025,final_test,10,23,MBB|CTG|TCB|VRE|SSI|HDB|MWG|VPB|STB|VCB,0.4,0.391304347826087,1.0222222222222221
2025-03-13,2025,final_test,2,23,SSI|CTG,0.0,0.391304347826087,0.0
2025-03-13,2025,final_test,3,23,SSI|CTG|MBB,0.3333333333333333,0.391304347826087,0.8518518518518517
2025-03-13,2025,final_test,5,23,SSI|CTG|MBB|TCB|HPG,0.4,0.391304347826087,1.0222222222222221
2025-03-13,2025,final_test,8,23,SSI|CTG|MBB|TCB|HPG|HDB|MWG|VRE,0.375,0.391304347826087,0.9583333333333333
2025-03-13,2025,final_test,10,23,SSI|CTG|MBB|TCB|HPG|HDB|MWG|VRE|VCB|MSN,0.3,0.391304347826087,0.7666666666666666
2025-03-14,2025,final_test,2,23,SSI|CTG,0.0,0.34782608695652173,0.0
2025-03-14,2025,final_test,3,23,SSI|CTG|MBB,0.3333333333333333,0.34782608695652173,0.9583333333333333
2025-03-14,2025,final_test,5,23,SSI|CTG|MBB|VRE|TCB,0.6,0.34782608695652173,1.725
2025-03-14,2025,final_test,8,23,SSI|CTG|MBB|VRE|TCB|VCB|MWG|MSN,0.375,0.34782608695652173,1.078125
2025-03-14,2025,final_test,10,23,SSI|CTG|MBB|VRE|TCB|VCB|MWG|MSN|HDB|HPG,0.3,0.34782608695652173,0.8625
2025-03-17,2025,final_test,2,23,SSI|MBB,0.5,0.43478260869565216,1.1500000000000001
2025-03-17,2025,final_test,3,23,SSI|MBB|CTG,0.3333333333333333,0.43478260869565216,0.7666666666666666
2025-03-17,2025,final_test,5,23,SSI|MBB|CTG|VRE|HDB,0.4,0.43478260869565216,0.92
2025-03-17,2025,final_test,8,23,SSI|MBB|CTG|VRE|HDB|VCB|TCB|MWG,0.5,0.43478260869565216,1.1500000000000001
2025-03-17,2025,final_test,10,23,SSI|MBB|CTG|VRE|HDB|VCB|TCB|MWG|VPB|VJC,0.4,0.43478260869565216,0.92
2025-03-18,2025,final_test,2,23,SSI|TCB,0.5,0.43478260869565216,1.1500000000000001
2025-03-18,2025,final_test,3,23,SSI|TCB|VRE,0.6666666666666666,0.43478260869565216,1.5333333333333332
2025-03-18,2025,final_test,5,23,SSI|TCB|VRE|CTG|MWG,0.6,0.43478260869565216,1.38
2025-03-18,2025,final_test,8,23,SSI|TCB|VRE|CTG|MWG|VCB|MBB|VPB,0.5,0.43478260869565216,1.1500000000000001
2025-03-18,2025,final_test,10,23,SSI|TCB|VRE|CTG|MWG|VCB|MBB|VPB|HDB|HPG,0.5,0.43478260869565216,1.1500000000000001
2025-03-19,2025,final_test,2,23,SSI|VRE,0.5,0.43478260869565216,1.1500000000000001
2025-03-19,2025,final_test,3,23,SSI|VRE|TCB,0.6666666666666666,0.43478260869565216,1.5333333333333332
2025-03-19,2025,final_test,5,23,SSI|VRE|TCB|VCB|CTG,0.4,0.43478260869565216,0.92
2025-03-19,2025,final_test,8,23,SSI|VRE|TCB|VCB|CTG|MBB|HDB|POW,0.5,0.43478260869565216,1.1500000000000001
2025-03-19,2025,final_test,10,23,SSI|VRE|TCB|VCB|CTG|MBB|HDB|POW|VPB|MWG,0.5,0.43478260869565216,1.1500000000000001
2025-03-20,2025,final_test,2,23,VRE|MBB,1.0,0.43478260869565216,2.3000000000000003
2025-03-20,2025,final_test,3,23,VRE|MBB|SSI,0.6666666666666666,0.43478260869565216,1.5333333333333332
2025-03-20,2025,final_test,5,23,VRE|MBB|SSI|TCB|VCB,0.6,0.43478260869565216,1.38
2025-03-20,2025,final_test,8,23,VRE|MBB|SSI|TCB|VCB|CTG|VHM|HDB,0.5,0.43478260869565216,1.1500000000000001
2025-03-20,2025,final_test,10,23,VRE|MBB|SSI|TCB|VCB|CTG|VHM|HDB|VPB|MWG,0.5,0.43478260869565216,1.1500000000000001
2025-03-21,2025,final_test,2,23,VRE|SSI,0.5,0.4782608695652174,1.0454545454545454
2025-03-21,2025,final_test,3,23,VRE|SSI|MBB,0.6666666666666666,0.4782608695652174,1.3939393939393938
2025-03-21,2025,final_test,5,23,VRE|SSI|MBB|CTG|TCB,0.6,0.4782608695652174,1.2545454545454544
2025-03-21,2025,final_test,8,23,VRE|SSI|MBB|CTG|TCB|HDB|MWG|VCB,0.5,0.4782608695652174,1.0454545454545454
2025-03-21,2025,final_test,10,23,VRE|SSI|MBB|CTG|TCB|HDB|MWG|VCB|VPB|VHM,0.5,0.4782608695652174,1.0454545454545454
2025-03-24,2025,final_test,2,23,SSI|TCB,0.0,0.43478260869565216,0.0
2025-03-24,2025,final_test,3,23,SSI|TCB|CTG,0.0,0.43478260869565216,0.0
2025-03-24,2025,final_test,5,23,SSI|TCB|CTG|MBB|VRE,0.4,0.43478260869565216,0.92
2025-03-24,2025,final_test,8,23,SSI|TCB|CTG|MBB|VRE|VPB|MWG|HPG,0.5,0.43478260869565216,1.1500000000000001
2025-03-24,2025,final_test,10,23,SSI|TCB|CTG|MBB|VRE|VPB|MWG|HPG|VCB|HDB,0.4,0.43478260869565216,0.92
2025-03-25,2025,final_test,2,23,CTG|SSI,0.0,0.4782608695652174,0.0
2025-03-25,2025,final_test,3,23,CTG|SSI|TCB,0.3333333333333333,0.4782608695652174,0.6969696969696969
2025-03-25,2025,final_test,5,23,CTG|SSI|TCB|MWG|VCB,0.4,0.4782608695652174,0.8363636363636364
2025-03-25,2025,final_test,8,23,CTG|SSI|TCB|MWG|VCB|HPG|MBB|VPB,0.5,0.4782608695652174,1.0454545454545454
2025-03-25,2025,final_test,10,23,CTG|SSI|TCB|MWG|VCB|HPG|MBB|VPB|HDB|POW,0.5,0.4782608695652174,1.0454545454545454
2025-03-26,2025,final_test,2,23,TCB|CTG,0.0,0.43478260869565216,0.0
2025-03-26,2025,final_test,3,23,TCB|CTG|SSI,0.0,0.43478260869565216,0.0
2025-03-26,2025,final_test,5,23,TCB|CTG|SSI|MWG|HPG,0.4,0.43478260869565216,0.92
2025-03-26,2025,final_test,8,23,TCB|CTG|SSI|MWG|HPG|MBB|POW|VCB,0.5,0.43478260869565216,1.1500000000000001
2025-03-26,2025,final_test,10,23,TCB|CTG|SSI|MWG|HPG|MBB|POW|VCB|VRE|VPB,0.5,0.43478260869565216,1.1500000000000001
2025-03-27,2025,final_test,2,23,TCB|HPG,1.0,0.5217391304347826,1.9166666666666667
2025-03-27,2025,final_test,3,23,TCB|HPG|MWG,1.0,0.5217391304347826,1.9166666666666667
2025-03-27,2025,final_test,5,23,TCB|HPG|MWG|SSI|MBB,0.8,0.5217391304347826,1.5333333333333334
2025-03-27,2025,final_test,8,23,TCB|HPG|MWG|SSI|MBB|CTG|POW|VCB,0.5,0.5217391304347826,0.9583333333333334
2025-03-27,2025,final_test,10,23,TCB|HPG|MWG|SSI|MBB|CTG|POW|VCB|MSN|VRE,0.5,0.5217391304347826,0.9583333333333334
2025-03-28,2025,final_test,2,23,TCB|SSI,0.5,0.4782608695652174,1.0454545454545454
2025-03-28,2025,final_test,3,23,TCB|SSI|MBB,0.6666666666666666,0.4782608695652174,1.3939393939393938
2025-03-28,2025,final_test,5,23,TCB|SSI|MBB|MWG|HPG,0.8,0.4782608695652174,1.6727272727272728
2025-03-28,2025,final_test,8,23,TCB|SSI|MBB|MWG|HPG|POW|CTG|VRE,0.625,0.4782608695652174,1.3068181818181819
2025-03-28,2025,final_test,10,23,TCB|SSI|MBB|MWG|HPG|POW|CTG|VRE|MSN|VCB,0.5,0.4782608695652174,1.0454545454545454
2025-03-31,2025,final_test,2,23,TCB|MBB,1.0,0.4782608695652174,2.090909090909091
2025-03-31,2025,final_test,3,23,TCB|MBB|CTG,0.6666666666666666,0.4782608695652174,1.3939393939393938
2025-03-31,2025,final_test,5,23,TCB|MBB|CTG|VRE|POW,0.6,0.4782608695652174,1.2545454545454544
2025-03-31,2025,final_test,8,23,TCB|MBB|CTG|VRE|POW|SSI|MWG|FPT,0.5,0.4782608695652174,1.0454545454545454
2025-03-31,2025,final_test,10,23,TCB|MBB|CTG|VRE|POW|SSI|MWG|FPT|HPG|VHM,0.6,0.4782608695652174,1.2545454545454544
2025-04-01,2025,final_test,2,23,TCB|CTG,0.5,0.5217391304347826,0.9583333333333334
2025-04-01,2025,final_test,3,23,TCB|CTG|MBB,0.6666666666666666,0.5217391304347826,1.2777777777777777
2025-04-01,2025,final_test,5,23,TCB|CTG|MBB|STB|VRE,0.8,0.5217391304347826,1.5333333333333334
2025-04-01,2025,final_test,8,23,TCB|CTG|MBB|STB|VRE|HPG|SSI|POW,0.75,0.5217391304347826,1.4375
2025-04-01,2025,final_test,10,23,TCB|CTG|MBB|STB|VRE|HPG|SSI|POW|HDB|VPB,0.7,0.5217391304347826,1.3416666666666666
2025-04-02,2025,final_test,2,23,TCB|HPG,0.5,0.43478260869565216,1.1500000000000001
2025-04-02,2025,final_test,3,23,TCB|HPG|CTG,0.3333333333333333,0.43478260869565216,0.7666666666666666
2025-04-02,2025,final_test,5,23,TCB|HPG|CTG|MBB|SSI,0.4,0.43478260869565216,0.92
2025-04-02,2025,final_test,8,23,TCB|HPG|CTG|MBB|SSI|VRE|STB|POW,0.625,0.43478260869565216,1.4375
2025-04-02,2025,final_test,10,23,TCB|HPG|CTG|MBB|SSI|VRE|STB|POW|HDB|VHM,0.7,0.43478260869565216,1.6099999999999999
2025-04-03,2025,final_test,2,23,FPT|POW,0.5,0.391304347826087,1.2777777777777777
2025-04-03,2025,final_test,3,23,FPT|POW|TCB,0.6666666666666666,0.391304347826087,1.7037037037037035
2025-04-03,2025,final_test,5,23,FPT|POW|TCB|SSI|HPG,0.4,0.391304347826087,1.0222222222222221
2025-04-03,2025,final_test,8,23,FPT|POW|TCB|SSI|HPG|MBB|VRE|CTG,0.5,0.391304347826087,1.2777777777777777
2025-04-03,2025,final_test,10,23,FPT|POW|TCB|SSI|HPG|MBB|VRE|CTG|BVH|VPB,0.4,0.391304347826087,1.0222222222222221
2025-04-04,2025,final_test,2,23,FPT|POW,0.5,0.4782608695652174,1.0454545454545454
2025-04-04,2025,final_test,3,23,FPT|POW|HPG,0.3333333333333333,0.4782608695652174,0.6969696969696969
2025-04-04,2025,final_test,5,23,FPT|POW|HPG|TCB|MBB,0.6,0.4782608695652174,1.2545454545454544
2025-04-04,2025,final_test,8,23,FPT|POW|HPG|TCB|MBB|SSI|STB|BVH,0.625,0.4782608695652174,1.3068181818181819
2025-04-04,2025,final_test,10,23,FPT|POW|HPG|TCB|MBB|SSI|STB|BVH|VNM|CTG,0.5,0.4782608695652174,1.0454545454545454
2025-04-08,2025,final_test,2,23,FPT|POW,0.5,0.5652173913043478,0.8846153846153847
2025-04-08,2025,final_test,3,23,FPT|POW|BVH,0.6666666666666666,0.5652173913043478,1.1794871794871795
2025-04-08,2025,final_test,5,23,FPT|POW|BVH|VNM|HPG,0.6,0.5652173913043478,1.0615384615384615
2025-04-08,2025,final_test,8,23,FPT|POW|BVH|VNM|HPG|TCB|STB|MBB,0.75,0.5652173913043478,1.326923076923077
2025-04-08,2025,final_test,10,23,FPT|POW|BVH|VNM|HPG|TCB|STB|MBB|SSI|CTG,0.6,0.5652173913043478,1.0615384615384615
2025-04-09,2025,final_test,2,23,BVH|STB,1.0,0.5217391304347826,1.9166666666666667
2025-04-09,2025,final_test,3,23,BVH|STB|POW,1.0,0.5217391304347826,1.9166666666666667
2025-04-09,2025,final_test,5,23,BVH|STB|POW|PLX|FPT,0.6,0.5217391304347826,1.15
2025-04-09,2025,final_test,8,23,BVH|STB|POW|PLX|FPT|HPG|VNM|MSN,0.625,0.5217391304347826,1.1979166666666667
2025-04-09,2025,final_test,10,23,BVH|STB|POW|PLX|FPT|HPG|VNM|MSN|SSI|MWG,0.6,0.5217391304347826,1.15
2025-04-10,2025,final_test,2,23,FPT|BVH,0.5,0.5652173913043478,0.8846153846153847
2025-04-10,2025,final_test,3,23,FPT|BVH|TCB,0.6666666666666666,0.5652173913043478,1.1794871794871795
2025-04-10,2025,final_test,5,23,FPT|BVH|TCB|MBB|VPB,0.6,0.5652173913043478,1.0615384615384615
2025-04-10,2025,final_test,8,23,FPT|BVH|TCB|MBB|VPB|VNM|SAB|BID,0.375,0.5652173913043478,0.6634615384615385
2025-04-10,2025,final_test,10,23,FPT|BVH|TCB|MBB|VPB|VNM|SAB|BID|CTG|PLX,0.3,0.5652173913043478,0.5307692307692308
2025-04-11,2025,final_test,2,23,BVH|CTG,0.5,0.5217391304347826,0.9583333333333334
2025-04-11,2025,final_test,3,23,BVH|CTG|VNM,0.3333333333333333,0.5217391304347826,0.6388888888888888
2025-04-11,2025,final_test,5,23,BVH|CTG|VNM|TCB|MBB,0.4,0.5217391304347826,0.7666666666666667
2025-04-11,2025,final_test,8,23,BVH|CTG|VNM|TCB|MBB|BID|VCB|HDB,0.375,0.5217391304347826,0.71875
2025-04-11,2025,final_test,10,23,BVH|CTG|VNM|TCB|MBB|BID|VCB|HDB|STB|MSN,0.4,0.5217391304347826,0.7666666666666667
2025-04-14,2025,final_test,2,23,STB|MBB,1.0,0.4782608695652174,2.090909090909091
2025-04-14,2025,final_test,3,23,STB|MBB|BID,0.6666666666666666,0.4782608695652174,1.3939393939393938
2025-04-14,2025,final_test,5,23,STB|MBB|BID|CTG|TCB,0.6,0.4782608695652174,1.2545454545454544
2025-04-14,2025,final_test,8,23,STB|MBB|BID|CTG|TCB|HPG|PLX|HDB,0.5,0.4782608695652174,1.0454545454545454
2025-04-14,2025,final_test,10,23,STB|MBB|BID|CTG|TCB|HPG|PLX|HDB|VNM|SSI,0.4,0.4782608695652174,0.8363636363636364
2025-04-15,2025,final_test,2,23,PLX|HDB,1.0,0.5652173913043478,1.7692307692307694
2025-04-15,2025,final_test,3,23,PLX|HDB|BVH,1.0,0.5652173913043478,1.7692307692307694
2025-04-15,2025,final_test,5,23,PLX|HDB|BVH|BID|TCB,0.8,0.5652173913043478,1.4153846153846155
2025-04-15,2025,final_test,8,23,PLX|HDB|BVH|BID|TCB|CTG|SSI|VNM,0.5,0.5652173913043478,0.8846153846153847
2025-04-15,2025,final_test,10,23,PLX|HDB|BVH|BID|TCB|CTG|SSI|VNM|MBB|HPG,0.5,0.5652173913043478,0.8846153846153847
2025-04-16,2025,final_test,2,23,FPT|TCB,1.0,0.43478260869565216,2.3000000000000003
2025-04-16,2025,final_test,3,23,FPT|TCB|SAB,0.6666666666666666,0.43478260869565216,1.5333333333333332
2025-04-16,2025,final_test,5,23,FPT|TCB|SAB|PLX|BID,0.4,0.43478260869565216,0.92
2025-04-16,2025,final_test,8,23,FPT|TCB|SAB|PLX|BID|MBB|VNM|MSN,0.5,0.43478260869565216,1.1500000000000001
2025-04-16,2025,final_test,10,23,FPT|TCB|SAB|PLX|BID|MBB|VNM|MSN|HDB|STB,0.4,0.43478260869565216,0.92
2025-04-17,2025,final_test,2,23,FPT|MBB,0.5,0.43478260869565216,1.1500000000000001
2025-04-17,2025,final_test,3,23,FPT|MBB|SAB,0.3333333333333333,0.43478260869565216,0.7666666666666666
2025-04-17,2025,final_test,5,23,FPT|MBB|SAB|TCB|BID,0.4,0.43478260869565216,0.92
2025-04-17,2025,final_test,8,23,FPT|MBB|SAB|TCB|BID|VNM|HDB|VJC,0.25,0.43478260869565216,0.5750000000000001
2025-04-17,2025,final_test,10,23,FPT|MBB|SAB|TCB|BID|VNM|HDB|VJC|VCB|STB,0.2,0.43478260869565216,0.46
2025-04-18,2025,final_test,2,23,MBB|TCB,0.5,0.391304347826087,1.2777777777777777
2025-04-18,2025,final_test,3,23,MBB|TCB|STB,0.3333333333333333,0.391304347826087,0.8518518518518517
2025-04-18,2025,final_test,5,23,MBB|TCB|STB|HDB|CTG,0.2,0.391304347826087,0.5111111111111111
2025-04-18,2025,final_test,8,23,MBB|TCB|STB|HDB|CTG|HPG|FPT|SAB,0.125,0.391304347826087,0.3194444444444444
2025-04-18,2025,final_test,10,23,MBB|TCB|STB|HDB|CTG|HPG|FPT|SAB|BID|VNM,0.1,0.391304347826087,0.25555555555555554
2025-04-21,2025,final_test,2,23,MBB|TCB,0.5,0.391304347826087,1.2777777777777777
2025-04-21,2025,final_test,3,23,MBB|TCB|FPT,0.3333333333333333,0.391304347826087,0.8518518518518517
2025-04-21,2025,final_test,5,23,MBB|TCB|FPT|HDB|SSI,0.2,0.391304347826087,0.5111111111111111
2025-04-21,2025,final_test,8,23,MBB|TCB|FPT|HDB|SSI|MWG|HPG|SAB,0.25,0.391304347826087,0.6388888888888888
2025-04-21,2025,final_test,10,23,MBB|TCB|FPT|HDB|SSI|MWG|HPG|SAB|MSN|CTG,0.3,0.391304347826087,0.7666666666666666
2025-04-22,2025,final_test,2,23,HPG|FPT,0.0,0.34782608695652173,0.0
2025-04-22,2025,final_test,3,23,HPG|FPT|POW,0.3333333333333333,0.34782608695652173,0.9583333333333333
2025-04-22,2025,final_test,5,23,HPG|FPT|POW|MWG|MBB,0.4,0.34782608695652173,1.1500000000000001
2025-04-22,2025,final_test,8,23,HPG|FPT|POW|MWG|MBB|MSN|TCB|SSI,0.375,0.34782608695652173,1.078125
2025-04-22,2025,final_test,10,23,HPG|FPT|POW|MWG|MBB|MSN|TCB|SSI|SAB|VCB,0.3,0.34782608695652173,0.8625
2025-04-23,2025,final_test,2,23,MBB|POW,0.5,0.34782608695652173,1.4375
2025-04-23,2025,final_test,3,23,MBB|POW|HDB,0.6666666666666666,0.34782608695652173,1.9166666666666665
2025-04-23,2025,final_test,5,23,MBB|POW|HDB|HPG|MWG,0.4,0.34782608695652173,1.1500000000000001
2025-04-23,2025,final_test,8,23,MBB|POW|HDB|HPG|MWG|VJC|VNM|TCB,0.375,0.34782608695652173,1.078125
2025-04-23,2025,final_test,10,23,MBB|POW|HDB|HPG|MWG|VJC|VNM|TCB|VCB|CTG,0.3,0.34782608695652173,0.8625
2025-04-24,2025,final_test,2,23,POW|HDB,0.5,0.34782608695652173,1.4375
2025-04-24,2025,final_test,3,23,POW|HDB|HPG,0.3333333333333333,0.34782608695652173,0.9583333333333333
2025-04-24,2025,final_test,5,23,POW|HDB|HPG|MBB|TCB,0.4,0.34782608695652173,1.1500000000000001
2025-04-24,2025,final_test,8,23,POW|HDB|HPG|MBB|TCB|VJC|MWG|SAB,0.25,0.34782608695652173,0.71875
2025-04-24,2025,final_test,10,23,POW|HDB|HPG|MBB|TCB|VJC|MWG|SAB|SSI|PLX,0.2,0.34782608695652173,0.5750000000000001
2025-04-25,2025,final_test,2,23,MBB|HDB,0.0,0.34782608695652173,0.0
2025-04-25,2025,final_test,3,23,MBB|HDB|SAB,0.0,0.34782608695652173,0.0
2025-04-25,2025,final_test,5,23,MBB|HDB|SAB|VNM|SSI,0.0,0.34782608695652173,0.0
2025-04-25,2025,final_test,8,23,MBB|HDB|SAB|VNM|SSI|HPG|TCB|POW,0.25,0.34782608695652173,0.71875
2025-04-25,2025,final_test,10,23,MBB|HDB|SAB|VNM|SSI|HPG|TCB|POW|VJC|BID,0.2,0.34782608695652173,0.5750000000000001
2025-04-28,2025,final_test,2,23,MBB|POW,0.5,0.34782608695652173,1.4375
2025-04-28,2025,final_test,3,23,MBB|POW|VNM,0.3333333333333333,0.34782608695652173,0.9583333333333333
2025-04-28,2025,final_test,5,23,MBB|POW|VNM|HDB|TCB,0.4,0.34782608695652173,1.1500000000000001
2025-04-28,2025,final_test,8,23,MBB|POW|VNM|HDB|TCB|STB|HPG|VJC,0.25,0.34782608695652173,0.71875
2025-04-28,2025,final_test,10,23,MBB|POW|VNM|HDB|TCB|STB|HPG|VJC|FPT|CTG,0.2,0.34782608695652173,0.5750000000000001
2025-04-29,2025,final_test,2,23,MBB|STB,0.0,0.34782608695652173,0.0
2025-04-29,2025,final_test,3,23,MBB|STB|POW,0.3333333333333333,0.34782608695652173,0.9583333333333333
2025-04-29,2025,final_test,5,23,MBB|STB|POW|TCB|HDB,0.4,0.34782608695652173,1.1500000000000001
2025-04-29,2025,final_test,8,23,MBB|STB|POW|TCB|HDB|HPG|MSN|VJC,0.25,0.34782608695652173,0.71875
2025-04-29,2025,final_test,10,23,MBB|STB|POW|TCB|HDB|HPG|MSN|VJC|VNM|CTG,0.2,0.34782608695652173,0.5750000000000001
2025-05-05,2025,final_test,2,23,MBB|TCB,0.5,0.30434782608695654,1.6428571428571428
2025-05-05,2025,final_test,3,23,MBB|TCB|STB,0.3333333333333333,0.30434782608695654,1.0952380952380951
2025-05-05,2025,final_test,5,23,MBB|TCB|STB|HPG|POW,0.4,0.30434782608695654,1.3142857142857143
2025-05-05,2025,final_test,8,23,MBB|TCB|STB|HPG|POW|SAB|MWG|HDB,0.25,0.30434782608695654,0.8214285714285714
2025-05-05,2025,final_test,10,23,MBB|TCB|STB|HPG|POW|SAB|MWG|HDB|PLX|FPT,0.2,0.30434782608695654,0.6571428571428571
2025-05-06,2025,final_test,2,23,MBB|TCB,0.5,0.2608695652173913,1.9166666666666667
2025-05-06,2025,final_test,3,23,MBB|TCB|POW,0.6666666666666666,0.2608695652173913,2.5555555555555554
2025-05-06,2025,final_test,5,23,MBB|TCB|POW|STB|MWG,0.4,0.2608695652173913,1.5333333333333334
2025-05-06,2025,final_test,8,23,MBB|TCB|POW|STB|MWG|HDB|HPG|BVH,0.25,0.2608695652173913,0.9583333333333334
2025-05-06,2025,final_test,10,23,MBB|TCB|POW|STB|MWG|HDB|HPG|BVH|MSN|SAB,0.2,0.2608695652173913,0.7666666666666667
2025-05-07,2025,final_test,2,23,MBB|TCB,0.5,0.2608695652173913,1.9166666666666667
2025-05-07,2025,final_test,3,23,MBB|TCB|MWG,0.3333333333333333,0.2608695652173913,1.2777777777777777
2025-05-07,2025,final_test,5,23,MBB|TCB|MWG|VJC|GAS,0.2,0.2608695652173913,0.7666666666666667
2025-05-07,2025,final_test,8,23,MBB|TCB|MWG|VJC|GAS|VNM|STB|HPG,0.125,0.2608695652173913,0.4791666666666667
2025-05-07,2025,final_test,10,23,MBB|TCB|MWG|VJC|GAS|VNM|STB|HPG|MSN|PLX,0.2,0.2608695652173913,0.7666666666666667
2025-05-08,2025,final_test,2,23,TCB|MBB,0.5,0.2608695652173913,1.9166666666666667
2025-05-08,2025,final_test,3,23,TCB|MBB|MWG,0.3333333333333333,0.2608695652173913,1.2777777777777777
2025-05-08,2025,final_test,5,23,TCB|MBB|MWG|GAS|STB,0.2,0.2608695652173913,0.7666666666666667
2025-05-08,2025,final_test,8,23,TCB|MBB|MWG|GAS|STB|HDB|VJC|HPG,0.125,0.2608695652173913,0.4791666666666667
2025-05-08,2025,final_test,10,23,TCB|MBB|MWG|GAS|STB|HDB|VJC|HPG|MSN|VNM,0.1,0.2608695652173913,0.38333333333333336
2025-05-09,2025,final_test,2,23,TCB|MBB,0.5,0.34782608695652173,1.4375
2025-05-09,2025,final_test,3,23,TCB|MBB|STB,0.6666666666666666,0.34782608695652173,1.9166666666666665
2025-05-09,2025,final_test,5,23,TCB|MBB|STB|MSN|VNM,0.4,0.34782608695652173,1.1500000000000001
2025-05-09,2025,final_test,8,23,TCB|MBB|STB|MSN|VNM|MWG|GAS|POW,0.375,0.34782608695652173,1.078125
2025-05-09,2025,final_test,10,23,TCB|MBB|STB|MSN|VNM|MWG|GAS|POW|BVH|HDB,0.3,0.34782608695652173,0.8625
2025-05-12,2025,final_test,2,23,MBB|VNM,0.0,0.30434782608695654,0.0
2025-05-12,2025,final_test,3,23,MBB|VNM|VRE,0.0,0.30434782608695654,0.0
2025-05-12,2025,final_test,5,23,MBB|VNM|VRE|GAS|STB,0.2,0.30434782608695654,0.6571428571428571
2025-05-12,2025,final_test,8,23,MBB|VNM|VRE|GAS|STB|MWG|HDB|VPB,0.25,0.30434782608695654,0.8214285714285714
2025-05-12,2025,final_test,10,23,MBB|VNM|VRE|GAS|STB|MWG|HDB|VPB|POW|CTG,0.2,0.30434782608695654,0.6571428571428571
2025-05-13,2025,final_test,2,23,MBB|VRE,0.5,0.391304347826087,1.2777777777777777
2025-05-13,2025,final_test,3,23,MBB|VRE|CTG,0.3333333333333333,0.391304347826087,0.8518518518518517
2025-05-13,2025,final_test,5,23,MBB|VRE|CTG|TCB|VPB,0.6,0.391304347826087,1.5333333333333332
2025-05-13,2025,final_test,8,23,MBB|VRE|CTG|TCB|VPB|GAS|HDB|STB,0.5,0.391304347826087,1.2777777777777777
2025-05-13,2025,final_test,10,23,MBB|VRE|CTG|TCB|VPB|GAS|HDB|STB|VNM|POW,0.5,0.391304347826087,1.2777777777777777
2025-05-14,2025,final_test,2,23,MBB|TCB,0.5,0.34782608695652173,1.4375
2025-05-14,2025,final_test,3,23,MBB|TCB|CTG,0.3333333333333333,0.34782608695652173,0.9583333333333333
2025-05-14,2025,final_test,5,23,MBB|TCB|CTG|POW|GAS,0.4,0.34782608695652173,1.1500000000000001
2025-05-14,2025,final_test,8,23,MBB|TCB|CTG|POW|GAS|HDB|BVH|MWG,0.25,0.34782608695652173,0.71875
2025-05-14,2025,final_test,10,23,MBB|TCB|CTG|POW|GAS|HDB|BVH|MWG|HPG|VRE,0.3,0.34782608695652173,0.8625
2025-05-15,2025,final_test,2,23,MWG|VIC,0.5,0.43478260869565216,1.1500000000000001
2025-05-15,2025,final_test,3,23,MWG|VIC|MBB,0.3333333333333333,0.43478260869565216,0.7666666666666666
2025-05-15,2025,final_test,5,23,MWG|VIC|MBB|TCB|CTG,0.4,0.43478260869565216,0.92
2025-05-15,2025,final_test,8,23,MWG|VIC|MBB|TCB|CTG|GAS|HDB|STB,0.5,0.43478260869565216,1.1500000000000001
2025-05-15,2025,final_test,10,23,MWG|VIC|MBB|TCB|CTG|GAS|HDB|STB|POW|BVH,0.5,0.43478260869565216,1.1500000000000001
2025-05-16,2025,final_test,2,23,MWG|MBB,0.0,0.43478260869565216,0.0
2025-05-16,2025,final_test,3,23,MWG|MBB|VIC,0.3333333333333333,0.43478260869565216,0.7666666666666666
2025-05-16,2025,final_test,5,23,MWG|MBB|VIC|TCB|POW,0.4,0.43478260869565216,0.92
2025-05-16,2025,final_test,8,23,MWG|MBB|VIC|TCB|POW|GAS|HDB|VPB,0.375,0.43478260869565216,0.8625
2025-05-16,2025,final_test,10,23,MWG|MBB|VIC|TCB|POW|GAS|HDB|VPB|MSN|CTG,0.5,0.43478260869565216,1.1500000000000001
2025-05-19,2025,final_test,2,23,TCB|MWG,0.5,0.391304347826087,1.2777777777777777
2025-05-19,2025,final_test,3,23,TCB|MWG|POW,0.3333333333333333,0.391304347826087,0.8518518518518517
2025-05-19,2025,final_test,5,23,TCB|MWG|POW|HDB|MBB,0.2,0.391304347826087,0.5111111111111111
2025-05-19,2025,final_test,8,23,TCB|MWG|POW|HDB|MBB|CTG|MSN|GAS,0.375,0.391304347826087,0.9583333333333333
2025-05-19,2025,final_test,10,23,TCB|MWG|POW|HDB|MBB|CTG|MSN|GAS|BVH|FPT,0.4,0.391304347826087,1.0222222222222221
2025-05-20,2025,final_test,2,23,MWG|CTG,0.0,0.391304347826087,0.0
2025-05-20,2025,final_test,3,23,MWG|CTG|MBB,0.0,0.391304347826087,0.0
2025-05-20,2025,final_test,5,23,MWG|CTG|MBB|POW|HDB,0.0,0.391304347826087,0.0
2025-05-20,2025,final_test,8,23,MWG|CTG|MBB|POW|HDB|MSN|BVH|VPB,0.375,0.391304347826087,0.9583333333333333
2025-05-20,2025,final_test,10,23,MWG|CTG|MBB|POW|HDB|MSN|BVH|VPB|TCB|GAS,0.5,0.391304347826087,1.2777777777777777
2025-05-21,2025,final_test,2,23,MWG|MBB,0.0,0.34782608695652173,0.0
2025-05-21,2025,final_test,3,23,MWG|MBB|POW,0.0,0.34782608695652173,0.0
2025-05-21,2025,final_test,5,23,MWG|MBB|POW|CTG|HDB,0.0,0.34782608695652173,0.0
2025-05-21,2025,final_test,8,23,MWG|MBB|POW|CTG|HDB|VPB|TCB|MSN,0.25,0.34782608695652173,0.71875
2025-05-21,2025,final_test,10,23,MWG|MBB|POW|CTG|HDB|VPB|TCB|MSN|HPG|FPT,0.3,0.34782608695652173,0.8625
2025-05-22,2025,final_test,2,23,MWG|MBB,0.0,0.391304347826087,0.0
2025-05-22,2025,final_test,3,23,MWG|MBB|VPB,0.0,0.391304347826087,0.0
2025-05-22,2025,final_test,5,23,MWG|MBB|VPB|MSN|CTG,0.4,0.391304347826087,1.0222222222222221
2025-05-22,2025,final_test,8,23,MWG|MBB|VPB|MSN|CTG|HDB|GAS|TCB,0.5,0.391304347826087,1.2777777777777777
2025-05-22,2025,final_test,10,23,MWG|MBB|VPB|MSN|CTG|HDB|GAS|TCB|POW|HPG,0.5,0.391304347826087,1.2777777777777777
2025-05-23,2025,final_test,2,23,MWG|POW,0.0,0.391304347826087,0.0
2025-05-23,2025,final_test,3,23,MWG|POW|GAS,0.3333333333333333,0.391304347826087,0.8518518518518517
2025-05-23,2025,final_test,5,23,MWG|POW|GAS|MBB|MSN,0.6,0.391304347826087,1.5333333333333332
2025-05-23,2025,final_test,8,23,MWG|POW|GAS|MBB|MSN|TCB|HDB|VPB,0.5,0.391304347826087,1.2777777777777777
2025-05-23,2025,final_test,10,23,MWG|POW|GAS|MBB|MSN|TCB|HDB|VPB|SSI|CTG,0.6,0.391304347826087,1.5333333333333332
2025-05-26,2025,final_test,2,23,MWG|GAS,0.5,0.34782608695652173,1.4375
2025-05-26,2025,final_test,3,23,MWG|GAS|MBB,0.6666666666666666,0.34782608695652173,1.9166666666666665
2025-05-26,2025,final_test,5,23,MWG|GAS|MBB|POW|TCB,0.6,0.34782608695652173,1.725
2025-05-26,2025,final_test,8,23,MWG|GAS|MBB|POW|TCB|SSI|HDB|MSN,0.5,0.34782608695652173,1.4375
2025-05-26,2025,final_test,10,23,MWG|GAS|MBB|POW|TCB|SSI|HDB|MSN|CTG|VPB,0.5,0.34782608695652173,1.4375
2025-05-27,2025,final_test,2,23,MWG|HDB,0.0,0.5217391304347826,0.0
2025-05-27,2025,final_test,3,23,MWG|HDB|POW,0.0,0.5217391304347826,0.0
2025-05-27,2025,final_test,5,23,MWG|HDB|POW|BVH|TCB,0.4,0.5217391304347826,0.7666666666666667
2025-05-27,2025,final_test,8,23,MWG|HDB|POW|BVH|TCB|GAS|MBB|CTG,0.625,0.5217391304347826,1.1979166666666667
2025-05-27,2025,final_test,10,23,MWG|HDB|POW|BVH|TCB|GAS|MBB|CTG|MSN|SSI,0.7,0.5217391304347826,1.3416666666666666
2025-05-28,2025,final_test,2,23,MWG|CTG,0.5,0.5217391304347826,0.9583333333333334
2025-05-28,2025,final_test,3,23,MWG|CTG|POW,0.3333333333333333,0.5217391304347826,0.6388888888888888
2025-05-28,2025,final_test,5,23,MWG|CTG|POW|GAS|TCB,0.6,0.5217391304347826,1.15
2025-05-28,2025,final_test,8,23,MWG|CTG|POW|GAS|TCB|BVH|MBB|HDB,0.5,0.5217391304347826,0.9583333333333334
2025-05-28,2025,final_test,10,23,MWG|CTG|POW|GAS|TCB|BVH|MBB|HDB|MSN|SSI,0.6,0.5217391304347826,1.15
2025-05-29,2025,final_test,2,23,MWG|GAS,0.5,0.4782608695652174,1.0454545454545454
2025-05-29,2025,final_test,3,23,MWG|GAS|POW,0.3333333333333333,0.4782608695652174,0.6969696969696969
2025-05-29,2025,final_test,5,23,MWG|GAS|POW|MSN|MBB,0.6,0.4782608695652174,1.2545454545454544
2025-05-29,2025,final_test,8,23,MWG|GAS|POW|MSN|MBB|HDB|TCB|BVH,0.5,0.4782608695652174,1.0454545454545454
2025-05-29,2025,final_test,10,23,MWG|GAS|POW|MSN|MBB|HDB|TCB|BVH|VPB|CTG,0.5,0.4782608695652174,1.0454545454545454
2025-05-30,2025,final_test,2,23,GAS|MBB,1.0,0.6086956521739131,1.6428571428571428
2025-05-30,2025,final_test,3,23,GAS|MBB|SSI,1.0,0.6086956521739131,1.6428571428571428
2025-05-30,2025,final_test,5,23,GAS|MBB|SSI|POW|STB,0.8,0.6086956521739131,1.3142857142857143
2025-05-30,2025,final_test,8,23,GAS|MBB|SSI|POW|STB|BVH|TCB|VPB,0.875,0.6086956521739131,1.4375
2025-05-30,2025,final_test,10,23,GAS|MBB|SSI|POW|STB|BVH|TCB|VPB|MWG|BID,0.8,0.6086956521739131,1.3142857142857143
2025-06-02,2025,final_test,2,23,GAS|MBB,1.0,0.5217391304347826,1.9166666666666667
2025-06-02,2025,final_test,3,23,GAS|MBB|POW,0.6666666666666666,0.5217391304347826,1.2777777777777777
2025-06-02,2025,final_test,5,23,GAS|MBB|POW|BVH|SSI,0.8,0.5217391304347826,1.5333333333333334
2025-06-02,2025,final_test,8,23,GAS|MBB|POW|BVH|SSI|STB|TCB|VPB,0.75,0.5217391304347826,1.4375
2025-06-02,2025,final_test,10,23,GAS|MBB|POW|BVH|SSI|STB|TCB|VPB|HPG|PLX,0.8,0.5217391304347826,1.5333333333333334
2025-06-03,2025,final_test,2,23,GAS|BVH,0.5,0.4782608695652174,1.0454545454545454
2025-06-03,2025,final_test,3,23,GAS|BVH|SSI,0.3333333333333333,0.4782608695652174,0.6969696969696969
2025-06-03,2025,final_test,5,23,GAS|BVH|SSI|POW|MBB,0.4,0.4782608695652174,0.8363636363636364
2025-06-03,2025,final_test,8,23,GAS|BVH|SSI|POW|MBB|TCB|VPB|HPG,0.5,0.4782608695652174,1.0454545454545454
2025-06-03,2025,final_test,10,23,GAS|BVH|SSI|POW|MBB|TCB|VPB|HPG|STB|MSN,0.6,0.4782608695652174,1.2545454545454544
2025-06-04,2025,final_test,2,23,GAS|POW,0.0,0.43478260869565216,0.0
2025-06-04,2025,final_test,3,23,GAS|POW|SSI,0.3333333333333333,0.43478260869565216,0.7666666666666666
2025-06-04,2025,final_test,5,23,GAS|POW|SSI|VPB|TCB,0.4,0.43478260869565216,0.92
2025-06-04,2025,final_test,8,23,GAS|POW|SSI|VPB|TCB|BVH|VRE|MSN,0.5,0.43478260869565216,1.1500000000000001
2025-06-04,2025,final_test,10,23,GAS|POW|SSI|VPB|TCB|BVH|VRE|MSN|PLX|VHM,0.5,0.43478260869565216,1.1500000000000001
2025-06-05,2025,final_test,2,23,POW|GAS,0.5,0.5652173913043478,0.8846153846153847
2025-06-05,2025,final_test,3,23,POW|GAS|MSN,0.6666666666666666,0.5652173913043478,1.1794871794871795
2025-06-05,2025,final_test,5,23,POW|GAS|MSN|VRE|SSI,0.6,0.5652173913043478,1.0615384615384615
2025-06-05,2025,final_test,8,23,POW|GAS|MSN|VRE|SSI|TCB|STB|VIC,0.625,0.5652173913043478,1.1057692307692308
2025-06-05,2025,final_test,10,23,POW|GAS|MSN|VRE|SSI|TCB|STB|VIC|BVH|VPB,0.7,0.5652173913043478,1.2384615384615385
2025-06-06,2025,final_test,2,23,MSN|GAS,1.0,0.5652173913043478,1.7692307692307694
2025-06-06,2025,final_test,3,23,MSN|GAS|POW,0.6666666666666666,0.5652173913043478,1.1794871794871795
2025-06-06,2025,final_test,5,23,MSN|GAS|POW|HPG|VRE,0.6,0.5652173913043478,1.0615384615384615
2025-06-06,2025,final_test,8,23,MSN|GAS|POW|HPG|VRE|PLX|STB|SSI,0.625,0.5652173913043478,1.1057692307692308
2025-06-06,2025,final_test,10,23,MSN|GAS|POW|HPG|VRE|PLX|STB|SSI|TCB|VHM,0.6,0.5652173913043478,1.0615384615384615
2025-06-09,2025,final_test,2,23,HPG|PLX,0.5,0.5652173913043478,0.8846153846153847
2025-06-09,2025,final_test,3,23,HPG|PLX|GAS,0.3333333333333333,0.5652173913043478,0.5897435897435898
2025-06-09,2025,final_test,5,23,HPG|PLX|GAS|MSN|STB,0.6,0.5652173913043478,1.0615384615384615
2025-06-09,2025,final_test,8,23,HPG|PLX|GAS|MSN|STB|POW|VHM|MBB,0.625,0.5652173913043478,1.1057692307692308
2025-06-09,2025,final_test,10,23,HPG|PLX|GAS|MSN|STB|POW|VHM|MBB|TCB|VPB,0.7,0.5652173913043478,1.2384615384615385
2025-06-10,2025,final_test,2,23,HPG|MSN,1.0,0.6086956521739131,1.6428571428571428
2025-06-10,2025,final_test,3,23,HPG|MSN|PLX,0.6666666666666666,0.6086956521739131,1.0952380952380951
2025-06-10,2025,final_test,5,23,HPG|MSN|PLX|STB|GAS,0.8,0.6086956521739131,1.3142857142857143
2025-06-10,2025,final_test,8,23,HPG|MSN|PLX|STB|GAS|TCB|VPB|VRE,0.75,0.6086956521739131,1.232142857142857
2025-06-10,2025,final_test,10,23,HPG|MSN|PLX|STB|GAS|TCB|VPB|VRE|POW|SSI,0.7,0.6086956521739131,1.15
2025-06-11,2025,final_test,2,23,HPG|MSN,1.0,0.6521739130434783,1.5333333333333332
2025-06-11,2025,final_test,3,23,HPG|MSN|PLX,0.6666666666666666,0.6521739130434783,1.0222222222222221
2025-06-11,2025,final_test,5,23,HPG|MSN|PLX|STB|GAS,0.6,0.6521739130434783,0.9199999999999999
2025-06-11,2025,final_test,8,23,HPG|MSN|PLX|STB|GAS|TCB|VPB|SSI,0.75,0.6521739130434783,1.15
2025-06-11,2025,final_test,10,23,HPG|MSN|PLX|STB|GAS|TCB|VPB|SSI|VRE|BVH,0.7,0.6521739130434783,1.0733333333333333
2025-06-12,2025,final_test,2,23,HPG|MSN,1.0,0.4782608695652174,2.090909090909091
2025-06-12,2025,final_test,3,23,HPG|MSN|MBB,0.6666666666666666,0.4782608695652174,1.3939393939393938
2025-06-12,2025,final_test,5,23,HPG|MSN|MBB|TCB|MWG,0.6,0.4782608695652174,1.2545454545454544
2025-06-12,2025,final_test,8,23,HPG|MSN|MBB|TCB|MWG|VPB|PLX|SSI,0.625,0.4782608695652174,1.3068181818181819
2025-06-12,2025,final_test,10,23,HPG|MSN|MBB|TCB|MWG|VPB|PLX|SSI|VNM|STB,0.5,0.4782608695652174,1.0454545454545454
2025-06-13,2025,final_test,2,23,HPG|MSN,1.0,0.5217391304347826,1.9166666666666667
2025-06-13,2025,final_test,3,23,HPG|MSN|MBB,0.6666666666666666,0.5217391304347826,1.2777777777777777
2025-06-13,2025,final_test,5,23,HPG|MSN|MBB|TCB|STB,0.6,0.5217391304347826,1.15
2025-06-13,2025,final_test,8,23,HPG|MSN|MBB|TCB|STB|CTG|VPB|PLX,0.625,0.5217391304347826,1.1979166666666667
2025-06-13,2025,final_test,10,23,HPG|MSN|MBB|TCB|STB|CTG|VPB|PLX|VNM|MWG,0.5,0.5217391304347826,0.9583333333333334
2025-06-16,2025,final_test,2,23,HPG|MBB,0.5,0.4782608695652174,1.0454545454545454
2025-06-16,2025,final_test,3,23,HPG|MBB|CTG,0.6666666666666666,0.4782608695652174,1.3939393939393938
2025-06-16,2025,final_test,5,23,HPG|MBB|CTG|MSN|VPB,0.8,0.4782608695652174,1.6727272727272728
2025-06-16,2025,final_test,8,23,HPG|MBB|CTG|MSN|VPB|TCB|STB|VNM,0.5,0.4782608695652174,1.0454545454545454
2025-06-16,2025,final_test,10,23,HPG|MBB|CTG|MSN|VPB|TCB|STB|VNM|FPT|MWG,0.4,0.4782608695652174,0.8363636363636364
2025-06-17,2025,final_test,2,23,HPG|MSN,1.0,0.43478260869565216,2.3000000000000003
2025-06-17,2025,final_test,3,23,HPG|MSN|VPB,1.0,0.43478260869565216,2.3000000000000003
2025-06-17,2025,final_test,5,23,HPG|MSN|VPB|TCB|CTG,0.8,0.43478260869565216,1.84
2025-06-17,2025,final_test,8,23,HPG|MSN|VPB|TCB|CTG|MBB|STB|GAS,0.5,0.43478260869565216,1.1500000000000001
2025-06-17,2025,final_test,10,23,HPG|MSN|VPB|TCB|CTG|MBB|STB|GAS|BVH|VNM,0.4,0.43478260869565216,0.92
2025-06-18,2025,final_test,2,23,HPG|MSN,1.0,0.43478260869565216,2.3000000000000003
2025-06-18,2025,final_test,3,23,HPG|MSN|CTG,1.0,0.43478260869565216,2.3000000000000003
2025-06-18,2025,final_test,5,23,HPG|MSN|CTG|MBB|TCB,0.6,0.43478260869565216,1.38
2025-06-18,2025,final_test,8,23,HPG|MSN|CTG|MBB|TCB|STB|VPB|BVH,0.5,0.43478260869565216,1.1500000000000001
2025-06-18,2025,final_test,10,23,HPG|MSN|CTG|MBB|TCB|STB|VPB|BVH|VNM|MWG,0.5,0.43478260869565216,1.1500000000000001
2025-06-19,2025,final_test,2,23,MSN|HPG,1.0,0.391304347826087,2.5555555555555554
2025-06-19,2025,final_test,3,23,MSN|HPG|MBB,0.6666666666666666,0.391304347826087,1.7037037037037035
2025-06-19,2025,final_test,5,23,MSN|HPG|MBB|CTG|STB,0.6,0.391304347826087,1.5333333333333332
2025-06-19,2025,final_test,8,23,MSN|HPG|MBB|CTG|STB|TCB|VPB|MWG,0.5,0.391304347826087,1.2777777777777777
2025-06-19,2025,final_test,10,23,MSN|HPG|MBB|CTG|STB|TCB|VPB|MWG|HDB|SSI,0.6,0.391304347826087,1.5333333333333332
2025-06-20,2025,final_test,2,23,CTG|MBB,0.0,0.30434782608695654,0.0
2025-06-20,2025,final_test,3,23,CTG|MBB|HPG,0.3333333333333333,0.30434782608695654,1.0952380952380951
2025-06-20,2025,final_test,5,23,CTG|MBB|HPG|STB|MSN,0.4,0.30434782608695654,1.3142857142857143
2025-06-20,2025,final_test,8,23,CTG|MBB|HPG|STB|MSN|TCB|VNM|GAS,0.25,0.30434782608695654,0.8214285714285714
2025-06-20,2025,final_test,10,23,CTG|MBB|HPG|STB|MSN|TCB|VNM|GAS|VPB|HDB,0.3,0.30434782608695654,0.9857142857142857
2025-06-23,2025,final_test,2,23,MBB|CTG,0.0,0.391304347826087,0.0
2025-06-23,2025,final_test,3,23,MBB|CTG|MSN,0.3333333333333333,0.391304347826087,0.8518518518518517
2025-06-23,2025,final_test,5,23,MBB|CTG|MSN|MWG|TCB,0.2,0.391304347826087,0.5111111111111111
2025-06-23,2025,final_test,8,23,MBB|CTG|MSN|MWG|TCB|HPG|STB|VPB,0.375,0.391304347826087,0.9583333333333333
2025-06-23,2025,final_test,10,23,MBB|CTG|MSN|MWG|TCB|HPG|STB|VPB|GAS|HDB,0.4,0.391304347826087,1.0222222222222221
2025-06-24,2025,final_test,2,23,MBB|CTG,0.0,0.43478260869565216,0.0
2025-06-24,2025,final_test,3,23,MBB|CTG|MSN,0.3333333333333333,0.43478260869565216,0.7666666666666666
2025-06-24,2025,final_test,5,23,MBB|CTG|MSN|TCB|STB,0.2,0.43478260869565216,0.46
2025-06-24,2025,final_test,8,23,MBB|CTG|MSN|TCB|STB|HPG|MWG|VPB,0.375,0.43478260869565216,0.8625
2025-06-24,2025,final_test,10,23,MBB|CTG|MSN|TCB|STB|HPG|MWG|VPB|BVH|GAS,0.3,0.43478260869565216,0.69
2025-06-25,2025,final_test,2,23,CTG|MSN,0.0,0.34782608695652173,0.0
2025-06-25,2025,final_test,3,23,CTG|MSN|HPG,0.3333333333333333,0.34782608695652173,0.9583333333333333
2025-06-25,2025,final_test,5,23,CTG|MSN|HPG|MBB|STB,0.2,0.34782608695652173,0.5750000000000001
2025-06-25,2025,final_test,8,23,CTG|MSN|HPG|MBB|STB|TCB|MWG|SSI,0.25,0.34782608695652173,0.71875
2025-06-25,2025,final_test,10,23,CTG|MSN|HPG|MBB|STB|TCB|MWG|SSI|SAB|GAS,0.2,0.34782608695652173,0.5750000000000001
2025-06-26,2025,final_test,2,23,CTG|HPG,0.5,0.391304347826087,1.2777777777777777
2025-06-26,2025,final_test,3,23,CTG|HPG|MBB,0.3333333333333333,0.391304347826087,0.8518518518518517
2025-06-26,2025,final_test,5,23,CTG|HPG|MBB|TCB|MSN,0.2,0.391304347826087,0.5111111111111111
2025-06-26,2025,final_test,8,23,CTG|HPG|MBB|TCB|MSN|STB|SAB|SSI,0.25,0.391304347826087,0.6388888888888888
2025-06-26,2025,final_test,10,23,CTG|HPG|MBB|TCB|MSN|STB|SAB|SSI|MWG|GAS,0.2,0.391304347826087,0.5111111111111111
2025-06-27,2025,final_test,2,23,CTG|HPG,0.5,0.34782608695652173,1.4375
2025-06-27,2025,final_test,3,23,CTG|HPG|MBB,0.3333333333333333,0.34782608695652173,0.9583333333333333
2025-06-27,2025,final_test,5,23,CTG|HPG|MBB|TCB|MWG,0.2,0.34782608695652173,0.5750000000000001
2025-06-27,2025,final_test,8,23,CTG|HPG|MBB|TCB|MWG|STB|SSI|VNM,0.25,0.34782608695652173,0.71875
2025-06-27,2025,final_test,10,23,CTG|HPG|MBB|TCB|MWG|STB|SSI|VNM|VPB|SAB,0.3,0.34782608695652173,0.8625
2025-06-30,2025,final_test,2,23,CTG|MBB,0.0,0.391304347826087,0.0
2025-06-30,2025,final_test,3,23,CTG|MBB|TCB,0.0,0.391304347826087,0.0
2025-06-30,2025,final_test,5,23,CTG|MBB|TCB|HPG|STB,0.2,0.391304347826087,0.5111111111111111
2025-06-30,2025,final_test,8,23,CTG|MBB|TCB|HPG|STB|MWG|VNM|SSI,0.25,0.391304347826087,0.6388888888888888
2025-06-30,2025,final_test,10,23,CTG|MBB|TCB|HPG|STB|MWG|VNM|SSI|BID|VIC,0.3,0.391304347826087,0.7666666666666666
2025-07-01,2025,final_test,2,23,CTG|MBB,0.0,0.43478260869565216,0.0
2025-07-01,2025,final_test,3,23,CTG|MBB|TCB,0.0,0.43478260869565216,0.0
2025-07-01,2025,final_test,5,23,CTG|MBB|TCB|HPG|VCB,0.2,0.43478260869565216,0.46
2025-07-01,2025,final_test,8,23,CTG|MBB|TCB|HPG|VCB|BVH|BID|STB,0.125,0.43478260869565216,0.28750000000000003
2025-07-01,2025,final_test,10,23,CTG|MBB|TCB|HPG|VCB|BVH|BID|STB|MSN|VIC,0.2,0.43478260869565216,0.46
2025-07-02,2025,final_test,2,23,CTG|MBB,0.5,0.4782608695652174,1.0454545454545454
2025-07-02,2025,final_test,3,23,CTG|MBB|TCB,0.3333333333333333,0.4782608695652174,0.6969696969696969
2025-07-02,2025,final_test,5,23,CTG|MBB|TCB|HPG|VCB,0.4,0.4782608695652174,0.8363636363636364
2025-07-02,2025,final_test,8,23,CTG|MBB|TCB|HPG|VCB|SSI|STB|BVH,0.375,0.4782608695652174,0.7840909090909091
2025-07-02,2025,final_test,10,23,CTG|MBB|TCB|HPG|VCB|SSI|STB|BVH|MSN|HDB,0.4,0.4782608695652174,0.8363636363636364
2025-07-03,2025,final_test,2,23,CTG|HPG,0.0,0.30434782608695654,0.0
2025-07-03,2025,final_test,3,23,CTG|HPG|MBB,0.0,0.30434782608695654,0.0
2025-07-03,2025,final_test,5,23,CTG|HPG|MBB|TCB|HDB,0.2,0.30434782608695654,0.6571428571428571
2025-07-03,2025,final_test,8,23,CTG|HPG|MBB|TCB|HDB|MSN|SSI|VCB,0.25,0.30434782608695654,0.8214285714285714
2025-07-03,2025,final_test,10,23,CTG|HPG|MBB|TCB|HDB|MSN|SSI|VCB|STB|MWG,0.2,0.30434782608695654,0.6571428571428571
2025-07-04,2025,final_test,2,23,CTG|MSN,0.0,0.34782608695652173,0.0
2025-07-04,2025,final_test,3,23,CTG|MSN|HPG,0.3333333333333333,0.34782608695652173,0.9583333333333333
2025-07-04,2025,final_test,5,23,CTG|MSN|HPG|TCB|SSI,0.4,0.34782608695652173,1.1500000000000001
2025-07-04,2025,final_test,8,23,CTG|MSN|HPG|TCB|SSI|MBB|HDB|VCB,0.375,0.34782608695652173,1.078125
2025-07-04,2025,final_test,10,23,CTG|MSN|HPG|TCB|SSI|MBB|HDB|VCB|MWG|FPT,0.3,0.34782608695652173,0.8625
2025-07-07,2025,final_test,2,23,CTG|HPG,0.0,0.34782608695652173,0.0
2025-07-07,2025,final_test,3,23,CTG|HPG|TCB,0.0,0.34782608695652173,0.0
2025-07-07,2025,final_test,5,23,CTG|HPG|TCB|MBB|SSI,0.2,0.34782608695652173,0.5750000000000001
2025-07-07,2025,final_test,8,23,CTG|HPG|TCB|MBB|SSI|MSN|HDB|BID,0.25,0.34782608695652173,0.71875
2025-07-07,2025,final_test,10,23,CTG|HPG|TCB|MBB|SSI|MSN|HDB|BID|FPT|MWG,0.2,0.34782608695652173,0.5750000000000001
2025-07-08,2025,final_test,2,23,CTG|TCB,0.0,0.34782608695652173,0.0
2025-07-08,2025,final_test,3,23,CTG|TCB|HDB,0.3333333333333333,0.34782608695652173,0.9583333333333333
2025-07-08,2025,final_test,5,23,CTG|TCB|HDB|MBB|MSN,0.4,0.34782608695652173,1.1500000000000001
2025-07-08,2025,final_test,8,23,CTG|TCB|HDB|MBB|MSN|FPT|VPB|BID,0.375,0.34782608695652173,1.078125
2025-07-08,2025,final_test,10,23,CTG|TCB|HDB|MBB|MSN|FPT|VPB|BID|HPG|SSI,0.4,0.34782608695652173,1.1500000000000001
2025-07-09,2025,final_test,2,23,CTG|HDB,0.5,0.391304347826087,1.2777777777777777
2025-07-09,2025,final_test,3,23,CTG|HDB|HPG,0.3333333333333333,0.391304347826087,0.8518518518518517
2025-07-09,2025,final_test,5,23,CTG|HDB|HPG|VPB|MSN,0.4,0.391304347826087,1.0222222222222221
2025-07-09,2025,final_test,8,23,CTG|HDB|HPG|VPB|MSN|MBB|BID|TCB,0.375,0.391304347826087,0.9583333333333333
2025-07-09,2025,final_test,10,23,CTG|HDB|HPG|VPB|MSN|MBB|BID|TCB|VIC|SSI,0.5,0.391304347826087,1.2777777777777777
2025-07-10,2025,final_test,2,23,CTG|HDB,0.5,0.4782608695652174,1.0454545454545454
2025-07-10,2025,final_test,3,23,CTG|HDB|VPB,0.6666666666666666,0.4782608695652174,1.3939393939393938
2025-07-10,2025,final_test,5,23,CTG|HDB|VPB|BID|VCB,0.4,0.4782608695652174,0.8363636363636364
2025-07-10,2025,final_test,8,23,CTG|HDB|VPB|BID|VCB|VIC|SSI|TCB,0.625,0.4782608695652174,1.3068181818181819
2025-07-10,2025,final_test,10,23,CTG|HDB|VPB|BID|VCB|VIC|SSI|TCB|MSN|HPG,0.6,0.4782608695652174,1.2545454545454544
2025-07-11,2025,final_test,2,23,HDB|VPB,1.0,0.30434782608695654,3.2857142857142856
2025-07-11,2025,final_test,3,23,HDB|VPB|CTG,0.6666666666666666,0.30434782608695654,2.1904761904761902
2025-07-11,2025,final_test,5,23,HDB|VPB|CTG|BID|VCB,0.4,0.30434782608695654,1.3142857142857143
2025-07-11,2025,final_test,8,23,HDB|VPB|CTG|BID|VCB|TCB|FPT|HPG,0.25,0.30434782608695654,0.8214285714285714
2025-07-11,2025,final_test,10,23,HDB|VPB|CTG|BID|VCB|TCB|FPT|HPG|MSN|MWG,0.2,0.30434782608695654,0.6571428571428571
2025-07-14,2025,final_test,2,23,HDB|BID,0.5,0.34782608695652173,1.4375
2025-07-14,2025,final_test,3,23,HDB|BID|VPB,0.6666666666666666,0.34782608695652173,1.9166666666666665
2025-07-14,2025,final_test,5,23,HDB|BID|VPB|TCB|CTG,0.4,0.34782608695652173,1.1500000000000001
2025-07-14,2025,final_test,8,23,HDB|BID|VPB|TCB|CTG|MWG|HPG|VCB,0.375,0.34782608695652173,1.078125
2025-07-14,2025,final_test,10,23,HDB|BID|VPB|TCB|CTG|MWG|HPG|VCB|SSI|FPT,0.4,0.34782608695652173,1.1500000000000001
2025-07-15,2025,final_test,2,23,VPB|MWG,0.5,0.391304347826087,1.2777777777777777
2025-07-15,2025,final_test,3,23,VPB|MWG|HDB,0.6666666666666666,0.391304347826087,1.7037037037037035
2025-07-15,2025,final_test,5,23,VPB|MWG|HDB|HPG|CTG,0.6,0.391304347826087,1.5333333333333332
2025-07-15,2025,final_test,8,23,VPB|MWG|HDB|HPG|CTG|TCB|BID|FPT,0.375,0.391304347826087,0.9583333333333333
2025-07-15,2025,final_test,10,23,VPB|MWG|HDB|HPG|CTG|TCB|BID|FPT|VNM|MBB,0.4,0.391304347826087,1.0222222222222221
2025-07-16,2025,final_test,2,23,VPB|HDB,1.0,0.391304347826087,2.5555555555555554
2025-07-16,2025,final_test,3,23,VPB|HDB|MWG,0.6666666666666666,0.391304347826087,1.7037037037037035
2025-07-16,2025,final_test,5,23,VPB|HDB|MWG|CTG|BID,0.6,0.391304347826087,1.5333333333333332
2025-07-16,2025,final_test,8,23,VPB|HDB|MWG|CTG|BID|TCB|HPG|VCB,0.375,0.391304347826087,0.9583333333333333
2025-07-16,2025,final_test,10,23,VPB|HDB|MWG|CTG|BID|TCB|HPG|VCB|FPT|VNM,0.3,0.391304347826087,0.7666666666666666
2025-07-17,2025,final_test,2,23,VPB|HDB,1.0,0.43478260869565216,2.3000000000000003
2025-07-17,2025,final_test,3,23,VPB|HDB|MWG,0.6666666666666666,0.43478260869565216,1.5333333333333332
2025-07-17,2025,final_test,5,23,VPB|HDB|MWG|CTG|FPT,0.6,0.43478260869565216,1.38
2025-07-17,2025,final_test,8,23,VPB|HDB|MWG|CTG|FPT|TCB|BID|HPG,0.375,0.43478260869565216,0.8625
2025-07-17,2025,final_test,10,23,VPB|HDB|MWG|CTG|FPT|TCB|BID|HPG|VCB|VNM,0.3,0.43478260869565216,0.69
2025-07-18,2025,final_test,2,23,MWG|HDB,0.5,0.30434782608695654,1.6428571428571428
2025-07-18,2025,final_test,3,23,MWG|HDB|VPB,0.6666666666666666,0.30434782608695654,2.1904761904761902
2025-07-18,2025,final_test,5,23,MWG|HDB|VPB|CTG|TCB,0.4,0.30434782608695654,1.3142857142857143
2025-07-18,2025,final_test,8,23,MWG|HDB|VPB|CTG|TCB|MBB|FPT|BID,0.375,0.30434782608695654,1.232142857142857
2025-07-18,2025,final_test,10,23,MWG|HDB|VPB|CTG|TCB|MBB|FPT|BID|HPG|VCB,0.3,0.30434782608695654,0.9857142857142857
2025-07-21,2025,final_test,2,23,HDB|CTG,0.5,0.30434782608695654,1.6428571428571428
2025-07-21,2025,final_test,3,23,HDB|CTG|MWG,0.3333333333333333,0.30434782608695654,1.0952380952380951
2025-07-21,2025,final_test,5,23,HDB|CTG|MWG|FPT|VIC,0.2,0.30434782608695654,0.6571428571428571
2025-07-21,2025,final_test,8,23,HDB|CTG|MWG|FPT|VIC|VHM|VPB|MBB,0.375,0.30434782608695654,1.232142857142857
2025-07-21,2025,final_test,10,23,HDB|CTG|MWG|FPT|VIC|VHM|VPB|MBB|HPG|POW,0.4,0.30434782608695654,1.3142857142857143
2025-07-22,2025,final_test,2,23,MWG|HDB,0.5,0.34782608695652173,1.4375
2025-07-22,2025,final_test,3,23,MWG|HDB|CTG,0.3333333333333333,0.34782608695652173,0.9583333333333333
2025-07-22,2025,final_test,5,23,MWG|HDB|CTG|FPT|VPB,0.4,0.34782608695652173,1.1500000000000001
2025-07-22,2025,final_test,8,23,MWG|HDB|CTG|FPT|VPB|BID|VHM|MBB,0.375,0.34782608695652173,1.078125
2025-07-22,2025,final_test,10,23,MWG|HDB|CTG|FPT|VPB|BID|VHM|MBB|VIC|SSI,0.4,0.34782608695652173,1.1500000000000001
2025-07-23,2025,final_test,2,23,CTG|MWG,0.5,0.43478260869565216,1.1500000000000001
2025-07-23,2025,final_test,3,23,CTG|MWG|FPT,0.3333333333333333,0.43478260869565216,0.7666666666666666
2025-07-23,2025,final_test,5,23,CTG|MWG|FPT|VIC|BID,0.2,0.43478260869565216,0.46
2025-07-23,2025,final_test,8,23,CTG|MWG|FPT|VIC|BID|VNM|HDB|MBB,0.375,0.43478260869565216,0.8625
2025-07-23,2025,final_test,10,23,CTG|MWG|FPT|VIC|BID|VNM|HDB|MBB|HPG|SSI,0.4,0.43478260869565216,0.92
2025-07-24,2025,final_test,2,23,MWG|CTG,0.5,0.43478260869565216,1.1500000000000001
2025-07-24,2025,final_test,3,23,MWG|CTG|VIC,0.3333333333333333,0.43478260869565216,0.7666666666666666
2025-07-24,2025,final_test,5,23,MWG|CTG|VIC|MBB|BID,0.4,0.43478260869565216,0.92
2025-07-24,2025,final_test,8,23,MWG|CTG|VIC|MBB|BID|VNM|SAB|SSI,0.375,0.43478260869565216,0.8625
2025-07-24,2025,final_test,10,23,MWG|CTG|VIC|MBB|BID|VNM|SAB|SSI|FPT|VCB,0.3,0.43478260869565216,0.69
2025-07-25,2025,final_test,2,23,MWG|MBB,0.5,0.4782608695652174,1.0454545454545454
2025-07-25,2025,final_test,3,23,MWG|MBB|CTG,0.6666666666666666,0.4782608695652174,1.3939393939393938
2025-07-25,2025,final_test,5,23,MWG|MBB|CTG|VIC|POW,0.8,0.4782608695652174,1.6727272727272728
2025-07-25,2025,final_test,8,23,MWG|MBB|CTG|VIC|POW|VNM|BID|VHM,0.625,0.4782608695652174,1.3068181818181819
2025-07-25,2025,final_test,10,23,MWG|MBB|CTG|VIC|POW|VNM|BID|VHM|SAB|TCB,0.6,0.4782608695652174,1.2545454545454544
2025-07-28,2025,final_test,2,23,MWG|CTG,0.5,0.4782608695652174,1.0454545454545454
2025-07-28,2025,final_test,3,23,MWG|CTG|MBB,0.6666666666666666,0.4782608695652174,1.3939393939393938
2025-07-28,2025,final_test,5,23,MWG|CTG|MBB|BID|POW,0.8,0.4782608695652174,1.6727272727272728
2025-07-28,2025,final_test,8,23,MWG|CTG|MBB|BID|POW|VNM|SAB|TCB,0.625,0.4782608695652174,1.3068181818181819
2025-07-28,2025,final_test,10,23,MWG|CTG|MBB|BID|POW|VNM|SAB|TCB|VCB|FPT,0.5,0.4782608695652174,1.0454545454545454
2025-07-29,2025,final_test,2,23,VNM|POW,0.0,0.6086956521739131,0.0
2025-07-29,2025,final_test,3,23,VNM|POW|VHM,0.3333333333333333,0.6086956521739131,0.5476190476190476
2025-07-29,2025,final_test,5,23,VNM|POW|VHM|VIC|VCB,0.4,0.6086956521739131,0.6571428571428571
2025-07-29,2025,final_test,8,23,VNM|POW|VHM|VIC|VCB|MWG|VRE|MBB,0.5,0.6086956521739131,0.8214285714285714
2025-07-29,2025,final_test,10,23,VNM|POW|VHM|VIC|VCB|MWG|VRE|MBB|HDB|STB,0.6,0.6086956521739131,0.9857142857142857
2025-07-30,2025,final_test,2,23,VNM|POW,0.5,0.6521739130434783,0.7666666666666666
2025-07-30,2025,final_test,3,23,VNM|POW|VIC,0.6666666666666666,0.6521739130434783,1.0222222222222221
2025-07-30,2025,final_test,5,23,VNM|POW|VIC|MBB|BID,0.8,0.6521739130434783,1.2266666666666668
2025-07-30,2025,final_test,8,23,VNM|POW|VIC|MBB|BID|HDB|STB|TCB,0.875,0.6521739130434783,1.3416666666666666
2025-07-30,2025,final_test,10,23,VNM|POW|VIC|MBB|BID|HDB|STB|TCB|MWG|CTG,0.8,0.6521739130434783,1.2266666666666668
2025-07-31,2025,final_test,2,23,POW|HDB,1.0,0.6521739130434783,1.5333333333333332
2025-07-31,2025,final_test,3,23,POW|HDB|MBB,1.0,0.6521739130434783,1.5333333333333332
2025-07-31,2025,final_test,5,23,POW|HDB|MBB|STB|CTG,0.8,0.6521739130434783,1.2266666666666668
2025-07-31,2025,final_test,8,23,POW|HDB|MBB|STB|CTG|VIC|VNM|VRE,0.625,0.6521739130434783,0.9583333333333334
2025-07-31,2025,final_test,10,23,POW|HDB|MBB|STB|CTG|VIC|VNM|VRE|VHM|BID,0.7,0.6521739130434783,1.0733333333333333
2025-08-01,2025,final_test,2,23,POW|HDB,1.0,0.6956521739130435,1.4375
2025-08-01,2025,final_test,3,23,POW|HDB|MBB,1.0,0.6956521739130435,1.4375
2025-08-01,2025,final_test,5,23,POW|HDB|MBB|STB|VHM,1.0,0.6956521739130435,1.4375
2025-08-01,2025,final_test,8,23,POW|HDB|MBB|STB|VHM|SAB|BVH|VRE,0.75,0.6956521739130435,1.078125
2025-08-01,2025,final_test,10,23,POW|HDB|MBB|STB|VHM|SAB|BVH|VRE|TCB|CTG,0.8,0.6956521739130435,1.1500000000000001
2025-08-04,2025,final_test,2,23,POW|MBB,1.0,0.6956521739130435,1.4375
2025-08-04,2025,final_test,3,23,POW|MBB|HDB,1.0,0.6956521739130435,1.4375
2025-08-04,2025,final_test,5,23,POW|MBB|HDB|STB|TCB,1.0,0.6956521739130435,1.4375
2025-08-04,2025,final_test,8,23,POW|MBB|HDB|STB|TCB|VHM|CTG|BVH,1.0,0.6956521739130435,1.4375
2025-08-04,2025,final_test,10,23,POW|MBB|HDB|STB|TCB|VHM|CTG|BVH|VCB|SAB,0.8,0.6956521739130435,1.1500000000000001
2025-08-05,2025,final_test,2,23,POW|STB,0.5,0.5652173913043478,0.8846153846153847
2025-08-05,2025,final_test,3,23,POW|STB|HDB,0.6666666666666666,0.5652173913043478,1.1794871794871795
2025-08-05,2025,final_test,5,23,POW|STB|HDB|TCB|MBB,0.6,0.5652173913043478,1.0615384615384615
2025-08-05,2025,final_test,8,23,POW|STB|HDB|TCB|MBB|MWG|CTG|VCB,0.75,0.5652173913043478,1.326923076923077
2025-08-05,2025,final_test,10,23,POW|STB|HDB|TCB|MBB|MWG|CTG|VCB|BID|VHM,0.7,0.5652173913043478,1.2384615384615385
2025-08-06,2025,final_test,2,23,TCB|HDB,0.5,0.4782608695652174,1.0454545454545454
2025-08-06,2025,final_test,3,23,TCB|HDB|STB,0.3333333333333333,0.4782608695652174,0.6969696969696969
2025-08-06,2025,final_test,5,23,TCB|HDB|STB|BID|CTG,0.4,0.4782608695652174,0.8363636363636364
2025-08-06,2025,final_test,8,23,TCB|HDB|STB|BID|CTG|MBB|MWG|HPG,0.5,0.4782608695652174,1.0454545454545454
2025-08-06,2025,final_test,10,23,TCB|HDB|STB|BID|CTG|MBB|MWG|HPG|POW|VCB,0.6,0.4782608695652174,1.2545454545454544
2025-08-07,2025,final_test,2,23,STB|HDB,0.5,0.4782608695652174,1.0454545454545454
2025-08-07,2025,final_test,3,23,STB|HDB|TCB,0.3333333333333333,0.4782608695652174,0.6969696969696969
2025-08-07,2025,final_test,5,23,STB|HDB|TCB|MBB|CTG,0.6,0.4782608695652174,1.2545454545454544
2025-08-07,2025,final_test,8,23,STB|HDB|TCB|MBB|CTG|MWG|BID|SSI,0.5,0.4782608695652174,1.0454545454545454
2025-08-07,2025,final_test,10,23,STB|HDB|TCB|MBB|CTG|MWG|BID|SSI|POW|GAS,0.4,0.4782608695652174,0.8363636363636364
2025-08-08,2025,final_test,2,23,STB|HDB,0.5,0.5217391304347826,0.9583333333333334
2025-08-08,2025,final_test,3,23,STB|HDB|POW,0.3333333333333333,0.5217391304347826,0.6388888888888888
2025-08-08,2025,final_test,5,23,STB|HDB|POW|TCB|MBB,0.4,0.5217391304347826,0.7666666666666667
2025-08-08,2025,final_test,8,23,STB|HDB|POW|TCB|MBB|SSI|GAS|MWG,0.5,0.5217391304347826,0.9583333333333334
2025-08-08,2025,final_test,10,23,STB|HDB|POW|TCB|MBB|SSI|GAS|MWG|CTG|VHM,0.6,0.5217391304347826,1.15
2025-08-11,2025,final_test,2,23,POW|MWG,0.5,0.5652173913043478,0.8846153846153847
2025-08-11,2025,final_test,3,23,POW|MWG|HDB,0.6666666666666666,0.5652173913043478,1.1794871794871795
2025-08-11,2025,final_test,5,23,POW|MWG|HDB|TCB|STB,0.6,0.5652173913043478,1.0615384615384615
2025-08-11,2025,final_test,8,23,POW|MWG|HDB|TCB|STB|GAS|HPG|CTG,0.5,0.5652173913043478,0.8846153846153847
2025-08-11,2025,final_test,10,23,POW|MWG|HDB|TCB|STB|GAS|HPG|CTG|BID|VHM,0.5,0.5652173913043478,0.8846153846153847
2025-08-12,2025,final_test,2,23,MWG|STB,0.5,0.5217391304347826,0.9583333333333334
2025-08-12,2025,final_test,3,23,MWG|STB|BID,0.3333333333333333,0.5217391304347826,0.6388888888888888
2025-08-12,2025,final_test,5,23,MWG|STB|BID|TCB|MSN,0.2,0.5217391304347826,0.38333333333333336
2025-08-12,2025,final_test,8,23,MWG|STB|BID|TCB|MSN|CTG|MBB|HPG,0.375,0.5217391304347826,0.71875
2025-08-12,2025,final_test,10,23,MWG|STB|BID|TCB|MSN|CTG|MBB|HPG|HDB|SSI,0.5,0.5217391304347826,0.9583333333333334
2025-08-13,2025,final_test,2,23,TCB|MWG,0.5,0.43478260869565216,1.1500000000000001
2025-08-13,2025,final_test,3,23,TCB|MWG|BID,0.3333333333333333,0.43478260869565216,0.7666666666666666
2025-08-13,2025,final_test,5,23,TCB|MWG|BID|CTG|STB,0.2,0.43478260869565216,0.46
2025-08-13,2025,final_test,8,23,TCB|MWG|BID|CTG|STB|HDB|SSI|HPG,0.5,0.43478260869565216,1.1500000000000001
2025-08-13,2025,final_test,10,23,TCB|MWG|BID|CTG|STB|HDB|SSI|HPG|GAS|VHM,0.5,0.43478260869565216,1.1500000000000001
2025-08-14,2025,final_test,2,23,MWG|CTG,1.0,0.34782608695652173,2.875
2025-08-14,2025,final_test,3,23,MWG|CTG|STB,0.6666666666666666,0.34782608695652173,1.9166666666666665
2025-08-14,2025,final_test,5,23,MWG|CTG|STB|TCB|BID,0.4,0.34782608695652173,1.1500000000000001
2025-08-14,2025,final_test,8,23,MWG|CTG|STB|TCB|BID|VCB|SSI|HPG,0.5,0.34782608695652173,1.4375
2025-08-14,2025,final_test,10,23,MWG|CTG|STB|TCB|BID|VCB|SSI|HPG|VHM|VIC,0.6,0.34782608695652173,1.725
2025-08-15,2025,final_test,2,23,HPG|TCB,1.0,0.43478260869565216,2.3000000000000003
2025-08-15,2025,final_test,3,23,HPG|TCB|STB,1.0,0.43478260869565216,2.3000000000000003
2025-08-15,2025,final_test,5,23,HPG|TCB|STB|CTG|SSI,1.0,0.43478260869565216,2.3000000000000003
2025-08-15,2025,final_test,8,23,HPG|TCB|STB|CTG|SSI|VCB|BID|MSN,0.75,0.43478260869565216,1.725
2025-08-15,2025,final_test,10,23,HPG|TCB|STB|CTG|SSI|VCB|BID|MSN|POW|VHM,0.7,0.43478260869565216,1.6099999999999999
2025-08-18,2025,final_test,2,23,HPG|MSN,0.5,0.391304347826087,1.2777777777777777
2025-08-18,2025,final_test,3,23,HPG|MSN|VCB,0.3333333333333333,0.391304347826087,0.8518518518518517
2025-08-18,2025,final_test,5,23,HPG|MSN|VCB|TCB|SSI,0.4,0.391304347826087,1.0222222222222221
2025-08-18,2025,final_test,8,23,HPG|MSN|VCB|TCB|SSI|CTG|VIC|BID,0.5,0.391304347826087,1.2777777777777777
2025-08-18,2025,final_test,10,23,HPG|MSN|VCB|TCB|SSI|CTG|VIC|BID|GAS|PLX,0.4,0.391304347826087,1.0222222222222221
2025-08-19,2025,final_test,2,23,MSN|TCB,0.0,0.43478260869565216,0.0
2025-08-19,2025,final_test,3,23,MSN|TCB|VIC,0.3333333333333333,0.43478260869565216,0.7666666666666666
2025-08-19,2025,final_test,5,23,MSN|TCB|VIC|VCB|BID,0.2,0.43478260869565216,0.46
2025-08-19,2025,final_test,8,23,MSN|TCB|VIC|VCB|BID|HPG|SSI|VHM,0.5,0.43478260869565216,1.1500000000000001
2025-08-19,2025,final_test,10,23,MSN|TCB|VIC|VCB|BID|HPG|SSI|VHM|CTG|GAS,0.5,0.43478260869565216,1.1500000000000001
2025-08-20,2025,final_test,2,23,MSN|TCB,0.5,0.4782608695652174,1.0454545454545454
2025-08-20,2025,final_test,3,23,MSN|TCB|VHM,0.6666666666666666,0.4782608695652174,1.3939393939393938
2025-08-20,2025,final_test,5,23,MSN|TCB|VHM|BID|CTG,0.6,0.4782608695652174,1.2545454545454544
2025-08-20,2025,final_test,8,23,MSN|TCB|VHM|BID|CTG|VIC|HDB|SSI,0.625,0.4782608695652174,1.3068181818181819
2025-08-20,2025,final_test,10,23,MSN|TCB|VHM|BID|CTG|VIC|HDB|SSI|STB|BVH,0.6,0.4782608695652174,1.2545454545454544
2025-08-21,2025,final_test,2,23,VHM|BID,1.0,0.43478260869565216,2.3000000000000003
2025-08-21,2025,final_test,3,23,VHM|BID|TCB,0.6666666666666666,0.43478260869565216,1.5333333333333332
2025-08-21,2025,final_test,5,23,VHM|BID|TCB|HDB|VIC,0.6,0.43478260869565216,1.38
2025-08-21,2025,final_test,8,23,VHM|BID|TCB|HDB|VIC|CTG|VRE|VCB,0.375,0.43478260869565216,0.8625
2025-08-21,2025,final_test,10,23,VHM|BID|TCB|HDB|VIC|CTG|VRE|VCB|MSN|MWG,0.5,0.43478260869565216,1.1500000000000001
2025-08-22,2025,final_test,2,23,HDB|VHM,0.5,0.391304347826087,1.2777777777777777
2025-08-22,2025,final_test,3,23,HDB|VHM|BID,0.3333333333333333,0.391304347826087,0.8518518518518517
2025-08-22,2025,final_test,5,23,HDB|VHM|BID|VJC|VIC,0.4,0.391304347826087,1.0222222222222221
2025-08-22,2025,final_test,8,23,HDB|VHM|BID|VJC|VIC|CTG|MBB|VCB,0.25,0.391304347826087,0.6388888888888888
2025-08-22,2025,final_test,10,23,HDB|VHM|BID|VJC|VIC|CTG|MBB|VCB|VRE|BVH,0.2,0.391304347826087,0.5111111111111111
2025-08-25,2025,final_test,2,23,VHM|VJC,0.0,0.391304347826087,0.0
2025-08-25,2025,final_test,3,23,VHM|VJC|HDB,0.0,0.391304347826087,0.0
2025-08-25,2025,final_test,5,23,VHM|VJC|HDB|TCB|VRE,0.2,0.391304347826087,0.5111111111111111
2025-08-25,2025,final_test,8,23,VHM|VJC|HDB|TCB|VRE|BVH|BID|MBB,0.125,0.391304347826087,0.3194444444444444
2025-08-25,2025,final_test,10,23,VHM|VJC|HDB|TCB|VRE|BVH|BID|MBB|MSN|VIC,0.3,0.391304347826087,0.7666666666666666
2025-08-26,2025,final_test,2,23,VHM|VRE,0.0,0.30434782608695654,0.0
2025-08-26,2025,final_test,3,23,VHM|VRE|SSI,0.3333333333333333,0.30434782608695654,1.0952380952380951
2025-08-26,2025,final_test,5,23,VHM|VRE|SSI|HDB|VJC,0.2,0.30434782608695654,0.6571428571428571
2025-08-26,2025,final_test,8,23,VHM|VRE|SSI|HDB|VJC|VCB|MSN|VIC,0.375,0.30434782608695654,1.232142857142857
2025-08-26,2025,final_test,10,23,VHM|VRE|SSI|HDB|VJC|VCB|MSN|VIC|CTG|TCB,0.3,0.30434782608695654,0.9857142857142857
2025-08-27,2025,final_test,2,23,VHM|CTG,0.0,0.30434782608695654,0.0
2025-08-27,2025,final_test,3,23,VHM|CTG|HDB,0.0,0.30434782608695654,0.0
2025-08-27,2025,final_test,5,23,VHM|CTG|HDB|TCB|VIC,0.4,0.30434782608695654,1.3142857142857143
2025-08-27,2025,final_test,8,23,VHM|CTG|HDB|TCB|VIC|SSI|VCB|VJC,0.25,0.30434782608695654,0.8214285714285714
2025-08-27,2025,final_test,10,23,VHM|CTG|HDB|TCB|VIC|SSI|VCB|VJC|MWG|VRE,0.3,0.30434782608695654,0.9857142857142857
2025-08-28,2025,final_test,2,23,VHM|VCB,0.0,0.17391304347826086,0.0
2025-08-28,2025,final_test,3,23,VHM|VCB|CTG,0.0,0.17391304347826086,0.0
2025-08-28,2025,final_test,5,23,VHM|VCB|CTG|HDB|TCB,0.0,0.17391304347826086,0.0
2025-08-28,2025,final_test,8,23,VHM|VCB|CTG|HDB|TCB|VJC|MWG|SSI,0.125,0.17391304347826086,0.71875
2025-08-28,2025,final_test,10,23,VHM|VCB|CTG|HDB|TCB|VJC|MWG|SSI|VRE|MSN,0.1,0.17391304347826086,0.5750000000000001
2025-08-29,2025,final_test,2,23,VHM|HDB,0.0,0.30434782608695654,0.0
2025-08-29,2025,final_test,3,23,VHM|HDB|CTG,0.3333333333333333,0.30434782608695654,1.0952380952380951
2025-08-29,2025,final_test,5,23,VHM|HDB|CTG|VCB|MWG,0.4,0.30434782608695654,1.3142857142857143
2025-08-29,2025,final_test,8,23,VHM|HDB|CTG|VCB|MWG|FPT|BID|TCB,0.25,0.30434782608695654,0.8214285714285714
2025-08-29,2025,final_test,10,23,VHM|HDB|CTG|VCB|MWG|FPT|BID|TCB|VRE|SSI,0.3,0.30434782608695654,0.9857142857142857
2025-09-03,2025,final_test,2,23,VHM|BID,0.0,0.34782608695652173,0.0
2025-09-03,2025,final_test,3,23,VHM|BID|HDB,0.0,0.34782608695652173,0.0
2025-09-03,2025,final_test,5,23,VHM|BID|HDB|SSI|MWG,0.2,0.34782608695652173,0.5750000000000001
2025-09-03,2025,final_test,8,23,VHM|BID|HDB|SSI|MWG|VIC|MSN|POW,0.25,0.34782608695652173,0.71875
2025-09-03,2025,final_test,10,23,VHM|BID|HDB|SSI|MWG|VIC|MSN|POW|VJC|VRE,0.3,0.34782608695652173,0.8625
2025-09-04,2025,final_test,2,23,VHM|HDB,0.0,0.30434782608695654,0.0
2025-09-04,2025,final_test,3,23,VHM|HDB|SSI,0.0,0.30434782608695654,0.0
2025-09-04,2025,final_test,5,23,VHM|HDB|SSI|MWG|BID,0.2,0.30434782608695654,0.6571428571428571
2025-09-04,2025,final_test,8,23,VHM|HDB|SSI|MWG|BID|MSN|CTG|VRE,0.375,0.30434782608695654,1.232142857142857
2025-09-04,2025,final_test,10,23,VHM|HDB|SSI|MWG|BID|MSN|CTG|VRE|TCB|VCB,0.4,0.30434782608695654,1.3142857142857143
2025-09-05,2025,final_test,2,23,SSI|VCB,0.0,0.34782608695652173,0.0
2025-09-05,2025,final_test,3,23,SSI|VCB|VHM,0.3333333333333333,0.34782608695652173,0.9583333333333333
2025-09-05,2025,final_test,5,23,SSI|VCB|VHM|MWG|HDB,0.4,0.34782608695652173,1.1500000000000001
2025-09-05,2025,final_test,8,23,SSI|VCB|VHM|MWG|HDB|TCB|HPG|STB,0.5,0.34782608695652173,1.4375
2025-09-05,2025,final_test,10,23,SSI|VCB|VHM|MWG|HDB|TCB|HPG|STB|MSN|VJC,0.4,0.34782608695652173,1.1500000000000001
2025-09-08,2025,final_test,2,23,VHM|MWG,0.5,0.2608695652173913,1.9166666666666667
2025-09-08,2025,final_test,3,23,VHM|MWG|SSI,0.3333333333333333,0.2608695652173913,1.2777777777777777
2025-09-08,2025,final_test,5,23,VHM|MWG|SSI|VIC|CTG,0.6,0.2608695652173913,2.3
2025-09-08,2025,final_test,8,23,VHM|MWG|SSI|VIC|CTG|VRE|VJC|MSN,0.5,0.2608695652173913,1.9166666666666667
2025-09-08,2025,final_test,10,23,VHM|MWG|SSI|VIC|CTG|VRE|VJC|MSN|HDB|HPG,0.4,0.2608695652173913,1.5333333333333334
2025-09-09,2025,final_test,2,23,VHM|MWG,0.0,0.21739130434782608,0.0
2025-09-09,2025,final_test,3,23,VHM|MWG|VIC,0.3333333333333333,0.21739130434782608,1.5333333333333332
2025-09-09,2025,final_test,5,23,VHM|MWG|VIC|SSI|TCB,0.4,0.21739130434782608,1.84
2025-09-09,2025,final_test,8,23,VHM|MWG|VIC|SSI|TCB|HPG|CTG|VRE,0.5,0.21739130434782608,2.3000000000000003
2025-09-09,2025,final_test,10,23,VHM|MWG|VIC|SSI|TCB|HPG|CTG|VRE|HDB|MSN,0.4,0.21739130434782608,1.84
2025-09-10,2025,final_test,2,23,VHM|SSI,0.5,0.30434782608695654,1.6428571428571428
2025-09-10,2025,final_test,3,23,VHM|SSI|MWG,0.6666666666666666,0.30434782608695654,2.1904761904761902
2025-09-10,2025,final_test,5,23,VHM|SSI|MWG|HPG|TCB,0.4,0.30434782608695654,1.3142857142857143
2025-09-10,2025,final_test,8,23,VHM|SSI|MWG|HPG|TCB|VRE|CTG|VIC,0.625,0.30434782608695654,2.0535714285714284
2025-09-10,2025,final_test,10,23,VHM|SSI|MWG|HPG|TCB|VRE|CTG|VIC|HDB|MSN,0.5,0.30434782608695654,1.6428571428571428
2025-09-11,2025,final_test,2,23,VHM|SSI,0.5,0.21739130434782608,2.3000000000000003
2025-09-11,2025,final_test,3,23,VHM|SSI|HPG,0.3333333333333333,0.21739130434782608,1.5333333333333332
2025-09-11,2025,final_test,5,23,VHM|SSI|HPG|VRE|MSN,0.4,0.21739130434782608,1.84
2025-09-11,2025,final_test,8,23,VHM|SSI|HPG|VRE|MSN|MWG|CTG|STB,0.5,0.21739130434782608,2.3000000000000003
2025-09-11,2025,final_test,10,23,VHM|SSI|HPG|VRE|MSN|MWG|CTG|STB|TCB|VIC,0.5,0.21739130434782608,2.3000000000000003
2025-09-12,2025,final_test,2,23,VHM|HPG,0.5,0.21739130434782608,2.3000000000000003
2025-09-12,2025,final_test,3,23,VHM|HPG|VRE,0.6666666666666666,0.21739130434782608,3.0666666666666664
2025-09-12,2025,final_test,5,23,VHM|HPG|VRE|CTG|MSN,0.6,0.21739130434782608,2.76
2025-09-12,2025,final_test,8,23,VHM|HPG|VRE|CTG|MSN|MWG|SSI|TCB,0.375,0.21739130434782608,1.725
2025-09-12,2025,final_test,10,23,VHM|HPG|VRE|CTG|MSN|MWG|SSI|TCB|STB|VJC,0.4,0.21739130434782608,1.84
2025-09-15,2025,final_test,2,23,MSN|HPG,0.0,0.2608695652173913,0.0
2025-09-15,2025,final_test,3,23,MSN|HPG|CTG,0.3333333333333333,0.2608695652173913,1.2777777777777777
2025-09-15,2025,final_test,5,23,MSN|HPG|CTG|VHM|VJC,0.4,0.2608695652173913,1.5333333333333334
2025-09-15,2025,final_test,8,23,MSN|HPG|CTG|VHM|VJC|VNM|VRE|MWG,0.375,0.2608695652173913,1.4375
2025-09-15,2025,final_test,10,23,MSN|HPG|CTG|VHM|VJC|VNM|VRE|MWG|SSI|VIC,0.4,0.2608695652173913,1.5333333333333334
2025-09-16,2025,final_test,2,23,CTG|MSN,0.0,0.30434782608695654,0.0
2025-09-16,2025,final_test,3,23,CTG|MSN|HPG,0.0,0.30434782608695654,0.0
2025-09-16,2025,final_test,5,23,CTG|MSN|HPG|MWG|VIC,0.4,0.30434782608695654,1.3142857142857143
2025-09-16,2025,final_test,8,23,CTG|MSN|HPG|MWG|VIC|VNM|VHM|SSI,0.375,0.30434782608695654,1.232142857142857
2025-09-16,2025,final_test,10,23,CTG|MSN|HPG|MWG|VIC|VNM|VHM|SSI|TCB|VJC,0.5,0.30434782608695654,1.6428571428571428
2025-09-17,2025,final_test,2,23,CTG|VHM,1.0,0.43478260869565216,2.3000000000000003
2025-09-17,2025,final_test,3,23,CTG|VHM|STB,1.0,0.43478260869565216,2.3000000000000003
2025-09-17,2025,final_test,5,23,CTG|VHM|STB|MWG|HPG,0.8,0.43478260869565216,1.84
2025-09-17,2025,final_test,8,23,CTG|VHM|STB|MWG|HPG|VNM|SSI|TCB,0.625,0.43478260869565216,1.4375
2025-09-17,2025,final_test,10,23,CTG|VHM|STB|MWG|HPG|VNM|SSI|TCB|VJC|MSN,0.6,0.43478260869565216,1.38
2025-09-18,2025,final_test,2,23,VHM|STB,0.5,0.34782608695652173,1.4375
2025-09-18,2025,final_test,3,23,VHM|STB|CTG,0.3333333333333333,0.34782608695652173,0.9583333333333333
2025-09-18,2025,final_test,5,23,VHM|STB|CTG|HPG|VNM,0.2,0.34782608695652173,0.5750000000000001
2025-09-18,2025,final_test,8,23,VHM|STB|CTG|HPG|VNM|VRE|MWG|SSI,0.375,0.34782608695652173,1.078125
2025-09-18,2025,final_test,10,23,VHM|STB|CTG|HPG|VNM|VRE|MWG|SSI|MSN|VJC,0.4,0.34782608695652173,1.1500000000000001
2025-09-19,2025,final_test,2,23,VHM|MSN,1.0,0.43478260869565216,2.3000000000000003
2025-09-19,2025,final_test,3,23,VHM|MSN|CTG,0.6666666666666666,0.43478260869565216,1.5333333333333332
2025-09-19,2025,final_test,5,23,VHM|MSN|CTG|HPG|MWG,0.6,0.43478260869565216,1.38
2025-09-19,2025,final_test,8,23,VHM|MSN|CTG|HPG|MWG|STB|VNM|SSI,0.5,0.43478260869565216,1.1500000000000001
2025-09-19,2025,final_test,10,23,VHM|MSN|CTG|HPG|MWG|STB|VNM|SSI|VPB|MBB,0.5,0.43478260869565216,1.1500000000000001
2025-09-22,2025,final_test,2,23,MSN|STB,0.5,0.391304347826087,1.2777777777777777
2025-09-22,2025,final_test,3,23,MSN|STB|MWG,0.6666666666666666,0.391304347826087,1.7037037037037035
2025-09-22,2025,final_test,5,23,MSN|STB|MWG|HPG|VPB,0.6,0.391304347826087,1.5333333333333332
2025-09-22,2025,final_test,8,23,MSN|STB|MWG|HPG|VPB|CTG|BID|VHM,0.5,0.391304347826087,1.2777777777777777
2025-09-22,2025,final_test,10,23,MSN|STB|MWG|HPG|VPB|CTG|BID|VHM|SSI|VNM,0.4,0.391304347826087,1.0222222222222221
2025-09-23,2025,final_test,2,23,STB|CTG,0.0,0.30434782608695654,0.0
2025-09-23,2025,final_test,3,23,STB|CTG|MSN,0.0,0.30434782608695654,0.0
2025-09-23,2025,final_test,5,23,STB|CTG|MSN|MWG|VPB,0.2,0.30434782608695654,0.6571428571428571
2025-09-23,2025,final_test,8,23,STB|CTG|MSN|MWG|VPB|MBB|VHM|TCB,0.375,0.30434782608695654,1.232142857142857
2025-09-23,2025,final_test,10,23,STB|CTG|MSN|MWG|VPB|MBB|VHM|TCB|VNM|BID,0.3,0.30434782608695654,0.9857142857142857
2025-09-24,2025,final_test,2,23,STB|TCB,0.0,0.2608695652173913,0.0
2025-09-24,2025,final_test,3,23,STB|TCB|CTG,0.0,0.2608695652173913,0.0
2025-09-24,2025,final_test,5,23,STB|TCB|CTG|MBB|MSN,0.0,0.2608695652173913,0.0
2025-09-24,2025,final_test,8,23,STB|TCB|CTG|MBB|MSN|SSI|VNM|MWG,0.125,0.2608695652173913,0.4791666666666667
2025-09-24,2025,final_test,10,23,STB|TCB|CTG|MBB|MSN|SSI|VNM|MWG|VIC|HPG,0.2,0.2608695652173913,0.7666666666666667
2025-09-25,2025,final_test,2,23,TCB|STB,0.0,0.2608695652173913,0.0
2025-09-25,2025,final_test,3,23,TCB|STB|MWG,0.3333333333333333,0.2608695652173913,1.2777777777777777
2025-09-25,2025,final_test,5,23,TCB|STB|MWG|CTG|SSI,0.2,0.2608695652173913,0.7666666666666667
2025-09-25,2025,final_test,8,23,TCB|STB|MWG|CTG|SSI|HDB|MBB|HPG,0.25,0.2608695652173913,0.9583333333333334
2025-09-25,2025,final_test,10,23,TCB|STB|MWG|CTG|SSI|HDB|MBB|HPG|VPB|MSN,0.2,0.2608695652173913,0.7666666666666667
2025-09-26,2025,final_test,2,23,TCB|STB,0.0,0.2608695652173913,0.0
2025-09-26,2025,final_test,3,23,TCB|STB|CTG,0.0,0.2608695652173913,0.0
2025-09-26,2025,final_test,5,23,TCB|STB|CTG|MWG|MSN,0.2,0.2608695652173913,0.7666666666666667
2025-09-26,2025,final_test,8,23,TCB|STB|CTG|MWG|MSN|HDB|MBB|SSI,0.25,0.2608695652173913,0.9583333333333334
2025-09-26,2025,final_test,10,23,TCB|STB|CTG|MWG|MSN|HDB|MBB|SSI|VHM|HPG,0.3,0.2608695652173913,1.15
2025-09-29,2025,final_test,2,23,TCB|CTG,0.0,0.34782608695652173,0.0
2025-09-29,2025,final_test,3,23,TCB|CTG|STB,0.0,0.34782608695652173,0.0
2025-09-29,2025,final_test,5,23,TCB|CTG|STB|MWG|VHM,0.4,0.34782608695652173,1.1500000000000001
2025-09-29,2025,final_test,8,23,TCB|CTG|STB|MWG|VHM|VRE|VPB|HDB,0.5,0.34782608695652173,1.4375
2025-09-29,2025,final_test,10,23,TCB|CTG|STB|MWG|VHM|VRE|VPB|HDB|MBB|MSN,0.4,0.34782608695652173,1.1500000000000001
2025-09-30,2025,final_test,2,23,STB|CTG,0.0,0.30434782608695654,0.0
2025-09-30,2025,final_test,3,23,STB|CTG|MWG,0.3333333333333333,0.30434782608695654,1.0952380952380951
2025-09-30,2025,final_test,5,23,STB|CTG|MWG|VHM|TCB,0.4,0.30434782608695654,1.3142857142857143
2025-09-30,2025,final_test,8,23,STB|CTG|MWG|VHM|TCB|VPB|MBB|HDB,0.375,0.30434782608695654,1.232142857142857
2025-09-30,2025,final_test,10,23,STB|CTG|MWG|VHM|TCB|VPB|MBB|HDB|SSI|HPG,0.3,0.30434782608695654,0.9857142857142857
2025-10-01,2025,final_test,2,23,TCB|CTG,0.0,0.30434782608695654,0.0
2025-10-01,2025,final_test,3,23,TCB|CTG|VPB,0.0,0.30434782608695654,0.0
2025-10-01,2025,final_test,5,23,TCB|CTG|VPB|MWG|HDB,0.4,0.30434782608695654,1.3142857142857143
2025-10-01,2025,final_test,8,23,TCB|CTG|VPB|MWG|HDB|VHM|MBB|SSI,0.375,0.30434782608695654,1.232142857142857
2025-10-01,2025,final_test,10,23,TCB|CTG|VPB|MWG|HDB|VHM|MBB|SSI|STB|VNM,0.3,0.30434782608695654,0.9857142857142857
2025-10-02,2025,final_test,2,23,TCB|MBB,0.0,0.34782608695652173,0.0
2025-10-02,2025,final_test,3,23,TCB|MBB|CTG,0.0,0.34782608695652173,0.0
2025-10-02,2025,final_test,5,23,TCB|MBB|CTG|VPB|STB,0.0,0.34782608695652173,0.0
2025-10-02,2025,final_test,8,23,TCB|MBB|CTG|VPB|STB|HDB|MWG|VHM,0.375,0.34782608695652173,1.078125
2025-10-02,2025,final_test,10,23,TCB|MBB|CTG|VPB|STB|HDB|MWG|VHM|MSN|SSI,0.3,0.34782608695652173,0.8625
2025-10-03,2025,final_test,2,23,TCB|MBB,0.0,0.43478260869565216,0.0
2025-10-03,2025,final_test,3,23,TCB|MBB|CTG,0.0,0.43478260869565216,0.0
2025-10-03,2025,final_test,5,23,TCB|MBB|CTG|VPB|STB,0.0,0.43478260869565216,0.0
2025-10-03,2025,final_test,8,23,TCB|MBB|CTG|VPB|STB|MWG|HDB|VHM,0.25,0.43478260869565216,0.5750000000000001
2025-10-03,2025,final_test,10,23,TCB|MBB|CTG|VPB|STB|MWG|HDB|VHM|HPG|SSI,0.2,0.43478260869565216,0.46
2025-10-06,2025,final_test,2,23,TCB|MBB,0.0,0.5217391304347826,0.0
2025-10-06,2025,final_test,3,23,TCB|MBB|CTG,0.0,0.5217391304347826,0.0
2025-10-06,2025,final_test,5,23,TCB|MBB|CTG|VHM|HDB,0.4,0.5217391304347826,0.7666666666666667
2025-10-06,2025,final_test,8,23,TCB|MBB|CTG|VHM|HDB|VPB|STB|SSI,0.25,0.5217391304347826,0.4791666666666667
2025-10-06,2025,final_test,10,23,TCB|MBB|CTG|VHM|HDB|VPB|STB|SSI|MWG|VCB,0.3,0.5217391304347826,0.575
2025-10-07,2025,final_test,2,23,TCB|SSI,0.0,0.43478260869565216,0.0
2025-10-07,2025,final_test,3,23,TCB|SSI|VPB,0.0,0.43478260869565216,0.0
2025-10-07,2025,final_test,5,23,TCB|SSI|VPB|MBB|CTG,0.0,0.43478260869565216,0.0
2025-10-07,2025,final_test,8,23,TCB|SSI|VPB|MBB|CTG|MWG|VHM|STB,0.125,0.43478260869565216,0.28750000000000003
2025-10-07,2025,final_test,10,23,TCB|SSI|VPB|MBB|CTG|MWG|VHM|STB|HDB|HPG,0.2,0.43478260869565216,0.46
2025-10-08,2025,final_test,2,23,TCB|SSI,0.0,0.4782608695652174,0.0
2025-10-08,2025,final_test,3,23,TCB|SSI|CTG,0.3333333333333333,0.4782608695652174,0.6969696969696969
2025-10-08,2025,final_test,5,23,TCB|SSI|CTG|MBB|VPB,0.2,0.4782608695652174,0.4181818181818182
2025-10-08,2025,final_test,8,23,TCB|SSI|CTG|MBB|VPB|HDB|MWG|VHM,0.375,0.4782608695652174,0.7840909090909091
2025-10-08,2025,final_test,10,23,TCB|SSI|CTG|MBB|VPB|HDB|MWG|VHM|STB|VCB,0.3,0.4782608695652174,0.6272727272727272
2025-10-09,2025,final_test,2,23,TCB|MWG,0.5,0.43478260869565216,1.1500000000000001
2025-10-09,2025,final_test,3,23,TCB|MWG|MBB,0.3333333333333333,0.43478260869565216,0.7666666666666666
2025-10-09,2025,final_test,5,23,TCB|MWG|MBB|HDB|VPB,0.2,0.43478260869565216,0.46
2025-10-09,2025,final_test,8,23,TCB|MWG|MBB|HDB|VPB|STB|CTG|SSI,0.125,0.43478260869565216,0.28750000000000003
2025-10-09,2025,final_test,10,23,TCB|MWG|MBB|HDB|VPB|STB|CTG|SSI|MSN|HPG,0.1,0.43478260869565216,0.23
2025-10-10,2025,final_test,2,23,TCB|MWG,0.5,0.5652173913043478,0.8846153846153847
2025-10-10,2025,final_test,3,23,TCB|MWG|MBB,0.3333333333333333,0.5652173913043478,0.5897435897435898
2025-10-10,2025,final_test,5,23,TCB|MWG|MBB|HDB|VPB,0.4,0.5652173913043478,0.7076923076923077
2025-10-10,2025,final_test,8,23,TCB|MWG|MBB|HDB|VPB|CTG|SSI|STB,0.25,0.5652173913043478,0.44230769230769235
2025-10-10,2025,final_test,10,23,TCB|MWG|MBB|HDB|VPB|CTG|SSI|STB|MSN|BID,0.3,0.5652173913043478,0.5307692307692308
2025-10-13,2025,final_test,2,23,VPB|MBB,0.0,0.6086956521739131,0.0
2025-10-13,2025,final_test,3,23,VPB|MBB|MWG,0.3333333333333333,0.6086956521739131,0.5476190476190476
2025-10-13,2025,final_test,5,23,VPB|MBB|MWG|HDB|SSI,0.4,0.6086956521739131,0.6571428571428571
2025-10-13,2025,final_test,8,23,VPB|MBB|MWG|HDB|SSI|TCB|MSN|STB,0.25,0.6086956521739131,0.4107142857142857
2025-10-13,2025,final_test,10,23,VPB|MBB|MWG|HDB|SSI|TCB|MSN|STB|CTG|BID,0.3,0.6086956521739131,0.4928571428571428
2025-10-14,2025,final_test,2,23,TCB|MWG,0.5,0.6521739130434783,0.7666666666666666
2025-10-14,2025,final_test,3,23,TCB|MWG|MBB,0.3333333333333333,0.6521739130434783,0.5111111111111111
2025-10-14,2025,final_test,5,23,TCB|MWG|MBB|SSI|HDB,0.4,0.6521739130434783,0.6133333333333334
2025-10-14,2025,final_test,8,23,TCB|MWG|MBB|SSI|HDB|VPB|MSN|CTG,0.375,0.6521739130434783,0.575
2025-10-14,2025,final_test,10,23,TCB|MWG|MBB|SSI|HDB|VPB|MSN|CTG|STB|VCB,0.4,0.6521739130434783,0.6133333333333334
2025-10-15,2025,final_test,2,23,MWG|MBB,0.5,0.6086956521739131,0.8214285714285714
2025-10-15,2025,final_test,3,23,MWG|MBB|TCB,0.3333333333333333,0.6086956521739131,0.5476190476190476
2025-10-15,2025,final_test,5,23,MWG|MBB|TCB|HDB|SSI,0.2,0.6086956521739131,0.32857142857142857
2025-10-15,2025,final_test,8,23,MWG|MBB|TCB|HDB|SSI|CTG|MSN|BVH,0.375,0.6086956521739131,0.6160714285714285
2025-10-15,2025,final_test,10,23,MWG|MBB|TCB|HDB|SSI|CTG|MSN|BVH|VPB|VCB,0.4,0.6086956521739131,0.6571428571428571
2025-10-16,2025,final_test,2,23,TCB|MWG,0.5,0.5652173913043478,0.8846153846153847
2025-10-16,2025,final_test,3,23,TCB|MWG|VPB,0.3333333333333333,0.5652173913043478,0.5897435897435898
2025-10-16,2025,final_test,5,23,TCB|MWG|VPB|HDB|MBB,0.2,0.5652173913043478,0.35384615384615387
2025-10-16,2025,final_test,8,23,TCB|MWG|VPB|HDB|MBB|CTG|SSI|BVH,0.25,0.5652173913043478,0.44230769230769235
2025-10-16,2025,final_test,10,23,TCB|MWG|VPB|HDB|MBB|CTG|SSI|BVH|STB|MSN,0.2,0.5652173913043478,0.35384615384615387
2025-10-17,2025,final_test,2,23,VPB|MWG,0.5,0.5652173913043478,0.8846153846153847
2025-10-17,2025,final_test,3,23,VPB|MWG|TCB,0.3333333333333333,0.5652173913043478,0.5897435897435898
2025-10-17,2025,final_test,5,23,VPB|MWG|TCB|MBB|HDB,0.2,0.5652173913043478,0.35384615384615387
2025-10-17,2025,final_test,8,23,VPB|MWG|TCB|MBB|HDB|SSI|VHM|BVH,0.25,0.5652173913043478,0.44230769230769235
2025-10-17,2025,final_test,10,23,VPB|MWG|TCB|MBB|HDB|SSI|VHM|BVH|CTG|STB,0.2,0.5652173913043478,0.35384615384615387
2025-10-20,2025,final_test,2,23,VPB|TCB,0.0,0.5652173913043478,0.0
2025-10-20,2025,final_test,3,23,VPB|TCB|HDB,0.0,0.5652173913043478,0.0
2025-10-20,2025,final_test,5,23,VPB|TCB|HDB|BVH|VHM,0.2,0.5652173913043478,0.35384615384615387
2025-10-20,2025,final_test,8,23,VPB|TCB|HDB|BVH|VHM|SSI|MSN|MBB,0.125,0.5652173913043478,0.22115384615384617
2025-10-20,2025,final_test,10,23,VPB|TCB|HDB|BVH|VHM|SSI|MSN|MBB|MWG|CTG,0.2,0.5652173913043478,0.35384615384615387
2025-10-21,2025,final_test,2,23,VPB|MWG,0.5,0.5652173913043478,0.8846153846153847
2025-10-21,2025,final_test,3,23,VPB|MWG|TCB,0.3333333333333333,0.5652173913043478,0.5897435897435898
2025-10-21,2025,final_test,5,23,VPB|MWG|TCB|SSI|CTG,0.2,0.5652173913043478,0.35384615384615387
2025-10-21,2025,final_test,8,23,VPB|MWG|TCB|SSI|CTG|BVH|MBB|MSN,0.375,0.5652173913043478,0.6634615384615385
2025-10-21,2025,final_test,10,23,VPB|MWG|TCB|SSI|CTG|BVH|MBB|MSN|VHM|STB,0.3,0.5652173913043478,0.5307692307692308
2025-10-22,2025,final_test,2,23,VPB|CTG,0.0,0.5652173913043478,0.0
2025-10-22,2025,final_test,3,23,VPB|CTG|HDB,0.0,0.5652173913043478,0.0
2025-10-22,2025,final_test,5,23,VPB|CTG|HDB|TCB|SSI,0.0,0.5652173913043478,0.0
2025-10-22,2025,final_test,8,23,VPB|CTG|HDB|TCB|SSI|MWG|BVH|PLX,0.25,0.5652173913043478,0.44230769230769235
2025-10-22,2025,final_test,10,23,VPB|CTG|HDB|TCB|SSI|MWG|BVH|PLX|STB|MSN,0.3,0.5652173913043478,0.5307692307692308
2025-10-23,2025,final_test,2,23,VPB|TCB,0.0,0.6086956521739131,0.0
2025-10-23,2025,final_test,3,23,VPB|TCB|CTG,0.3333333333333333,0.6086956521739131,0.5476190476190476
2025-10-23,2025,final_test,5,23,VPB|TCB|CTG|MWG|HDB,0.2,0.6086956521739131,0.32857142857142857
2025-10-23,2025,final_test,8,23,VPB|TCB|CTG|MWG|HDB|STB|MSN|BVH,0.375,0.6086956521739131,0.6160714285714285
2025-10-23,2025,final_test,10,23,VPB|TCB|CTG|MWG|HDB|STB|MSN|BVH|PLX|SSI,0.4,0.6086956521739131,0.6571428571428571
2025-10-24,2025,final_test,2,23,VPB|MWG,0.0,0.5652173913043478,0.0
2025-10-24,2025,final_test,3,23,VPB|MWG|MSN,0.0,0.5652173913043478,0.0
2025-10-24,2025,final_test,5,23,VPB|MWG|MSN|TCB|HDB,0.0,0.5652173913043478,0.0
2025-10-24,2025,final_test,8,23,VPB|MWG|MSN|TCB|HDB|BVH|CTG|STB,0.25,0.5652173913043478,0.44230769230769235
2025-10-24,2025,final_test,10,23,VPB|MWG|MSN|TCB|HDB|BVH|CTG|STB|VNM|SSI,0.3,0.5652173913043478,0.5307692307692308
2025-10-27,2025,final_test,2,23,VPB|HDB,0.5,0.4782608695652174,1.0454545454545454
2025-10-27,2025,final_test,3,23,VPB|HDB|MWG,0.3333333333333333,0.4782608695652174,0.6969696969696969
2025-10-27,2025,final_test,5,23,VPB|HDB|MWG|VHM|MSN,0.2,0.4782608695652174,0.4181818181818182
2025-10-27,2025,final_test,8,23,VPB|HDB|MWG|VHM|MSN|TCB|PLX|CTG,0.125,0.4782608695652174,0.26136363636363635
2025-10-27,2025,final_test,10,23,VPB|HDB|MWG|VHM|MSN|TCB|PLX|CTG|SAB|SSI,0.2,0.4782608695652174,0.4181818181818182
2025-10-28,2025,final_test,2,23,VPB|HDB,0.0,0.391304347826087,0.0
2025-10-28,2025,final_test,3,23,VPB|HDB|STB,0.0,0.391304347826087,0.0
2025-10-28,2025,final_test,5,23,VPB|HDB|STB|MWG|VHM,0.0,0.391304347826087,0.0
2025-10-28,2025,final_test,8,23,VPB|HDB|STB|MWG|VHM|BVH|HPG|SAB,0.375,0.391304347826087,0.9583333333333333
2025-10-28,2025,final_test,10,23,VPB|HDB|STB|MWG|VHM|BVH|HPG|SAB|POW|PLX,0.4,0.391304347826087,1.0222222222222221
2025-10-29,2025,final_test,2,23,VPB|MWG,0.0,0.30434782608695654,0.0
2025-10-29,2025,final_test,3,23,VPB|MWG|PLX,0.0,0.30434782608695654,0.0
2025-10-29,2025,final_test,5,23,VPB|MWG|PLX|HDB|STB,0.0,0.30434782608695654,0.0
2025-10-29,2025,final_test,8,23,VPB|MWG|PLX|HDB|STB|POW|FPT|CTG,0.125,0.30434782608695654,0.4107142857142857
2025-10-29,2025,final_test,10,23,VPB|MWG|PLX|HDB|STB|POW|FPT|CTG|GAS|SAB,0.3,0.30434782608695654,0.9857142857142857
2025-10-30,2025,final_test,2,23,HDB|VPB,0.0,0.30434782608695654,0.0
2025-10-30,2025,final_test,3,23,HDB|VPB|MWG,0.0,0.30434782608695654,0.0
2025-10-30,2025,final_test,5,23,HDB|VPB|MWG|POW|PLX,0.2,0.30434782608695654,0.6571428571428571
2025-10-30,2025,final_test,8,23,HDB|VPB|MWG|POW|PLX|STB|SAB|GAS,0.375,0.30434782608695654,1.232142857142857
2025-10-30,2025,final_test,10,23,HDB|VPB|MWG|POW|PLX|STB|SAB|GAS|SSI|MBB,0.3,0.30434782608695654,0.9857142857142857
2025-10-31,2025,final_test,2,23,HDB|VPB,0.0,0.2608695652173913,0.0
2025-10-31,2025,final_test,3,23,HDB|VPB|MWG,0.0,0.2608695652173913,0.0
2025-10-31,2025,final_test,5,23,HDB|VPB|MWG|VHM|PLX,0.2,0.2608695652173913,0.7666666666666667
2025-10-31,2025,final_test,8,23,HDB|VPB|MWG|VHM|PLX|SAB|GAS|POW,0.25,0.2608695652173913,0.9583333333333334
2025-10-31,2025,final_test,10,23,HDB|VPB|MWG|VHM|PLX|SAB|GAS|POW|VNM|STB,0.3,0.2608695652173913,1.15
2025-11-03,2025,final_test,2,23,VPB|HDB,0.5,0.34782608695652173,1.4375
2025-11-03,2025,final_test,3,23,VPB|HDB|SSI,0.3333333333333333,0.34782608695652173,0.9583333333333333
2025-11-03,2025,final_test,5,23,VPB|HDB|SSI|POW|SAB,0.4,0.34782608695652173,1.1500000000000001
2025-11-03,2025,final_test,8,23,VPB|HDB|SSI|POW|SAB|STB|TCB|GAS,0.375,0.34782608695652173,1.078125
2025-11-03,2025,final_test,10,23,VPB|HDB|SSI|POW|SAB|STB|TCB|GAS|HPG|CTG,0.3,0.34782608695652173,0.8625
2025-11-04,2025,final_test,2,23,VPB|HDB,0.0,0.34782608695652173,0.0
2025-11-04,2025,final_test,3,23,VPB|HDB|POW,0.3333333333333333,0.34782608695652173,0.9583333333333333
2025-11-04,2025,final_test,5,23,VPB|HDB|POW|SAB|MWG,0.4,0.34782608695652173,1.1500000000000001
2025-11-04,2025,final_test,8,23,VPB|HDB|POW|SAB|MWG|BVH|SSI|FPT,0.25,0.34782608695652173,0.71875
2025-11-04,2025,final_test,10,23,VPB|HDB|POW|SAB|MWG|BVH|SSI|FPT|GAS|CTG,0.3,0.34782608695652173,0.8625
2025-11-05,2025,final_test,2,23,VPB|HDB,0.0,0.30434782608695654,0.0
2025-11-05,2025,final_test,3,23,VPB|HDB|SSI,0.0,0.30434782608695654,0.0
2025-11-05,2025,final_test,5,23,VPB|HDB|SSI|HPG|BID,0.0,0.30434782608695654,0.0
2025-11-05,2025,final_test,8,23,VPB|HDB|SSI|HPG|BID|STB|POW|CTG,0.0,0.30434782608695654,0.0
2025-11-05,2025,final_test,10,23,VPB|HDB|SSI|HPG|BID|STB|POW|CTG|PLX|TCB,0.0,0.30434782608695654,0.0
2025-11-06,2025,final_test,2,23,VPB|HDB,1.0,0.43478260869565216,2.3000000000000003
2025-11-06,2025,final_test,3,23,VPB|HDB|STB,0.6666666666666666,0.43478260869565216,1.5333333333333332
2025-11-06,2025,final_test,5,23,VPB|HDB|STB|BID|SSI,0.4,0.43478260869565216,0.92
2025-11-06,2025,final_test,8,23,VPB|HDB|STB|BID|SSI|POW|BVH|TCB,0.25,0.43478260869565216,0.5750000000000001
2025-11-06,2025,final_test,10,23,VPB|HDB|STB|BID|SSI|POW|BVH|TCB|CTG|GAS,0.2,0.43478260869565216,0.46
2025-11-07,2025,final_test,2,23,VPB|SSI,0.0,0.2608695652173913,0.0
2025-11-07,2025,final_test,3,23,VPB|SSI|STB,0.0,0.2608695652173913,0.0
2025-11-07,2025,final_test,5,23,VPB|SSI|STB|VHM|HDB,0.4,0.2608695652173913,1.5333333333333334
2025-11-07,2025,final_test,8,23,VPB|SSI|STB|VHM|HDB|POW|CTG|TCB,0.25,0.2608695652173913,0.9583333333333334
2025-11-07,2025,final_test,10,23,VPB|SSI|STB|VHM|HDB|POW|CTG|TCB|BVH|HPG,0.2,0.2608695652173913,0.7666666666666667
2025-11-10,2025,final_test,2,23,VHM|VPB,0.5,0.21739130434782608,2.3000000000000003
2025-11-10,2025,final_test,3,23,VHM|VPB|STB,0.3333333333333333,0.21739130434782608,1.5333333333333332
2025-11-10,2025,final_test,5,23,VHM|VPB|STB|VRE|SSI,0.2,0.21739130434782608,0.92
2025-11-10,2025,final_test,8,23,VHM|VPB|STB|VRE|SSI|BVH|FPT|CTG,0.125,0.21739130434782608,0.5750000000000001
2025-11-10,2025,final_test,10,23,VHM|VPB|STB|VRE|SSI|BVH|FPT|CTG|HPG|HDB,0.1,0.21739130434782608,0.46
2025-11-11,2025,final_test,2,23,VHM|VPB,0.5,0.17391304347826086,2.875
2025-11-11,2025,final_test,3,23,VHM|VPB|VRE,0.3333333333333333,0.17391304347826086,1.9166666666666665
2025-11-11,2025,final_test,5,23,VHM|VPB|VRE|SSI|STB,0.2,0.17391304347826086,1.1500000000000001
2025-11-11,2025,final_test,8,23,VHM|VPB|VRE|SSI|STB|HPG|TCB|BID,0.125,0.17391304347826086,0.71875
2025-11-11,2025,final_test,10,23,VHM|VPB|VRE|SSI|STB|HPG|TCB|BID|VNM|SAB,0.2,0.17391304347826086,1.1500000000000001
2025-11-12,2025,final_test,2,23,VPB|VHM,0.5,0.30434782608695654,1.6428571428571428
2025-11-12,2025,final_test,3,23,VPB|VHM|SSI,0.3333333333333333,0.30434782608695654,1.0952380952380951
2025-11-12,2025,final_test,5,23,VPB|VHM|SSI|SAB|CTG,0.4,0.30434782608695654,1.3142857142857143
2025-11-12,2025,final_test,8,23,VPB|VHM|SSI|SAB|CTG|STB|BID|VRE,0.25,0.30434782608695654,0.8214285714285714
2025-11-12,2025,final_test,10,23,VPB|VHM|SSI|SAB|CTG|STB|BID|VRE|VNM|TCB,0.3,0.30434782608695654,0.9857142857142857
2025-11-13,2025,final_test,2,23,VHM|VRE,0.5,0.2608695652173913,1.9166666666666667
2025-11-13,2025,final_test,3,23,VHM|VRE|VPB,0.3333333333333333,0.2608695652173913,1.2777777777777777
2025-11-13,2025,final_test,5,23,VHM|VRE|VPB|STB|TCB,0.2,0.2608695652173913,0.7666666666666667
2025-11-13,2025,final_test,8,23,VHM|VRE|VPB|STB|TCB|SSI|CTG|SAB,0.25,0.2608695652173913,0.9583333333333334
2025-11-13,2025,final_test,10,23,VHM|VRE|VPB|STB|TCB|SSI|CTG|SAB|BID|MSN,0.2,0.2608695652173913,0.7666666666666667
2025-11-14,2025,final_test,2,23,VRE|VPB,0.0,0.2608695652173913,0.0
2025-11-14,2025,final_test,3,23,VRE|VPB|STB,0.0,0.2608695652173913,0.0
2025-11-14,2025,final_test,5,23,VRE|VPB|STB|SAB|VHM,0.2,0.2608695652173913,0.7666666666666667
2025-11-14,2025,final_test,8,23,VRE|VPB|STB|SAB|VHM|SSI|TCB|MSN,0.125,0.2608695652173913,0.4791666666666667
2025-11-14,2025,final_test,10,23,VRE|VPB|STB|SAB|VHM|SSI|TCB|MSN|BID|HPG,0.1,0.2608695652173913,0.38333333333333336
2025-11-17,2025,final_test,2,23,SAB|VRE,0.5,0.30434782608695654,1.6428571428571428
2025-11-17,2025,final_test,3,23,SAB|VRE|VPB,0.3333333333333333,0.30434782608695654,1.0952380952380951
2025-11-17,2025,final_test,5,23,SAB|VRE|VPB|HPG|STB,0.2,0.30434782608695654,0.6571428571428571
2025-11-17,2025,final_test,8,23,SAB|VRE|VPB|HPG|STB|SSI|TCB|VNM,0.25,0.30434782608695654,0.8214285714285714
2025-11-17,2025,final_test,10,23,SAB|VRE|VPB|HPG|STB|SSI|TCB|VNM|MWG|PLX,0.2,0.30434782608695654,0.6571428571428571
2025-11-18,2025,final_test,2,23,SAB|VPB,0.5,0.34782608695652173,1.4375
2025-11-18,2025,final_test,3,23,SAB|VPB|HPG,0.3333333333333333,0.34782608695652173,0.9583333333333333
2025-11-18,2025,final_test,5,23,SAB|VPB|HPG|VRE|SSI,0.2,0.34782608695652173,0.5750000000000001
2025-11-18,2025,final_test,8,23,SAB|VPB|HPG|VRE|SSI|VNM|STB|POW,0.25,0.34782608695652173,0.71875
2025-11-18,2025,final_test,10,23,SAB|VPB|HPG|VRE|SSI|VNM|STB|POW|MWG|BID,0.2,0.34782608695652173,0.5750000000000001
2025-11-19,2025,final_test,2,23,VRE|VHM,0.0,0.30434782608695654,0.0
2025-11-19,2025,final_test,3,23,VRE|VHM|SSI,0.0,0.30434782608695654,0.0
2025-11-19,2025,final_test,5,23,VRE|VHM|SSI|HPG|SAB,0.2,0.30434782608695654,0.6571428571428571
2025-11-19,2025,final_test,8,23,VRE|VHM|SSI|HPG|SAB|VPB|BVH|VNM,0.25,0.30434782608695654,0.8214285714285714
2025-11-19,2025,final_test,10,23,VRE|VHM|SSI|HPG|SAB|VPB|BVH|VNM|MWG|VIC,0.3,0.30434782608695654,0.9857142857142857
2025-11-20,2025,final_test,2,23,VRE|VNM,0.5,0.30434782608695654,1.6428571428571428
2025-11-20,2025,final_test,3,23,VRE|VNM|SAB,0.6666666666666666,0.30434782608695654,2.1904761904761902
2025-11-20,2025,final_test,5,23,VRE|VNM|SAB|VPB|HDB,0.6,0.30434782608695654,1.9714285714285713
2025-11-20,2025,final_test,8,23,VRE|VNM|SAB|VPB|HDB|VHM|HPG|VIC,0.5,0.30434782608695654,1.6428571428571428
2025-11-20,2025,final_test,10,23,VRE|VNM|SAB|VPB|HDB|VHM|HPG|VIC|POW|SSI,0.4,0.30434782608695654,1.3142857142857143
2025-11-21,2025,final_test,2,23,VRE|HPG,0.0,0.30434782608695654,0.0
2025-11-21,2025,final_test,3,23,VRE|HPG|VHM,0.0,0.30434782608695654,0.0
2025-11-21,2025,final_test,5,23,VRE|HPG|VHM|VPB|VNM,0.2,0.30434782608695654,0.6571428571428571
2025-11-21,2025,final_test,8,23,VRE|HPG|VHM|VPB|VNM|POW|VIC|HDB,0.375,0.30434782608695654,1.232142857142857
2025-11-21,2025,final_test,10,23,VRE|HPG|VHM|VPB|VNM|POW|VIC|HDB|BVH|SAB,0.4,0.30434782608695654,1.3142857142857143
2025-11-24,2025,final_test,2,23,POW|VPB,0.0,0.30434782608695654,0.0
2025-11-24,2025,final_test,3,23,POW|VPB|HPG,0.0,0.30434782608695654,0.0
2025-11-24,2025,final_test,5,23,POW|VPB|HPG|HDB|VHM,0.2,0.30434782608695654,0.6571428571428571
2025-11-24,2025,final_test,8,23,POW|VPB|HPG|HDB|VHM|CTG|VNM|FPT,0.125,0.30434782608695654,0.4107142857142857
2025-11-24,2025,final_test,10,23,POW|VPB|HPG|HDB|VHM|CTG|VNM|FPT|VIC|VRE,0.2,0.30434782608695654,0.6571428571428571
2025-11-25,2025,final_test,2,23,VRE|HDB,0.5,0.391304347826087,1.2777777777777777
2025-11-25,2025,final_test,3,23,VRE|HDB|VPB,0.3333333333333333,0.391304347826087,0.8518518518518517
2025-11-25,2025,final_test,5,23,VRE|HDB|VPB|VHM|HPG,0.4,0.391304347826087,1.0222222222222221
2025-11-25,2025,final_test,8,23,VRE|HDB|VPB|VHM|HPG|SSI|POW|VNM,0.25,0.391304347826087,0.6388888888888888
2025-11-25,2025,final_test,10,23,VRE|HDB|VPB|VHM|HPG|SSI|POW|VNM|STB|VIC,0.4,0.391304347826087,1.0222222222222221
2025-11-26,2025,final_test,2,23,VHM|HDB,1.0,0.34782608695652173,2.875
2025-11-26,2025,final_test,3,23,VHM|HDB|HPG,0.6666666666666666,0.34782608695652173,1.9166666666666665
2025-11-26,2025,final_test,5,23,VHM|HDB|HPG|POW|VPB,0.4,0.34782608695652173,1.1500000000000001
2025-11-26,2025,final_test,8,23,VHM|HDB|HPG|POW|VPB|VRE|VNM|CTG,0.25,0.34782608695652173,0.71875
2025-11-26,2025,final_test,10,23,VHM|HDB|HPG|POW|VPB|VRE|VNM|CTG|STB|MSN,0.3,0.34782608695652173,0.8625
2025-11-27,2025,final_test,2,23,VPB|HDB,0.5,0.4782608695652174,1.0454545454545454
2025-11-27,2025,final_test,3,23,VPB|HDB|POW,0.3333333333333333,0.4782608695652174,0.6969696969696969
2025-11-27,2025,final_test,5,23,VPB|HDB|POW|VRE|VHM,0.4,0.4782608695652174,0.8363636363636364
2025-11-27,2025,final_test,8,23,VPB|HDB|POW|VRE|VHM|VNM|HPG|STB,0.375,0.4782608695652174,0.7840909090909091
2025-11-27,2025,final_test,10,23,VPB|HDB|POW|VRE|VHM|VNM|HPG|STB|MSN|CTG,0.4,0.4782608695652174,0.8363636363636364
2025-11-28,2025,final_test,2,23,HDB|VHM,1.0,0.5652173913043478,1.7692307692307694
2025-11-28,2025,final_test,3,23,HDB|VHM|VPB,0.6666666666666666,0.5652173913043478,1.1794871794871795
2025-11-28,2025,final_test,5,23,HDB|VHM|VPB|VRE|POW,0.4,0.5652173913043478,0.7076923076923077
2025-11-28,2025,final_test,8,23,HDB|VHM|VPB|VRE|POW|STB|CTG|GAS,0.625,0.5652173913043478,1.1057692307692308
2025-11-28,2025,final_test,10,23,HDB|VHM|VPB|VRE|POW|STB|CTG|GAS|SSI|MWG,0.7,0.5652173913043478,1.2384615384615385
2025-12-01,2025,final_test,2,23,VRE|VHM,0.5,0.5652173913043478,0.8846153846153847
2025-12-01,2025,final_test,3,23,VRE|VHM|VPB,0.3333333333333333,0.5652173913043478,0.5897435897435898
2025-12-01,2025,final_test,5,23,VRE|VHM|VPB|HDB|SSI,0.6,0.5652173913043478,1.0615384615384615
2025-12-01,2025,final_test,8,23,VRE|VHM|VPB|HDB|SSI|POW|MSN|VNM,0.5,0.5652173913043478,0.8846153846153847
2025-12-01,2025,final_test,10,23,VRE|VHM|VPB|HDB|SSI|POW|MSN|VNM|PLX|STB,0.6,0.5652173913043478,1.0615384615384615
2025-12-02,2025,final_test,2,23,VRE|HDB,0.5,0.5217391304347826,0.9583333333333334
2025-12-02,2025,final_test,3,23,VRE|HDB|VHM,0.6666666666666666,0.5217391304347826,1.2777777777777777
2025-12-02,2025,final_test,5,23,VRE|HDB|VHM|VPB|MSN,0.4,0.5217391304347826,0.7666666666666667
2025-12-02,2025,final_test,8,23,VRE|HDB|VHM|VPB|MSN|CTG|PLX|POW,0.5,0.5217391304347826,0.9583333333333334
2025-12-02,2025,final_test,10,23,VRE|HDB|VHM|VPB|MSN|CTG|PLX|POW|SSI|MBB,0.6,0.5217391304347826,1.15
2025-12-03,2025,final_test,2,23,HDB|VHM,1.0,0.391304347826087,2.5555555555555554
2025-12-03,2025,final_test,3,23,HDB|VHM|VRE,0.6666666666666666,0.391304347826087,1.7037037037037035
2025-12-03,2025,final_test,5,23,HDB|VHM|VRE|VPB|VNM,0.4,0.391304347826087,1.0222222222222221
2025-12-03,2025,final_test,8,23,HDB|VHM|VRE|VPB|VNM|SSI|CTG|MBB,0.375,0.391304347826087,0.9583333333333333
2025-12-03,2025,final_test,10,23,HDB|VHM|VRE|VPB|VNM|SSI|CTG|MBB|MWG|GAS,0.5,0.391304347826087,1.2777777777777777
