time,year,evaluation_stage,top_n,available_symbols,selected_symbols,precision_at_n,market_prevalence,lift_at_n
2021-01-04,2021,walk_forward_validation,3,29,MBB|VHM|VRE,0.6666666666666666,0.3448275862068966,1.9333333333333331
2021-01-04,2021,walk_forward_validation,5,29,MBB|VHM|VRE|STB|HPG,0.4,0.3448275862068966,1.16
2021-01-04,2021,walk_forward_validation,10,29,MBB|VHM|VRE|STB|HPG|FPT|HDB|MSN|VIC|MWG,0.4,0.3448275862068966,1.16
2021-01-05,2021,walk_forward_validation,3,29,HPG|ACB|STB,0.6666666666666666,0.4827586206896552,1.3809523809523807
2021-01-05,2021,walk_forward_validation,5,29,HPG|ACB|STB|BID|VIC,0.6,0.4827586206896552,1.2428571428571427
2021-01-05,2021,walk_forward_validation,10,29,HPG|ACB|STB|BID|VIC|BVH|HDB|VHM|MBB|VPB,0.5,0.4827586206896552,1.0357142857142856
2021-01-06,2021,walk_forward_validation,3,29,MBB|BVH|BID,0.0,0.4482758620689655,0.0
2021-01-06,2021,walk_forward_validation,5,29,MBB|BVH|BID|VIC|VRE,0.4,0.4482758620689655,0.8923076923076924
2021-01-06,2021,walk_forward_validation,10,29,MBB|BVH|BID|VIC|VRE|VHM|VPB|VCB|HDB|POW,0.4,0.4482758620689655,0.8923076923076924
2021-01-07,2021,walk_forward_validation,3,29,HPG|VHM|STB,0.6666666666666666,0.41379310344827586,1.611111111111111
2021-01-07,2021,walk_forward_validation,5,29,HPG|VHM|STB|CTG|BVH,0.4,0.41379310344827586,0.9666666666666668
2021-01-07,2021,walk_forward_validation,10,29,HPG|VHM|STB|CTG|BVH|VCB|VIC|POW|BID|VRE,0.3,0.41379310344827586,0.725
2021-01-08,2021,walk_forward_validation,3,29,VIC|HPG|CTG,0.3333333333333333,0.3448275862068966,0.9666666666666666
2021-01-08,2021,walk_forward_validation,5,29,VIC|HPG|CTG|FPT|ACB,0.4,0.3448275862068966,1.16
2021-01-08,2021,walk_forward_validation,10,29,VIC|HPG|CTG|FPT|ACB|BVH|VHM|PLX|BID|MSN,0.3,0.3448275862068966,0.8699999999999999
2021-01-11,2021,walk_forward_validation,3,29,CTG|HPG|FPT,0.6666666666666666,0.3448275862068966,1.9333333333333331
2021-01-11,2021,walk_forward_validation,5,29,CTG|HPG|FPT|VIC|MWG,0.6,0.3448275862068966,1.7399999999999998
2021-01-11,2021,walk_forward_validation,10,29,CTG|HPG|FPT|VIC|MWG|PLX|SHB|ACB|GAS|BVH,0.3,0.3448275862068966,0.8699999999999999
2021-01-12,2021,walk_forward_validation,3,29,VIC|MWG|CTG,0.3333333333333333,0.41379310344827586,0.8055555555555555
2021-01-12,2021,walk_forward_validation,5,29,VIC|MWG|CTG|FPT|GAS,0.4,0.41379310344827586,0.9666666666666668
2021-01-12,2021,walk_forward_validation,10,29,VIC|MWG|CTG|FPT|GAS|HPG|BVH|ACB|VHM|VRE,0.4,0.41379310344827586,0.9666666666666668
2021-01-13,2021,walk_forward_validation,3,29,CTG|MWG|GAS,0.3333333333333333,0.4827586206896552,0.6904761904761904
2021-01-13,2021,walk_forward_validation,5,29,CTG|MWG|GAS|FPT|BVH,0.4,0.4827586206896552,0.8285714285714286
2021-01-13,2021,walk_forward_validation,10,29,CTG|MWG|GAS|FPT|BVH|HPG|VHM|VIC|PLX|VCB,0.4,0.4827586206896552,0.8285714285714286
2021-01-14,2021,walk_forward_validation,3,29,CTG|MWG|FPT,0.6666666666666666,0.4482758620689655,1.487179487179487
2021-01-14,2021,walk_forward_validation,5,29,CTG|MWG|FPT|HPG|ACB,0.4,0.4482758620689655,0.8923076923076924
2021-01-14,2021,walk_forward_validation,10,29,CTG|MWG|FPT|HPG|ACB|VIC|BID|VPB|SHB|PLX,0.5,0.4482758620689655,1.1153846153846154
2021-01-15,2021,walk_forward_validation,3,29,CTG|BID|GAS,0.0,0.41379310344827586,0.0
2021-01-15,2021,walk_forward_validation,5,29,CTG|BID|GAS|MWG|SHB,0.2,0.41379310344827586,0.4833333333333334
2021-01-15,2021,walk_forward_validation,10,29,CTG|BID|GAS|MWG|SHB|TCB|VPB|VRE|HPG|BVH,0.3,0.41379310344827586,0.725
2021-01-18,2021,walk_forward_validation,3,29,VPB|HPG|FPT,0.6666666666666666,0.4482758620689655,1.487179487179487
2021-01-18,2021,walk_forward_validation,5,29,VPB|HPG|FPT|TCB|VJC,0.8,0.4482758620689655,1.7846153846153847
2021-01-18,2021,walk_forward_validation,10,29,VPB|HPG|FPT|TCB|VJC|STB|TPB|CTG|VHM|SHB,0.5,0.4482758620689655,1.1153846153846154
2021-01-19,2021,walk_forward_validation,3,29,CTG|FPT|VPB,0.6666666666666666,0.4482758620689655,1.487179487179487
2021-01-19,2021,walk_forward_validation,5,29,CTG|FPT|VPB|HPG|MWG,0.6,0.4482758620689655,1.3384615384615384
2021-01-19,2021,walk_forward_validation,10,29,CTG|FPT|VPB|HPG|MWG|SHB|TPB|MBB|VHM|TCB,0.6,0.4482758620689655,1.3384615384615384
2021-01-20,2021,walk_forward_validation,3,29,HPG|VPB|FPT,1.0,0.4482758620689655,2.230769230769231
2021-01-20,2021,walk_forward_validation,5,29,HPG|VPB|FPT|VHM|HDB,0.8,0.4482758620689655,1.7846153846153847
2021-01-20,2021,walk_forward_validation,10,29,HPG|VPB|FPT|VHM|HDB|MWG|VJC|CTG|MBB|MSN,0.7,0.4482758620689655,1.5615384615384613
2021-01-21,2021,walk_forward_validation,3,29,VPB|FPT|VHM,1.0,0.4827586206896552,2.071428571428571
2021-01-21,2021,walk_forward_validation,5,29,VPB|FPT|VHM|VJC|HPG,0.8,0.4827586206896552,1.6571428571428573
2021-01-21,2021,walk_forward_validation,10,29,VPB|FPT|VHM|VJC|HPG|MWG|VCB|VIC|MSN|CTG,0.7,0.4827586206896552,1.45
2021-01-22,2021,walk_forward_validation,3,29,VPB|HPG|CTG,0.6666666666666666,0.4827586206896552,1.3809523809523807
2021-01-22,2021,walk_forward_validation,5,29,VPB|HPG|CTG|FPT|MWG,0.8,0.4827586206896552,1.6571428571428573
2021-01-22,2021,walk_forward_validation,10,29,VPB|HPG|CTG|FPT|MWG|VCB|STB|VJC|MSN|BID,0.5,0.4827586206896552,1.0357142857142856
2021-01-25,2021,walk_forward_validation,3,29,HPG|FPT|VJC,1.0,0.5517241379310345,1.8125
2021-01-25,2021,walk_forward_validation,5,29,HPG|FPT|VJC|VPB|STB,0.8,0.5517241379310345,1.4500000000000002
2021-01-25,2021,walk_forward_validation,10,29,HPG|FPT|VJC|VPB|STB|TCB|VHM|MWG|SHB|GVR,0.7,0.5517241379310345,1.26875
2021-01-26,2021,walk_forward_validation,3,29,VPB|HPG|VCB,0.6666666666666666,0.5862068965517241,1.1372549019607843
2021-01-26,2021,walk_forward_validation,5,29,VPB|HPG|VCB|CTG|VJC,0.8,0.5862068965517241,1.3647058823529414
2021-01-26,2021,walk_forward_validation,10,29,VPB|HPG|VCB|CTG|VJC|STB|FPT|HDB|POW|MWG,0.7,0.5862068965517241,1.1941176470588235
2021-01-27,2021,walk_forward_validation,3,29,VPB|HPG|CTG,1.0,0.4827586206896552,2.071428571428571
2021-01-27,2021,walk_forward_validation,5,29,VPB|HPG|CTG|MBB|VCB,0.8,0.4827586206896552,1.6571428571428573
2021-01-27,2021,walk_forward_validation,10,29,VPB|HPG|CTG|MBB|VCB|VHM|VJC|FPT|BID|STB,0.6,0.4827586206896552,1.2428571428571427
2021-01-28,2021,walk_forward_validation,3,29,SHB|VPB|CTG,0.6666666666666666,0.5517241379310345,1.2083333333333333
2021-01-28,2021,walk_forward_validation,5,29,SHB|VPB|CTG|ACB|HPG,0.8,0.5517241379310345,1.4500000000000002
2021-01-28,2021,walk_forward_validation,10,29,SHB|VPB|CTG|ACB|HPG|VCB|STB|FPT|GAS|PLX,0.8,0.5517241379310345,1.4500000000000002
2021-01-29,2021,walk_forward_validation,3,29,CTG|SHB|SAB,0.3333333333333333,0.5517241379310345,0.6041666666666666
2021-01-29,2021,walk_forward_validation,5,29,CTG|SHB|SAB|HPG|BID,0.4,0.5517241379310345,0.7250000000000001
2021-01-29,2021,walk_forward_validation,10,29,CTG|SHB|SAB|HPG|BID|VPB|MSN|GAS|VCB|VNM,0.4,0.5517241379310345,0.7250000000000001
2021-02-01,2021,walk_forward_validation,3,29,SHB|BVH|VHM,0.3333333333333333,0.6206896551724138,0.537037037037037
2021-02-01,2021,walk_forward_validation,5,29,SHB|BVH|VHM|BID|VNM,0.2,0.6206896551724138,0.32222222222222224
2021-02-01,2021,walk_forward_validation,10,29,SHB|BVH|VHM|BID|VNM|VCB|ACB|MWG|MBB|HPG,0.4,0.6206896551724138,0.6444444444444445
2021-02-02,2021,walk_forward_validation,3,29,SHB|BID|GAS,0.3333333333333333,0.5517241379310345,0.6041666666666666
2021-02-02,2021,walk_forward_validation,5,29,SHB|BID|GAS|VCB|BVH,0.2,0.5517241379310345,0.36250000000000004
2021-02-02,2021,walk_forward_validation,10,29,SHB|BID|GAS|VCB|BVH|VIC|VHM|VNM|FPT|HPG,0.3,0.5517241379310345,0.54375
2021-02-03,2021,walk_forward_validation,3,29,VCB|HPG|VIC,0.3333333333333333,0.5172413793103449,0.6444444444444444
2021-02-03,2021,walk_forward_validation,5,29,VCB|HPG|VIC|VJC|MBB,0.4,0.5172413793103449,0.7733333333333333
2021-02-03,2021,walk_forward_validation,10,29,VCB|HPG|VIC|VJC|MBB|VHM|MWG|TCB|GAS|BID,0.4,0.5172413793103449,0.7733333333333333
2021-02-04,2021,walk_forward_validation,3,29,SHB|HPG|VIC,0.6666666666666666,0.5517241379310345,1.2083333333333333
2021-02-04,2021,walk_forward_validation,5,29,SHB|HPG|VIC|VCB|VNM,0.4,0.5517241379310345,0.7250000000000001
2021-02-04,2021,walk_forward_validation,10,29,SHB|HPG|VIC|VCB|VNM|VJC|TCB|BVH|MBB|VIB,0.5,0.5517241379310345,0.90625
2021-02-05,2021,walk_forward_validation,3,29,HPG|VCB|ACB,0.6666666666666666,0.6206896551724138,1.074074074074074
2021-02-05,2021,walk_forward_validation,5,29,HPG|VCB|ACB|VJC|VNM,0.4,0.6206896551724138,0.6444444444444445
2021-02-05,2021,walk_forward_validation,10,29,HPG|VCB|ACB|VJC|VNM|VIC|VHM|MSN|SHB|MWG,0.3,0.6206896551724138,0.4833333333333333
2021-02-08,2021,walk_forward_validation,3,29,VHM|VIC|VJC,0.0,0.5172413793103449,0.0
2021-02-08,2021,walk_forward_validation,5,29,VHM|VIC|VJC|HPG|VNM,0.2,0.5172413793103449,0.38666666666666666
2021-02-08,2021,walk_forward_validation,10,29,VHM|VIC|VJC|HPG|VNM|VCB|PLX|SHB|GAS|CTG,0.5,0.5172413793103449,0.9666666666666666
2021-02-09,2021,walk_forward_validation,3,29,HPG|VHM|ACB,0.6666666666666666,0.5517241379310345,1.2083333333333333
2021-02-09,2021,walk_forward_validation,5,29,HPG|VHM|ACB|MBB|VJC,0.6,0.5517241379310345,1.0875
2021-02-09,2021,walk_forward_validation,10,29,HPG|VHM|ACB|MBB|VJC|PLX|TPB|VCB|VIC|BID,0.5,0.5517241379310345,0.90625
2021-02-17,2021,walk_forward_validation,3,29,VHM|VJC|TPB,0.3333333333333333,0.6206896551724138,0.537037037037037
2021-02-17,2021,walk_forward_validation,5,29,VHM|VJC|TPB|MBB|BVH,0.4,0.6206896551724138,0.6444444444444445
2021-02-17,2021,walk_forward_validation,10,29,VHM|VJC|TPB|MBB|BVH|HPG|GVR|PLX|SHB|ACB,0.7,0.6206896551724138,1.1277777777777778
2021-02-18,2021,walk_forward_validation,3,29,SHB|VJC|VHM,0.6666666666666666,0.5862068965517241,1.1372549019607843
2021-02-18,2021,walk_forward_validation,5,29,SHB|VJC|VHM|PLX|VCB,0.6,0.5862068965517241,1.023529411764706
2021-02-18,2021,walk_forward_validation,10,29,SHB|VJC|VHM|PLX|VCB|MBB|BID|HPG|VIC|HDB,0.7,0.5862068965517241,1.1941176470588235
2021-02-19,2021,walk_forward_validation,3,29,VCB|SHB|PLX,0.3333333333333333,0.5517241379310345,0.6041666666666666
2021-02-19,2021,walk_forward_validation,5,29,VCB|SHB|PLX|TCB|VIC,0.4,0.5517241379310345,0.7250000000000001
2021-02-19,2021,walk_forward_validation,10,29,VCB|SHB|PLX|TCB|VIC|VJC|VHM|MBB|HDB|HPG,0.5,0.5517241379310345,0.90625
2021-02-22,2021,walk_forward_validation,3,29,PLX|VJC|VCB,0.0,0.6206896551724138,0.0
2021-02-22,2021,walk_forward_validation,5,29,PLX|VJC|VCB|SHB|SSI,0.4,0.6206896551724138,0.6444444444444445
2021-02-22,2021,walk_forward_validation,10,29,PLX|VJC|VCB|SHB|SSI|TCB|POW|VIB|MBB|STB,0.7,0.6206896551724138,1.1277777777777778
2021-02-23,2021,walk_forward_validation,3,29,VJC|PLX|BVH,0.6666666666666666,0.5172413793103449,1.2888888888888888
2021-02-23,2021,walk_forward_validation,5,29,VJC|PLX|BVH|TPB|HPG,0.8,0.5172413793103449,1.5466666666666666
2021-02-23,2021,walk_forward_validation,10,29,VJC|PLX|BVH|TPB|HPG|VIB|HDB|VCB|GAS|VIC,0.7,0.5172413793103449,1.353333333333333
2021-02-24,2021,walk_forward_validation,3,29,VHM|HDB|SSI,0.3333333333333333,0.4482758620689655,0.7435897435897435
2021-02-24,2021,walk_forward_validation,5,29,VHM|HDB|SSI|PLX|POW,0.4,0.4482758620689655,0.8923076923076924
2021-02-24,2021,walk_forward_validation,10,29,VHM|HDB|SSI|PLX|POW|STB|SHB|HPG|CTG|VJC,0.6,0.4482758620689655,1.3384615384615384
2021-02-25,2021,walk_forward_validation,3,29,TCB|HDB|HPG,1.0,0.41379310344827586,2.4166666666666665
2021-02-25,2021,walk_forward_validation,5,29,TCB|HDB|HPG|VPB|PLX,0.8,0.41379310344827586,1.9333333333333336
2021-02-25,2021,walk_forward_validation,10,29,TCB|HDB|HPG|VPB|PLX|SSI|VHM|STB|VJC|BID,0.5,0.41379310344827586,1.2083333333333333
2021-02-26,2021,walk_forward_validation,3,29,TCB|HPG|VJC,0.6666666666666666,0.41379310344827586,1.611111111111111
2021-02-26,2021,walk_forward_validation,5,29,TCB|HPG|VJC|PLX|MBB,0.4,0.41379310344827586,0.9666666666666668
2021-02-26,2021,walk_forward_validation,10,29,TCB|HPG|VJC|PLX|MBB|SSI|VHM|VPB|STB|SHB,0.5,0.41379310344827586,1.2083333333333333
2021-03-01,2021,walk_forward_validation,3,29,HPG|PLX|TPB,0.3333333333333333,0.4482758620689655,0.7435897435897435
2021-03-01,2021,walk_forward_validation,5,29,HPG|PLX|TPB|CTG|VHM,0.4,0.4482758620689655,0.8923076923076924
2021-03-01,2021,walk_forward_validation,10,29,HPG|PLX|TPB|CTG|VHM|VJC|VIC|BID|SSI|TCB,0.3,0.4482758620689655,0.6692307692307692
2021-03-02,2021,walk_forward_validation,3,29,PLX|HPG|VJC,0.0,0.3103448275862069,0.0
2021-03-02,2021,walk_forward_validation,5,29,PLX|HPG|VJC|TCB|MBB,0.2,0.3103448275862069,0.6444444444444445
2021-03-02,2021,walk_forward_validation,10,29,PLX|HPG|VJC|TCB|MBB|BID|STB|VCB|CTG|BVH,0.3,0.3103448275862069,0.9666666666666666
2021-03-03,2021,walk_forward_validation,3,29,VHM|BID|VIC,0.3333333333333333,0.3103448275862069,1.074074074074074
2021-03-03,2021,walk_forward_validation,5,29,VHM|BID|VIC|VJC|STB,0.4,0.3103448275862069,1.288888888888889
2021-03-03,2021,walk_forward_validation,10,29,VHM|BID|VIC|VJC|STB|PLX|TCB|TPB|HPG|MBB,0.3,0.3103448275862069,0.9666666666666666
2021-03-04,2021,walk_forward_validation,3,29,PLX|STB|BID,0.3333333333333333,0.4482758620689655,0.7435897435897435
2021-03-04,2021,walk_forward_validation,5,29,PLX|STB|BID|SHB|VIC,0.6,0.4482758620689655,1.3384615384615384
2021-03-04,2021,walk_forward_validation,10,29,PLX|STB|BID|SHB|VIC|TCB|TPB|MBB|VJC|HPG,0.6,0.4482758620689655,1.3384615384615384
2021-03-05,2021,walk_forward_validation,3,29,PLX|STB|HPG,0.6666666666666666,0.4482758620689655,1.487179487179487
2021-03-05,2021,walk_forward_validation,5,29,PLX|STB|HPG|VJC|BID,0.6,0.4482758620689655,1.3384615384615384
2021-03-05,2021,walk_forward_validation,10,29,PLX|STB|HPG|VJC|BID|GAS|BVH|TCB|VNM|VHM,0.4,0.4482758620689655,0.8923076923076924
2021-03-08,2021,walk_forward_validation,3,29,PLX|HPG|BVH,0.3333333333333333,0.4827586206896552,0.6904761904761904
2021-03-08,2021,walk_forward_validation,5,29,PLX|HPG|BVH|VNM|VHM,0.2,0.4827586206896552,0.4142857142857143
2021-03-08,2021,walk_forward_validation,10,29,PLX|HPG|BVH|VNM|VHM|BID|ACB|TCB|VJC|SSI,0.4,0.4827586206896552,0.8285714285714286
2021-03-09,2021,walk_forward_validation,3,29,PLX|SSI|SHB,0.3333333333333333,0.41379310344827586,0.8055555555555555
2021-03-09,2021,walk_forward_validation,5,29,PLX|SSI|SHB|VIC|STB,0.6,0.41379310344827586,1.45
2021-03-09,2021,walk_forward_validation,10,29,PLX|SSI|SHB|VIC|STB|TCB|CTG|HPG|VNM|MBB,0.7,0.41379310344827586,1.6916666666666667
2021-03-10,2021,walk_forward_validation,3,29,SSI|MBB|SHB,1.0,0.5172413793103449,1.9333333333333331
2021-03-10,2021,walk_forward_validation,5,29,SSI|MBB|SHB|TCB|STB,1.0,0.5172413793103449,1.9333333333333331
2021-03-10,2021,walk_forward_validation,10,29,SSI|MBB|SHB|TCB|STB|VPB|HPG|FPT|TPB|PLX,0.7,0.5172413793103449,1.353333333333333
2021-03-11,2021,walk_forward_validation,3,29,VPB|TCB|MBB,0.6666666666666666,0.3448275862068966,1.9333333333333331
2021-03-11,2021,walk_forward_validation,5,29,VPB|TCB|MBB|STB|HPG,0.8,0.3448275862068966,2.32
2021-03-11,2021,walk_forward_validation,10,29,VPB|TCB|MBB|STB|HPG|TPB|SSI|HDB|CTG|FPT,0.6,0.3448275862068966,1.7399999999999998
2021-03-12,2021,walk_forward_validation,3,29,HDB|TCB|MBB,0.6666666666666666,0.4482758620689655,1.487179487179487
2021-03-12,2021,walk_forward_validation,5,29,HDB|TCB|MBB|TPB|VPB,0.6,0.4482758620689655,1.3384615384615384
2021-03-12,2021,walk_forward_validation,10,29,HDB|TCB|MBB|TPB|VPB|HPG|SSI|STB|BVH|CTG,0.7,0.4482758620689655,1.5615384615384613
2021-03-15,2021,walk_forward_validation,3,29,STB|TCB|HPG,0.6666666666666666,0.3448275862068966,1.9333333333333331
2021-03-15,2021,walk_forward_validation,5,29,STB|TCB|HPG|TPB|CTG,0.6,0.3448275862068966,1.7399999999999998
2021-03-15,2021,walk_forward_validation,10,29,STB|TCB|HPG|TPB|CTG|HDB|VPB|SSI|MBB|POW,0.6,0.3448275862068966,1.7399999999999998
2021-03-16,2021,walk_forward_validation,3,29,VPB|HDB|TCB,0.3333333333333333,0.3448275862068966,0.9666666666666666
2021-03-16,2021,walk_forward_validation,5,29,VPB|HDB|TCB|STB|HPG,0.6,0.3448275862068966,1.7399999999999998
2021-03-16,2021,walk_forward_validation,10,29,VPB|HDB|TCB|STB|HPG|MBB|SSI|GAS|FPT|CTG,0.6,0.3448275862068966,1.7399999999999998
2021-03-17,2021,walk_forward_validation,3,29,VPB|HDB|TCB,0.3333333333333333,0.3448275862068966,0.9666666666666666
2021-03-17,2021,walk_forward_validation,5,29,VPB|HDB|TCB|CTG|FPT,0.4,0.3448275862068966,1.16
2021-03-17,2021,walk_forward_validation,10,29,VPB|HDB|TCB|CTG|FPT|STB|MBB|HPG|PLX|SSI,0.6,0.3448275862068966,1.7399999999999998
2021-03-18,2021,walk_forward_validation,3,29,VPB|TCB|HDB,0.3333333333333333,0.3448275862068966,0.9666666666666666
2021-03-18,2021,walk_forward_validation,5,29,VPB|TCB|HDB|MBB|FPT,0.4,0.3448275862068966,1.16
2021-03-18,2021,walk_forward_validation,10,29,VPB|TCB|HDB|MBB|FPT|CTG|STB|HPG|TPB|BVH,0.5,0.3448275862068966,1.45
2021-03-19,2021,walk_forward_validation,3,29,VPB|TCB|MBB,0.3333333333333333,0.27586206896551724,1.2083333333333333
2021-03-19,2021,walk_forward_validation,5,29,VPB|TCB|MBB|STB|CTG,0.6,0.27586206896551724,2.175
2021-03-19,2021,walk_forward_validation,10,29,VPB|TCB|MBB|STB|CTG|HDB|TPB|FPT|SSI|HPG,0.4,0.27586206896551724,1.4500000000000002
2021-03-22,2021,walk_forward_validation,3,29,MBB|VPB|TCB,0.6666666666666666,0.27586206896551724,2.4166666666666665
2021-03-22,2021,walk_forward_validation,5,29,MBB|VPB|TCB|STB|CTG,0.6,0.27586206896551724,2.175
2021-03-22,2021,walk_forward_validation,10,29,MBB|VPB|TCB|STB|CTG|HPG|HDB|ACB|FPT|BID,0.4,0.27586206896551724,1.4500000000000002
2021-03-23,2021,walk_forward_validation,3,29,FPT|TCB|MBB,0.3333333333333333,0.3793103448275862,0.8787878787878788
2021-03-23,2021,walk_forward_validation,5,29,FPT|TCB|MBB|CTG|VPB,0.4,0.3793103448275862,1.0545454545454547
2021-03-23,2021,walk_forward_validation,10,29,FPT|TCB|MBB|CTG|VPB|ACB|BVH|HPG|HDB|STB,0.4,0.3793103448275862,1.0545454545454547
2021-03-24,2021,walk_forward_validation,3,29,CTG|HPG|MBB,0.6666666666666666,0.3793103448275862,1.7575757575757576
2021-03-24,2021,walk_forward_validation,5,29,CTG|HPG|MBB|TCB|STB,0.6,0.3793103448275862,1.5818181818181818
2021-03-24,2021,walk_forward_validation,10,29,CTG|HPG|MBB|TCB|STB|FPT|BVH|POW|GAS|ACB,0.3,0.3793103448275862,0.7909090909090909
2021-03-25,2021,walk_forward_validation,3,29,STB|VIC|HPG,1.0,0.41379310344827586,2.4166666666666665
2021-03-25,2021,walk_forward_validation,5,29,STB|VIC|HPG|CTG|TCB,0.6,0.41379310344827586,1.45
2021-03-25,2021,walk_forward_validation,10,29,STB|VIC|HPG|CTG|TCB|MBB|FPT|VPB|GAS|BVH,0.6,0.41379310344827586,1.45
2021-03-26,2021,walk_forward_validation,3,29,STB|VIC|HPG,1.0,0.3448275862068966,2.9
2021-03-26,2021,walk_forward_validation,5,29,STB|VIC|HPG|CTG|TCB,0.6,0.3448275862068966,1.7399999999999998
2021-03-26,2021,walk_forward_validation,10,29,STB|VIC|HPG|CTG|TCB|VPB|FPT|MBB|HDB|VRE,0.6,0.3448275862068966,1.7399999999999998
2021-03-29,2021,walk_forward_validation,3,29,STB|VIC|CTG,0.6666666666666666,0.41379310344827586,1.611111111111111
2021-03-29,2021,walk_forward_validation,5,29,STB|VIC|CTG|HPG|HDB,0.6,0.41379310344827586,1.45
2021-03-29,2021,walk_forward_validation,10,29,STB|VIC|CTG|HPG|HDB|MBB|VPB|FPT|TCB|VIB,0.7,0.41379310344827586,1.6916666666666667
2021-03-30,2021,walk_forward_validation,3,29,MBB|HPG|TCB,0.6666666666666666,0.41379310344827586,1.611111111111111
2021-03-30,2021,walk_forward_validation,5,29,MBB|HPG|TCB|ACB|VPB,0.6,0.41379310344827586,1.45
2021-03-30,2021,walk_forward_validation,10,29,MBB|HPG|TCB|ACB|VPB|VIC|CTG|HDB|VIB|BVH,0.5,0.41379310344827586,1.2083333333333333
2021-03-31,2021,walk_forward_validation,3,29,CTG|TCB|MBB,0.3333333333333333,0.41379310344827586,0.8055555555555555
2021-03-31,2021,walk_forward_validation,5,29,CTG|TCB|MBB|HPG|VPB,0.6,0.41379310344827586,1.45
2021-03-31,2021,walk_forward_validation,10,29,CTG|TCB|MBB|HPG|VPB|VIC|MSN|ACB|FPT|HDB,0.7,0.41379310344827586,1.6916666666666667
2021-04-01,2021,walk_forward_validation,3,29,HPG|VPB|MBB,1.0,0.41379310344827586,2.4166666666666665
2021-04-01,2021,walk_forward_validation,5,29,HPG|VPB|MBB|CTG|TCB,1.0,0.41379310344827586,2.4166666666666665
2021-04-01,2021,walk_forward_validation,10,29,HPG|VPB|MBB|CTG|TCB|FPT|MSN|BVH|ACB|BID,0.7,0.41379310344827586,1.6916666666666667
2021-04-02,2021,walk_forward_validation,3,29,HPG|MBB|VPB,1.0,0.4482758620689655,2.230769230769231
2021-04-02,2021,walk_forward_validation,5,29,HPG|MBB|VPB|ACB|CTG,0.8,0.4482758620689655,1.7846153846153847
2021-04-02,2021,walk_forward_validation,10,29,HPG|MBB|VPB|ACB|CTG|HDB|TCB|BID|SSI|VIC,0.7,0.4482758620689655,1.5615384615384613
2021-04-05,2021,walk_forward_validation,3,29,MBB|VPB|TCB,1.0,0.4482758620689655,2.230769230769231
2021-04-05,2021,walk_forward_validation,5,29,MBB|VPB|TCB|CTG|HPG,1.0,0.4482758620689655,2.230769230769231
2021-04-05,2021,walk_forward_validation,10,29,MBB|VPB|TCB|CTG|HPG|BID|HDB|ACB|VCB|VHM,0.6,0.4482758620689655,1.3384615384615384
2021-04-06,2021,walk_forward_validation,3,29,VPB|TCB|HPG,1.0,0.5172413793103449,1.9333333333333331
2021-04-06,2021,walk_forward_validation,5,29,VPB|TCB|HPG|ACB|BID,0.8,0.5172413793103449,1.5466666666666666
2021-04-06,2021,walk_forward_validation,10,29,VPB|TCB|HPG|ACB|BID|HDB|VCB|MBB|SSI|CTG,0.7,0.5172413793103449,1.353333333333333
2021-04-07,2021,walk_forward_validation,3,29,HPG|VPB|MBB,1.0,0.5172413793103449,1.9333333333333331
2021-04-07,2021,walk_forward_validation,5,29,HPG|VPB|MBB|TCB|MSN,1.0,0.5172413793103449,1.9333333333333331
2021-04-07,2021,walk_forward_validation,10,29,HPG|VPB|MBB|TCB|MSN|CTG|SSI|BID|HDB|BVH,0.7,0.5172413793103449,1.353333333333333
2021-04-08,2021,walk_forward_validation,3,29,VPB|HPG|MBB,1.0,0.5172413793103449,1.9333333333333331
2021-04-08,2021,walk_forward_validation,5,29,VPB|HPG|MBB|HDB|TCB,1.0,0.5172413793103449,1.9333333333333331
2021-04-08,2021,walk_forward_validation,10,29,VPB|HPG|MBB|HDB|TCB|MSN|CTG|SSI|VCB|FPT,0.8,0.5172413793103449,1.5466666666666666
2021-04-09,2021,walk_forward_validation,3,29,VPB|HPG|FPT,1.0,0.4827586206896552,2.071428571428571
2021-04-09,2021,walk_forward_validation,5,29,VPB|HPG|FPT|SSI|HDB,0.8,0.4827586206896552,1.6571428571428573
2021-04-09,2021,walk_forward_validation,10,29,VPB|HPG|FPT|SSI|HDB|MBB|CTG|TCB|MSN|ACB,0.9,0.4827586206896552,1.8642857142857143
2021-04-12,2021,walk_forward_validation,3,29,HPG|VPB|HDB,1.0,0.4827586206896552,2.071428571428571
2021-04-12,2021,walk_forward_validation,5,29,HPG|VPB|HDB|TCB|ACB,1.0,0.4827586206896552,2.071428571428571
2021-04-12,2021,walk_forward_validation,10,29,HPG|VPB|HDB|TCB|ACB|FPT|MBB|SSI|CTG|BID,0.8,0.4827586206896552,1.6571428571428573
2021-04-13,2021,walk_forward_validation,3,29,VPB|HPG|SSI,0.6666666666666666,0.4827586206896552,1.3809523809523807
2021-04-13,2021,walk_forward_validation,5,29,VPB|HPG|SSI|TCB|TPB,0.8,0.4827586206896552,1.6571428571428573
2021-04-13,2021,walk_forward_validation,10,29,VPB|HPG|SSI|TCB|TPB|MBB|HDB|VHM|ACB|MSN,0.8,0.4827586206896552,1.6571428571428573
2021-04-14,2021,walk_forward_validation,3,29,VPB|TCB|TPB,1.0,0.5172413793103449,1.9333333333333331
2021-04-14,2021,walk_forward_validation,5,29,VPB|TCB|TPB|MBB|CTG,1.0,0.5172413793103449,1.9333333333333331
2021-04-14,2021,walk_forward_validation,10,29,VPB|TCB|TPB|MBB|CTG|SSI|FPT|VHM|HPG|ACB,0.9,0.5172413793103449,1.74
2021-04-15,2021,walk_forward_validation,3,29,VPB|MBB|VHM,0.6666666666666666,0.5517241379310345,1.2083333333333333
2021-04-15,2021,walk_forward_validation,5,29,VPB|MBB|VHM|SSI|MWG,0.8,0.5517241379310345,1.4500000000000002
2021-04-15,2021,walk_forward_validation,10,29,VPB|MBB|VHM|SSI|MWG|HDB|CTG|VCB|TCB|TPB,0.8,0.5517241379310345,1.4500000000000002
2021-04-16,2021,walk_forward_validation,3,29,VPB|GVR|CTG,0.6666666666666666,0.5517241379310345,1.2083333333333333
2021-04-16,2021,walk_forward_validation,5,29,VPB|GVR|CTG|VHM|MBB,0.6,0.5517241379310345,1.0875
2021-04-16,2021,walk_forward_validation,10,29,VPB|GVR|CTG|VHM|MBB|SSI|FPT|MWG|TCB|HPG,0.8,0.5517241379310345,1.4500000000000002
2021-04-19,2021,walk_forward_validation,3,29,VPB|MWG|VHM,0.6666666666666666,0.5517241379310345,1.2083333333333333
2021-04-19,2021,walk_forward_validation,5,29,VPB|MWG|VHM|FPT|CTG,0.8,0.5517241379310345,1.4500000000000002
2021-04-19,2021,walk_forward_validation,10,29,VPB|MWG|VHM|FPT|CTG|MBB|SSI|GVR|TCB|VCB,0.7,0.5517241379310345,1.26875
2021-04-20,2021,walk_forward_validation,3,29,VPB|GVR|FPT,0.6666666666666666,0.5862068965517241,1.1372549019607843
2021-04-20,2021,walk_forward_validation,5,29,VPB|GVR|FPT|CTG|SSI,0.8,0.5862068965517241,1.3647058823529414
2021-04-20,2021,walk_forward_validation,10,29,VPB|GVR|FPT|CTG|SSI|VHM|MWG|VRE|MBB|TCB,0.7,0.5862068965517241,1.1941176470588235
2021-04-22,2021,walk_forward_validation,3,29,GVR|VPB|SSI,1.0,0.5862068965517241,1.7058823529411766
2021-04-22,2021,walk_forward_validation,5,29,GVR|VPB|SSI|VHM|FPT,0.8,0.5862068965517241,1.3647058823529414
2021-04-22,2021,walk_forward_validation,10,29,GVR|VPB|SSI|VHM|FPT|MWG|HDB|CTG|MBB|VCB,0.7,0.5862068965517241,1.1941176470588235
2021-04-23,2021,walk_forward_validation,3,29,GVR|VPB|VHM,0.6666666666666666,0.5862068965517241,1.1372549019607843
2021-04-23,2021,walk_forward_validation,5,29,GVR|VPB|VHM|VCB|FPT,0.6,0.5862068965517241,1.023529411764706
2021-04-23,2021,walk_forward_validation,10,29,GVR|VPB|VHM|VCB|FPT|MWG|HDB|MBB|TCB|SSI,0.7,0.5862068965517241,1.1941176470588235
2021-04-26,2021,walk_forward_validation,3,29,GVR|VHM|VCB,0.3333333333333333,0.5862068965517241,0.5686274509803921
2021-04-26,2021,walk_forward_validation,5,29,GVR|VHM|VCB|SSI|FPT,0.6,0.5862068965517241,1.023529411764706
2021-04-26,2021,walk_forward_validation,10,29,GVR|VHM|VCB|SSI|FPT|VRE|MWG|TCB|HDB|GAS,0.5,0.5862068965517241,0.8529411764705883
2021-04-27,2021,walk_forward_validation,3,29,GVR|VRE|FPT,0.6666666666666666,0.5862068965517241,1.1372549019607843
2021-04-27,2021,walk_forward_validation,5,29,GVR|VRE|FPT|VHM|MBB,0.6,0.5862068965517241,1.023529411764706
2021-04-27,2021,walk_forward_validation,10,29,GVR|VRE|FPT|VHM|MBB|TCB|SSI|HDB|VPB|MWG,0.7,0.5862068965517241,1.1941176470588235
2021-04-28,2021,walk_forward_validation,3,29,VHM|FPT|MBB,0.6666666666666666,0.5862068965517241,1.1372549019607843
2021-04-28,2021,walk_forward_validation,5,29,VHM|FPT|MBB|VRE|MWG,0.4,0.5862068965517241,0.6823529411764707
2021-04-28,2021,walk_forward_validation,10,29,VHM|FPT|MBB|VRE|MWG|SSI|HDB|GVR|ACB|VCB,0.6,0.5862068965517241,1.023529411764706
2021-04-29,2021,walk_forward_validation,3,29,SHB|MBB|FPT,1.0,0.5862068965517241,1.7058823529411766
2021-04-29,2021,walk_forward_validation,5,29,SHB|MBB|FPT|VHM|TPB,0.8,0.5862068965517241,1.3647058823529414
2021-04-29,2021,walk_forward_validation,10,29,SHB|MBB|FPT|VHM|TPB|MWG|ACB|HDB|VIB|TCB,0.8,0.5862068965517241,1.3647058823529414
2021-05-04,2021,walk_forward_validation,3,29,VRE|MBB|SSI,0.6666666666666666,0.5862068965517241,1.1372549019607843
2021-05-04,2021,walk_forward_validation,5,29,VRE|MBB|SSI|FPT|BVH,0.6,0.5862068965517241,1.023529411764706
2021-05-04,2021,walk_forward_validation,10,29,VRE|MBB|SSI|FPT|BVH|GVR|VHM|TCB|ACB|MWG,0.6,0.5862068965517241,1.023529411764706
2021-05-05,2021,walk_forward_validation,3,29,MBB|VRE|SSI,0.6666666666666666,0.5862068965517241,1.1372549019607843
2021-05-05,2021,walk_forward_validation,5,29,MBB|VRE|SSI|GVR|VIB,0.8,0.5862068965517241,1.3647058823529414
2021-05-05,2021,walk_forward_validation,10,29,MBB|VRE|SSI|GVR|VIB|STB|FPT|CTG|MWG|ACB,0.8,0.5862068965517241,1.3647058823529414
2021-05-06,2021,walk_forward_validation,3,29,SSI|MBB|HDB,1.0,0.5517241379310345,1.8125
2021-05-06,2021,walk_forward_validation,5,29,SSI|MBB|HDB|STB|CTG,1.0,0.5517241379310345,1.8125
2021-05-06,2021,walk_forward_validation,10,29,SSI|MBB|HDB|STB|CTG|ACB|VRE|GVR|FPT|BVH,0.8,0.5517241379310345,1.4500000000000002
2021-05-07,2021,walk_forward_validation,3,29,GVR|POW|SSI,0.6666666666666666,0.5862068965517241,1.1372549019607843
2021-05-07,2021,walk_forward_validation,5,29,GVR|POW|SSI|STB|BID,0.8,0.5862068965517241,1.3647058823529414
2021-05-07,2021,walk_forward_validation,10,29,GVR|POW|SSI|STB|BID|BVH|MBB|VRE|FPT|VIB,0.7,0.5862068965517241,1.1941176470588235
2021-05-10,2021,walk_forward_validation,3,29,GVR|VRE|BVH,0.3333333333333333,0.5172413793103449,0.6444444444444444
2021-05-10,2021,walk_forward_validation,5,29,GVR|VRE|BVH|POW|SSI,0.4,0.5172413793103449,0.7733333333333333
2021-05-10,2021,walk_forward_validation,10,29,GVR|VRE|BVH|POW|SSI|MBB|BID|STB|VIB|FPT,0.7,0.5172413793103449,1.353333333333333
2021-05-11,2021,walk_forward_validation,3,29,SSI|MBB|VRE,0.6666666666666666,0.5517241379310345,1.2083333333333333
2021-05-11,2021,walk_forward_validation,5,29,SSI|MBB|VRE|BVH|GVR,0.6,0.5517241379310345,1.0875
2021-05-11,2021,walk_forward_validation,10,29,SSI|MBB|VRE|BVH|GVR|BID|STB|POW|FPT|ACB,0.7,0.5517241379310345,1.26875
2021-05-12,2021,walk_forward_validation,3,29,MBB|CTG|VRE,0.6666666666666666,0.5172413793103449,1.2888888888888888
2021-05-12,2021,walk_forward_validation,5,29,MBB|CTG|VRE|BID|SSI,0.8,0.5172413793103449,1.5466666666666666
2021-05-12,2021,walk_forward_validation,10,29,MBB|CTG|VRE|BID|SSI|BVH|FPT|HDB|ACB|POW,0.7,0.5172413793103449,1.353333333333333
2021-05-13,2021,walk_forward_validation,3,29,SSI|POW|MBB,0.6666666666666666,0.5172413793103449,1.2888888888888888
2021-05-13,2021,walk_forward_validation,5,29,SSI|POW|MBB|VRE|BVH,0.4,0.5172413793103449,0.7733333333333333
2021-05-13,2021,walk_forward_validation,10,29,SSI|POW|MBB|VRE|BVH|GVR|ACB|FPT|BID|VIB,0.6,0.5172413793103449,1.16
2021-05-14,2021,walk_forward_validation,3,29,VRE|SSI|POW,0.3333333333333333,0.4827586206896552,0.6904761904761904
2021-05-14,2021,walk_forward_validation,5,29,VRE|SSI|POW|MBB|BID,0.4,0.4827586206896552,0.8285714285714286
2021-05-14,2021,walk_forward_validation,10,29,VRE|SSI|POW|MBB|BID|BVH|GAS|GVR|VNM|PLX,0.3,0.4827586206896552,0.6214285714285713
2021-05-17,2021,walk_forward_validation,3,29,SSI|GVR|POW,0.6666666666666666,0.5172413793103449,1.2888888888888888
2021-05-17,2021,walk_forward_validation,5,29,SSI|GVR|POW|BVH|BID,0.6,0.5172413793103449,1.16
2021-05-17,2021,walk_forward_validation,10,29,SSI|GVR|POW|BVH|BID|VRE|MBB|VNM|GAS|ACB,0.6,0.5172413793103449,1.16
2021-05-18,2021,walk_forward_validation,3,29,VRE|BID|SSI,1.0,0.5517241379310345,1.8125
2021-05-18,2021,walk_forward_validation,5,29,VRE|BID|SSI|POW|GVR,0.8,0.5517241379310345,1.4500000000000002
2021-05-18,2021,walk_forward_validation,10,29,VRE|BID|SSI|POW|GVR|BVH|MBB|VHM|GAS|VIB,0.8,0.5517241379310345,1.4500000000000002
2021-05-19,2021,walk_forward_validation,3,29,VRE|POW|BVH,0.6666666666666666,0.4482758620689655,1.487179487179487
2021-05-19,2021,walk_forward_validation,5,29,VRE|POW|BVH|SSI|BID,0.8,0.4482758620689655,1.7846153846153847
2021-05-19,2021,walk_forward_validation,10,29,VRE|POW|BVH|SSI|BID|GVR|VIC|VNM|VHM|MBB,0.7,0.4482758620689655,1.5615384615384613
2021-05-20,2021,walk_forward_validation,3,29,POW|GVR|VRE,1.0,0.4482758620689655,2.230769230769231
2021-05-20,2021,walk_forward_validation,5,29,POW|GVR|VRE|BVH|BID,1.0,0.4482758620689655,2.230769230769231
2021-05-20,2021,walk_forward_validation,10,29,POW|GVR|VRE|BVH|BID|VHM|VNM|VIC|GAS|ACB,0.8,0.4482758620689655,1.7846153846153847
2021-05-21,2021,walk_forward_validation,3,29,POW|BVH|VRE,0.3333333333333333,0.41379310344827586,0.8055555555555555
2021-05-21,2021,walk_forward_validation,5,29,POW|BVH|VRE|VHM|VCB,0.6,0.41379310344827586,1.45
2021-05-21,2021,walk_forward_validation,10,29,POW|BVH|VRE|VHM|VCB|VNM|GVR|SSI|MBB|VIC,0.6,0.41379310344827586,1.45
2021-05-24,2021,walk_forward_validation,3,29,VRE|POW|VCB,0.6666666666666666,0.4482758620689655,1.487179487179487
2021-05-24,2021,walk_forward_validation,5,29,VRE|POW|VCB|VIC|BVH,0.6,0.4482758620689655,1.3384615384615384
2021-05-24,2021,walk_forward_validation,10,29,VRE|POW|VCB|VIC|BVH|VHM|MBB|VNM|VJC|SSI,0.5,0.4482758620689655,1.1153846153846154
2021-05-25,2021,walk_forward_validation,3,29,VRE|POW|BVH,0.6666666666666666,0.4482758620689655,1.487179487179487
2021-05-25,2021,walk_forward_validation,5,29,VRE|POW|BVH|VCB|VHM,0.8,0.4482758620689655,1.7846153846153847
2021-05-25,2021,walk_forward_validation,10,29,VRE|POW|BVH|VCB|VHM|MWG|VNM|ACB|VIC|MBB,0.6,0.4482758620689655,1.3384615384615384
2021-05-26,2021,walk_forward_validation,3,29,POW|BVH|VCB,1.0,0.3448275862068966,2.9
2021-05-26,2021,walk_forward_validation,5,29,POW|BVH|VCB|VRE|VHM,0.8,0.3448275862068966,2.32
2021-05-26,2021,walk_forward_validation,10,29,POW|BVH|VCB|VRE|VHM|MWG|VNM|VIC|ACB|VJC,0.5,0.3448275862068966,1.45
2021-05-27,2021,walk_forward_validation,3,29,POW|VRE|VHM,0.3333333333333333,0.3793103448275862,0.8787878787878788
2021-05-27,2021,walk_forward_validation,5,29,POW|VRE|VHM|BVH|SSI,0.4,0.3793103448275862,1.0545454545454547
2021-05-27,2021,walk_forward_validation,10,29,POW|VRE|VHM|BVH|SSI|VCB|VIC|BID|ACB|MWG,0.4,0.3793103448275862,1.0545454545454547
2021-05-28,2021,walk_forward_validation,3,29,VRE|VCB|POW,0.3333333333333333,0.3448275862068966,0.9666666666666666
2021-05-28,2021,walk_forward_validation,5,29,VRE|VCB|POW|VHM|BVH,0.4,0.3448275862068966,1.16
2021-05-28,2021,walk_forward_validation,10,29,VRE|VCB|POW|VHM|BVH|VIC|ACB|VNM|MWG|BID,0.3,0.3448275862068966,0.8699999999999999
2021-05-31,2021,walk_forward_validation,3,29,VRE|VCB|POW,0.6666666666666666,0.41379310344827586,1.611111111111111
2021-05-31,2021,walk_forward_validation,5,29,VRE|VCB|POW|VHM|BVH,0.8,0.41379310344827586,1.9333333333333336
2021-05-31,2021,walk_forward_validation,10,29,VRE|VCB|POW|VHM|BVH|GAS|MWG|VIC|VNM|VJC,0.5,0.41379310344827586,1.2083333333333333
2021-06-01,2021,walk_forward_validation,3,29,POW|VIC|VRE,0.0,0.3793103448275862,0.0
2021-06-01,2021,walk_forward_validation,5,29,POW|VIC|VRE|GAS|BVH,0.4,0.3793103448275862,1.0545454545454547
2021-06-01,2021,walk_forward_validation,10,29,POW|VIC|VRE|GAS|BVH|VHM|VJC|VCB|VPB|MSN,0.5,0.3793103448275862,1.3181818181818183
2021-06-02,2021,walk_forward_validation,3,29,VRE|VIC|POW,0.3333333333333333,0.41379310344827586,0.8055555555555555
2021-06-02,2021,walk_forward_validation,5,29,VRE|VIC|POW|BVH|TCB,0.4,0.41379310344827586,0.9666666666666668
2021-06-02,2021,walk_forward_validation,10,29,VRE|VIC|POW|BVH|TCB|BID|VCB|VNM|MBB|VJC,0.5,0.41379310344827586,1.2083333333333333
2021-06-03,2021,walk_forward_validation,3,29,VIC|VRE|VPB,0.3333333333333333,0.4827586206896552,0.6904761904761904
2021-06-03,2021,walk_forward_validation,5,29,VIC|VRE|VPB|BVH|POW,0.4,0.4827586206896552,0.8285714285714286
2021-06-03,2021,walk_forward_validation,10,29,VIC|VRE|VPB|BVH|POW|VHM|TCB|GAS|VCB|VJC,0.6,0.4827586206896552,1.2428571428571427
2021-06-04,2021,walk_forward_validation,3,29,VIC|VPB|TCB,0.0,0.4827586206896552,0.0
2021-06-04,2021,walk_forward_validation,5,29,VIC|VPB|TCB|CTG|VRE,0.0,0.4827586206896552,0.0
2021-06-04,2021,walk_forward_validation,10,29,VIC|VPB|TCB|CTG|VRE|POW|HDB|VHM|VJC|BVH,0.4,0.4827586206896552,0.8285714285714286
2021-06-07,2021,walk_forward_validation,3,29,MBB|VPB|TCB,0.6666666666666666,0.5862068965517241,1.1372549019607843
2021-06-07,2021,walk_forward_validation,5,29,MBB|VPB|TCB|CTG|BID,0.4,0.5862068965517241,0.6823529411764707
2021-06-07,2021,walk_forward_validation,10,29,MBB|VPB|TCB|CTG|BID|POW|HDB|HPG|VHM|TPB,0.5,0.5862068965517241,0.8529411764705883
2021-06-08,2021,walk_forward_validation,3,29,VPB|MBB|BID,0.3333333333333333,0.5517241379310345,0.6041666666666666
2021-06-08,2021,walk_forward_validation,5,29,VPB|MBB|BID|POW|TCB,0.4,0.5517241379310345,0.7250000000000001
2021-06-08,2021,walk_forward_validation,10,29,VPB|MBB|BID|POW|TCB|CTG|VHM|HDB|TPB|ACB,0.6,0.5517241379310345,1.0875
2021-06-09,2021,walk_forward_validation,3,29,VPB|TCB|MBB,0.6666666666666666,0.5517241379310345,1.2083333333333333
2021-06-09,2021,walk_forward_validation,5,29,VPB|TCB|MBB|POW|TPB,0.6,0.5517241379310345,1.0875
2021-06-09,2021,walk_forward_validation,10,29,VPB|TCB|MBB|POW|TPB|VRE|CTG|BID|HPG|VCB,0.4,0.5517241379310345,0.7250000000000001
2021-06-10,2021,walk_forward_validation,3,29,VPB|POW|BID,0.3333333333333333,0.5862068965517241,0.5686274509803921
2021-06-10,2021,walk_forward_validation,5,29,VPB|POW|BID|MBB|CTG,0.4,0.5862068965517241,0.6823529411764707
2021-06-10,2021,walk_forward_validation,10,29,VPB|POW|BID|MBB|CTG|TCB|GVR|VCB|HDB|VIC,0.6,0.5862068965517241,1.023529411764706
2021-06-11,2021,walk_forward_validation,3,29,VPB|BID|TCB,0.3333333333333333,0.5172413793103449,0.6444444444444444
2021-06-11,2021,walk_forward_validation,5,29,VPB|BID|TCB|MBB|CTG,0.4,0.5172413793103449,0.7733333333333333
2021-06-11,2021,walk_forward_validation,10,29,VPB|BID|TCB|MBB|CTG|POW|TPB|MSN|HDB|VHM,0.6,0.5172413793103449,1.16
2021-06-14,2021,walk_forward_validation,3,29,CTG|MBB|TCB,0.6666666666666666,0.5517241379310345,1.2083333333333333
2021-06-14,2021,walk_forward_validation,5,29,CTG|MBB|TCB|VPB|VHM,0.6,0.5517241379310345,1.0875
2021-06-14,2021,walk_forward_validation,10,29,CTG|MBB|TCB|VPB|VHM|TPB|HDB|GVR|FPT|POW,0.7,0.5517241379310345,1.26875
2021-06-15,2021,walk_forward_validation,3,29,VHM|CTG|MBB,0.6666666666666666,0.5517241379310345,1.2083333333333333
2021-06-15,2021,walk_forward_validation,5,29,VHM|CTG|MBB|HDB|TPB,0.8,0.5517241379310345,1.4500000000000002
2021-06-15,2021,walk_forward_validation,10,29,VHM|CTG|MBB|HDB|TPB|HPG|MSN|TCB|BID|POW,0.6,0.5517241379310345,1.0875
2021-06-16,2021,walk_forward_validation,3,29,MBB|CTG|VHM,0.6666666666666666,0.41379310344827586,1.611111111111111
2021-06-16,2021,walk_forward_validation,5,29,MBB|CTG|VHM|TPB|BVH,0.4,0.41379310344827586,0.9666666666666668
2021-06-16,2021,walk_forward_validation,10,29,MBB|CTG|VHM|TPB|BVH|BID|VCB|TCB|HDB|VRE,0.5,0.41379310344827586,1.2083333333333333
2021-06-17,2021,walk_forward_validation,3,29,MSN|VHM|POW,0.6666666666666666,0.5517241379310345,1.2083333333333333
2021-06-17,2021,walk_forward_validation,5,29,MSN|VHM|POW|CTG|TPB,0.6,0.5517241379310345,1.0875
2021-06-17,2021,walk_forward_validation,10,29,MSN|VHM|POW|CTG|TPB|VCB|BID|VIC|MBB|VRE,0.5,0.5517241379310345,0.90625
2021-06-18,2021,walk_forward_validation,3,29,MBB|VHM|CTG,0.6666666666666666,0.5517241379310345,1.2083333333333333
2021-06-18,2021,walk_forward_validation,5,29,MBB|VHM|CTG|MSN|POW,0.6,0.5517241379310345,1.0875
2021-06-18,2021,walk_forward_validation,10,29,MBB|VHM|CTG|MSN|POW|BID|HDB|VCB|HPG|TPB,0.6,0.5517241379310345,1.0875
2021-06-21,2021,walk_forward_validation,3,30,FPT|VCB|POW,0.6666666666666666,0.5333333333333333,1.25
2021-06-21,2021,walk_forward_validation,5,30,FPT|VCB|POW|VHM|CTG,0.6,0.5333333333333333,1.125
2021-06-21,2021,walk_forward_validation,10,30,FPT|VCB|POW|VHM|CTG|MBB|BVH|MSN|HPG|BID,0.4,0.5333333333333333,0.75
2021-06-22,2021,walk_forward_validation,3,30,CTG|VHM|FPT,0.6666666666666666,0.5666666666666667,1.1764705882352942
2021-06-22,2021,walk_forward_validation,5,30,CTG|VHM|FPT|BVH|MBB,0.4,0.5666666666666667,0.7058823529411765
2021-06-22,2021,walk_forward_validation,10,30,CTG|VHM|FPT|BVH|MBB|VCB|POW|MSN|HDB|STB,0.6,0.5666666666666667,1.0588235294117647
2021-06-23,2021,walk_forward_validation,3,30,MBB|VHM|CTG,0.3333333333333333,0.5,0.6666666666666666
2021-06-23,2021,walk_forward_validation,5,30,MBB|VHM|CTG|BVH|POW,0.2,0.5,0.4
2021-06-23,2021,walk_forward_validation,10,30,MBB|VHM|CTG|BVH|POW|VCB|HDB|FPT|PLX|MSN,0.4,0.5,0.8
2021-06-24,2021,walk_forward_validation,3,30,CTG|VHM|MBB,0.3333333333333333,0.5,0.6666666666666666
2021-06-24,2021,walk_forward_validation,5,30,CTG|VHM|MBB|POW|HDB,0.4,0.5,0.8
2021-06-24,2021,walk_forward_validation,10,30,CTG|VHM|MBB|POW|HDB|FPT|VCB|BVH|PLX|BID,0.3,0.5,0.6
2021-06-25,2021,walk_forward_validation,3,30,MBB|CTG|VHM,0.3333333333333333,0.4666666666666667,0.7142857142857142
2021-06-25,2021,walk_forward_validation,5,30,MBB|CTG|VHM|HDB|VCB,0.4,0.4666666666666667,0.8571428571428572
2021-06-25,2021,walk_forward_validation,10,30,MBB|CTG|VHM|HDB|VCB|FPT|MSN|POW|BID|TCB,0.5,0.4666666666666667,1.0714285714285714
2021-06-28,2021,walk_forward_validation,3,30,MBB|CTG|VHM,0.3333333333333333,0.4,0.8333333333333333
2021-06-28,2021,walk_forward_validation,5,30,MBB|CTG|VHM|HDB|STB,0.4,0.4,1.0
2021-06-28,2021,walk_forward_validation,10,30,MBB|CTG|VHM|HDB|STB|TPB|VCB|TCB|FPT|BID,0.4,0.4,1.0
2021-06-29,2021,walk_forward_validation,3,30,CTG|MBB|HDB,0.0,0.5333333333333333,0.0
2021-06-29,2021,walk_forward_validation,5,30,CTG|MBB|HDB|FPT|VHM,0.4,0.5333333333333333,0.75
2021-06-29,2021,walk_forward_validation,10,30,CTG|MBB|HDB|FPT|VHM|TCB|MSN|TPB|VCB|BID,0.5,0.5333333333333333,0.9375
2021-06-30,2021,walk_forward_validation,3,30,MBB|CTG|VCB,0.0,0.6,0.0
2021-06-30,2021,walk_forward_validation,5,30,MBB|CTG|VCB|MSN|VHM,0.2,0.6,0.33333333333333337
2021-06-30,2021,walk_forward_validation,10,30,MBB|CTG|VCB|MSN|VHM|FPT|HDB|SSI|BID|VRE,0.4,0.6,0.6666666666666667
2021-07-01,2021,walk_forward_validation,3,30,MBB|CTG|VCB,0.0,0.5666666666666667,0.0
2021-07-01,2021,walk_forward_validation,5,30,MBB|CTG|VCB|MSN|TCB,0.4,0.5666666666666667,0.7058823529411765
2021-07-01,2021,walk_forward_validation,10,30,MBB|CTG|VCB|MSN|TCB|VHM|BID|TPB|FPT|HDB,0.6,0.5666666666666667,1.0588235294117647
2021-07-02,2021,walk_forward_validation,3,30,MBB|TCB|SSI,0.6666666666666666,0.5333333333333333,1.25
2021-07-02,2021,walk_forward_validation,5,30,MBB|TCB|SSI|HDB|MSN,0.6,0.5333333333333333,1.125
2021-07-02,2021,walk_forward_validation,10,30,MBB|TCB|SSI|HDB|MSN|STB|CTG|FPT|VCB|BID,0.5,0.5333333333333333,0.9375
2021-07-05,2021,walk_forward_validation,3,30,MBB|VRE|MSN,0.6666666666666666,0.43333333333333335,1.5384615384615383
2021-07-05,2021,walk_forward_validation,5,30,MBB|VRE|MSN|FPT|CTG,0.6,0.43333333333333335,1.3846153846153846
2021-07-05,2021,walk_forward_validation,10,30,MBB|VRE|MSN|FPT|CTG|SSI|HDB|VHM|POW|TPB,0.4,0.43333333333333335,0.9230769230769231
2021-07-06,2021,walk_forward_validation,3,30,STB|HDB|TCB,0.3333333333333333,0.5,0.6666666666666666
2021-07-06,2021,walk_forward_validation,5,30,STB|HDB|TCB|CTG|TPB,0.2,0.5,0.4
2021-07-06,2021,walk_forward_validation,10,30,STB|HDB|TCB|CTG|TPB|MSN|MBB|BID|FPT|GVR,0.6,0.5,1.2
2021-07-07,2021,walk_forward_validation,3,30,STB|VCB|MSN,0.6666666666666666,0.4666666666666667,1.4285714285714284
2021-07-07,2021,walk_forward_validation,5,30,STB|VCB|MSN|MBB|TCB,0.4,0.4666666666666667,0.8571428571428572
2021-07-07,2021,walk_forward_validation,10,30,STB|VCB|MSN|MBB|TCB|HDB|CTG|FPT|SSI|TPB,0.4,0.4666666666666667,0.8571428571428572
2021-07-08,2021,walk_forward_validation,3,30,MBB|STB|HDB,0.6666666666666666,0.5,1.3333333333333333
2021-07-08,2021,walk_forward_validation,5,30,MBB|STB|HDB|TPB|CTG,0.4,0.5,0.8
2021-07-08,2021,walk_forward_validation,10,30,MBB|STB|HDB|TPB|CTG|SSI|TCB|VHM|FPT|HPG,0.5,0.5,1.0
2021-07-09,2021,walk_forward_validation,3,30,STB|SSI|MBB,0.6666666666666666,0.6,1.1111111111111112
2021-07-09,2021,walk_forward_validation,5,30,STB|SSI|MBB|HPG|CTG,0.6,0.6,1.0
2021-07-09,2021,walk_forward_validation,10,30,STB|SSI|MBB|HPG|CTG|TCB|HDB|MSN|VRE|TPB,0.6,0.6,1.0
2021-07-12,2021,walk_forward_validation,3,30,CTG|SHB|HPG,0.6666666666666666,0.5666666666666667,1.1764705882352942
2021-07-12,2021,walk_forward_validation,5,30,CTG|SHB|HPG|TCB|TPB,0.4,0.5666666666666667,0.7058823529411765
2021-07-12,2021,walk_forward_validation,10,30,CTG|SHB|HPG|TCB|TPB|STB|HDB|SSI|BID|ACB,0.6,0.5666666666666667,1.0588235294117647
2021-07-13,2021,walk_forward_validation,3,30,CTG|HDB|STB,0.3333333333333333,0.4666666666666667,0.7142857142857142
2021-07-13,2021,walk_forward_validation,5,30,CTG|HDB|STB|TPB|TCB,0.2,0.4666666666666667,0.4285714285714286
2021-07-13,2021,walk_forward_validation,10,30,CTG|HDB|STB|TPB|TCB|SSI|HPG|SHB|POW|MBB,0.5,0.4666666666666667,1.0714285714285714
2021-07-14,2021,walk_forward_validation,3,30,STB|TCB|TPB,0.6666666666666666,0.4666666666666667,1.4285714285714284
2021-07-14,2021,walk_forward_validation,5,30,STB|TCB|TPB|SSI|HDB,0.8,0.4666666666666667,1.7142857142857144
2021-07-14,2021,walk_forward_validation,10,30,STB|TCB|TPB|SSI|HDB|CTG|MBB|HPG|BID|FPT,0.6,0.4666666666666667,1.2857142857142856
2021-07-15,2021,walk_forward_validation,3,30,TCB|SSI|CTG,0.3333333333333333,0.43333333333333335,0.7692307692307692
2021-07-15,2021,walk_forward_validation,5,30,TCB|SSI|CTG|HDB|MBB,0.4,0.43333333333333335,0.9230769230769231
2021-07-15,2021,walk_forward_validation,10,30,TCB|SSI|CTG|HDB|MBB|VHM|VRE|HPG|STB|TPB,0.4,0.43333333333333335,0.9230769230769231
2021-07-16,2021,walk_forward_validation,3,30,SSI|CTG|TCB,0.3333333333333333,0.36666666666666664,0.9090909090909091
2021-07-16,2021,walk_forward_validation,5,30,SSI|CTG|TCB|HDB|STB,0.2,0.36666666666666664,0.5454545454545455
2021-07-16,2021,walk_forward_validation,10,30,SSI|CTG|TCB|HDB|STB|BCM|MBB|FPT|HPG|TPB,0.3,0.36666666666666664,0.8181818181818182
2021-07-19,2021,walk_forward_validation,3,30,TCB|CTG|BCM,0.6666666666666666,0.5,1.3333333333333333
2021-07-19,2021,walk_forward_validation,5,30,TCB|CTG|BCM|TPB|STB,0.6,0.5,1.2
2021-07-19,2021,walk_forward_validation,10,30,TCB|CTG|BCM|TPB|STB|SSI|HPG|HDB|POW|ACB,0.8,0.5,1.6
2021-07-20,2021,walk_forward_validation,3,30,BCM|CTG|TCB,0.6666666666666666,0.5,1.3333333333333333
2021-07-20,2021,walk_forward_validation,5,30,BCM|CTG|TCB|TPB|HDB,0.8,0.5,1.6
2021-07-20,2021,walk_forward_validation,10,30,BCM|CTG|TCB|TPB|HDB|STB|VRE|VIB|POW|HPG,0.6,0.5,1.2
2021-07-21,2021,walk_forward_validation,3,30,BCM|CTG|HDB,0.6666666666666666,0.43333333333333335,1.5384615384615383
2021-07-21,2021,walk_forward_validation,5,30,BCM|CTG|HDB|TPB|TCB,0.6,0.43333333333333335,1.3846153846153846
2021-07-21,2021,walk_forward_validation,10,30,BCM|CTG|HDB|TPB|TCB|HPG|SSI|ACB|STB|MBB,0.7,0.43333333333333335,1.6153846153846152
2021-07-22,2021,walk_forward_validation,3,30,CTG|TPB|BCM,0.6666666666666666,0.4666666666666667,1.4285714285714284
2021-07-22,2021,walk_forward_validation,5,30,CTG|TPB|BCM|STB|HDB,0.8,0.4666666666666667,1.7142857142857144
2021-07-22,2021,walk_forward_validation,10,30,CTG|TPB|BCM|STB|HDB|SSI|HPG|MBB|TCB|ACB,0.7,0.4666666666666667,1.4999999999999998
2021-07-23,2021,walk_forward_validation,3,30,CTG|TPB|SSI,0.6666666666666666,0.43333333333333335,1.5384615384615383
2021-07-23,2021,walk_forward_validation,5,30,CTG|TPB|SSI|HPG|HDB,0.8,0.43333333333333335,1.8461538461538463
2021-07-23,2021,walk_forward_validation,10,30,CTG|TPB|SSI|HPG|HDB|ACB|TCB|STB|MBB|BCM,0.6,0.43333333333333335,1.3846153846153846
2021-07-26,2021,walk_forward_validation,3,30,CTG|VIB|TPB,0.3333333333333333,0.43333333333333335,0.7692307692307692
2021-07-26,2021,walk_forward_validation,5,30,CTG|VIB|TPB|SSI|TCB,0.4,0.43333333333333335,0.9230769230769231
2021-07-26,2021,walk_forward_validation,10,30,CTG|VIB|TPB|SSI|TCB|STB|HDB|HPG|BCM|ACB,0.5,0.43333333333333335,1.1538461538461537
2021-07-27,2021,walk_forward_validation,3,30,CTG|SSI|TPB,0.3333333333333333,0.4,0.8333333333333333
2021-07-27,2021,walk_forward_validation,5,30,CTG|SSI|TPB|STB|HDB,0.4,0.4,1.0
2021-07-27,2021,walk_forward_validation,10,30,CTG|SSI|TPB|STB|HDB|GVR|TCB|VNM|ACB|GAS,0.3,0.4,0.7499999999999999
2021-07-28,2021,walk_forward_validation,3,30,SSI|STB|TPB,0.3333333333333333,0.4,0.8333333333333333
2021-07-28,2021,walk_forward_validation,5,30,SSI|STB|TPB|CTG|SSB,0.2,0.4,0.5
2021-07-28,2021,walk_forward_validation,10,30,SSI|STB|TPB|CTG|SSB|GVR|TCB|BCM|HPG|HDB,0.5,0.4,1.25
2021-07-29,2021,walk_forward_validation,3,30,SSI|TPB|CTG,0.3333333333333333,0.3333333333333333,1.0
2021-07-29,2021,walk_forward_validation,5,30,SSI|TPB|CTG|ACB|HPG,0.4,0.3333333333333333,1.2000000000000002
2021-07-29,2021,walk_forward_validation,10,30,SSI|TPB|CTG|ACB|HPG|SSB|TCB|VNM|MBB|STB,0.2,0.3333333333333333,0.6000000000000001
2021-07-30,2021,walk_forward_validation,3,30,SSI|STB|SSB,0.3333333333333333,0.36666666666666664,0.9090909090909091
2021-07-30,2021,walk_forward_validation,5,30,SSI|STB|SSB|TPB|TCB,0.2,0.36666666666666664,0.5454545454545455
2021-07-30,2021,walk_forward_validation,10,30,SSI|STB|SSB|TPB|TCB|CTG|FPT|VNM|HDB|GVR,0.3,0.36666666666666664,0.8181818181818182
2021-08-02,2021,walk_forward_validation,3,30,SSI|CTG|ACB,0.3333333333333333,0.3,1.1111111111111112
2021-08-02,2021,walk_forward_validation,5,30,SSI|CTG|ACB|GVR|SSB,0.4,0.3,1.3333333333333335
2021-08-02,2021,walk_forward_validation,10,30,SSI|CTG|ACB|GVR|SSB|HDB|FPT|TPB|HPG|PLX,0.3,0.3,1.0
2021-08-03,2021,walk_forward_validation,3,30,HDB|GVR|MBB,0.3333333333333333,0.36666666666666664,0.9090909090909091
2021-08-03,2021,walk_forward_validation,5,30,HDB|GVR|MBB|SSI|VHM,0.4,0.36666666666666664,1.090909090909091
2021-08-03,2021,walk_forward_validation,10,30,HDB|GVR|MBB|SSI|VHM|BCM|CTG|BID|TCB|ACB,0.3,0.36666666666666664,0.8181818181818182
2021-08-04,2021,walk_forward_validation,3,30,SSI|HDB|STB,0.3333333333333333,0.36666666666666664,0.9090909090909091
2021-08-04,2021,walk_forward_validation,5,30,SSI|HDB|STB|CTG|MBB,0.2,0.36666666666666664,0.5454545454545455
2021-08-04,2021,walk_forward_validation,10,30,SSI|HDB|STB|CTG|MBB|ACB|FPT|GVR|PLX|GAS,0.2,0.36666666666666664,0.5454545454545455
2021-08-05,2021,walk_forward_validation,3,30,SSI|STB|HDB,0.3333333333333333,0.3333333333333333,1.0
2021-08-05,2021,walk_forward_validation,5,30,SSI|STB|HDB|GAS|FPT,0.2,0.3333333333333333,0.6000000000000001
2021-08-05,2021,walk_forward_validation,10,30,SSI|STB|HDB|GAS|FPT|MBB|HPG|ACB|GVR|VIB,0.3,0.3333333333333333,0.9
2021-08-06,2021,walk_forward_validation,3,30,SSI|FPT|GVR,0.6666666666666666,0.36666666666666664,1.8181818181818181
2021-08-06,2021,walk_forward_validation,5,30,SSI|FPT|GVR|STB|CTG,0.4,0.36666666666666664,1.090909090909091
2021-08-06,2021,walk_forward_validation,10,30,SSI|FPT|GVR|STB|CTG|VIB|HPG|PLX|HDB|ACB,0.3,0.36666666666666664,0.8181818181818182
2021-08-09,2021,walk_forward_validation,3,30,FPT|ACB|HPG,0.3333333333333333,0.36666666666666664,0.9090909090909091
2021-08-09,2021,walk_forward_validation,5,30,FPT|ACB|HPG|MBB|CTG,0.2,0.36666666666666664,0.5454545454545455
2021-08-09,2021,walk_forward_validation,10,30,FPT|ACB|HPG|MBB|CTG|BID|VIB|VHM|SSI|HDB,0.2,0.36666666666666664,0.5454545454545455
2021-08-10,2021,walk_forward_validation,3,30,SSI|VHM|FPT,0.3333333333333333,0.36666666666666664,0.9090909090909091
2021-08-10,2021,walk_forward_validation,5,30,SSI|VHM|FPT|HDB|ACB,0.2,0.36666666666666664,0.5454545454545455
2021-08-10,2021,walk_forward_validation,10,30,SSI|VHM|FPT|HDB|ACB|HPG|MBB|STB|PLX|BID,0.2,0.36666666666666664,0.5454545454545455
2021-08-11,2021,walk_forward_validation,3,30,SSI|ACB|TPB,0.6666666666666666,0.36666666666666664,1.8181818181818181
2021-08-11,2021,walk_forward_validation,5,30,SSI|ACB|TPB|FPT|HDB,0.4,0.36666666666666664,1.090909090909091
2021-08-11,2021,walk_forward_validation,10,30,SSI|ACB|TPB|FPT|HDB|MBB|GVR|VHM|HPG|STB,0.4,0.36666666666666664,1.090909090909091
2021-08-12,2021,walk_forward_validation,3,30,SSI|GVR|ACB,0.6666666666666666,0.4,1.6666666666666665
2021-08-12,2021,walk_forward_validation,5,30,SSI|GVR|ACB|TPB|FPT,0.8,0.4,2.0
2021-08-12,2021,walk_forward_validation,10,30,SSI|GVR|ACB|TPB|FPT|HDB|SHB|BVH|VHM|MBB,0.4,0.4,1.0
2021-08-13,2021,walk_forward_validation,3,30,SSI|ACB|GVR,0.6666666666666666,0.4666666666666667,1.4285714285714284
2021-08-13,2021,walk_forward_validation,5,30,SSI|ACB|GVR|TPB|VHM,0.6,0.4666666666666667,1.2857142857142856
2021-08-13,2021,walk_forward_validation,10,30,SSI|ACB|GVR|TPB|VHM|HDB|HPG|POW|BVH|SHB,0.6,0.4666666666666667,1.2857142857142856
2021-08-16,2021,walk_forward_validation,3,30,SHB|MBB|TCB,0.0,0.43333333333333335,0.0
2021-08-16,2021,walk_forward_validation,5,30,SHB|MBB|TCB|TPB|HDB,0.2,0.43333333333333335,0.46153846153846156
2021-08-16,2021,walk_forward_validation,10,30,SHB|MBB|TCB|TPB|HDB|POW|VHM|BVH|HPG|CTG,0.4,0.43333333333333335,0.9230769230769231
2021-08-17,2021,walk_forward_validation,3,30,SHB|MBB|SSI,0.3333333333333333,0.5333333333333333,0.625
2021-08-17,2021,walk_forward_validation,5,30,SHB|MBB|SSI|TCB|TPB,0.4,0.5333333333333333,0.75
2021-08-17,2021,walk_forward_validation,10,30,SHB|MBB|SSI|TCB|TPB|HDB|HPG|POW|VIC|FPT,0.5,0.5333333333333333,0.9375
2021-08-18,2021,walk_forward_validation,3,30,SSI|MBB|TPB,0.6666666666666666,0.43333333333333335,1.5384615384615383
2021-08-18,2021,walk_forward_validation,5,30,SSI|MBB|TPB|HDB|HPG,0.6,0.43333333333333335,1.3846153846153846
2021-08-18,2021,walk_forward_validation,10,30,SSI|MBB|TPB|HDB|HPG|SHB|POW|STB|BVH|TCB,0.4,0.43333333333333335,0.9230769230769231
2021-08-19,2021,walk_forward_validation,3,30,HDB|MBB|SHB,0.0,0.4666666666666667,0.0
2021-08-19,2021,walk_forward_validation,5,30,HDB|MBB|SHB|HPG|TPB,0.4,0.4666666666666667,0.8571428571428572
2021-08-19,2021,walk_forward_validation,10,30,HDB|MBB|SHB|HPG|TPB|POW|TCB|BVH|SSI|CTG,0.4,0.4666666666666667,0.8571428571428572
2021-08-20,2021,walk_forward_validation,3,30,MBB|SHB|HPG,0.3333333333333333,0.43333333333333335,0.7692307692307692
2021-08-20,2021,walk_forward_validation,5,30,MBB|SHB|HPG|TCB|HDB,0.2,0.43333333333333335,0.46153846153846156
2021-08-20,2021,walk_forward_validation,10,30,MBB|SHB|HPG|TCB|HDB|TPB|GVR|CTG|ACB|POW,0.3,0.43333333333333335,0.6923076923076923
2021-08-23,2021,walk_forward_validation,3,30,GVR|MBB|HPG,0.6666666666666666,0.4,1.6666666666666665
2021-08-23,2021,walk_forward_validation,5,30,GVR|MBB|HPG|TCB|CTG,0.4,0.4,1.0
2021-08-23,2021,walk_forward_validation,10,30,GVR|MBB|HPG|TCB|CTG|SHB|VIB|HDB|ACB|TPB,0.4,0.4,1.0
2021-08-24,2021,walk_forward_validation,3,30,GVR|MBB|HDB,0.3333333333333333,0.43333333333333335,0.7692307692307692
2021-08-24,2021,walk_forward_validation,5,30,GVR|MBB|HDB|HPG|SSI,0.4,0.43333333333333335,0.9230769230769231
2021-08-24,2021,walk_forward_validation,10,30,GVR|MBB|HDB|HPG|SSI|BVH|CTG|SHB|TCB|VPB,0.4,0.43333333333333335,0.9230769230769231
2021-08-25,2021,walk_forward_validation,3,30,MBB|HPG|HDB,0.3333333333333333,0.4,0.8333333333333333
2021-08-25,2021,walk_forward_validation,5,30,MBB|HPG|HDB|GVR|TPB,0.6,0.4,1.4999999999999998
2021-08-25,2021,walk_forward_validation,10,30,MBB|HPG|HDB|GVR|TPB|SHB|CTG|TCB|POW|SSI,0.3,0.4,0.7499999999999999
2021-08-26,2021,walk_forward_validation,3,30,GVR|HDB|SSI,0.0,0.43333333333333335,0.0
2021-08-26,2021,walk_forward_validation,5,30,GVR|HDB|SSI|HPG|SHB,0.2,0.43333333333333335,0.46153846153846156
2021-08-26,2021,walk_forward_validation,10,30,GVR|HDB|SSI|HPG|SHB|MBB|TPB|CTG|POW|BVH,0.3,0.43333333333333335,0.6923076923076923
2021-08-27,2021,walk_forward_validation,3,30,HPG|SHB|SSI,0.3333333333333333,0.4,0.8333333333333333
2021-08-27,2021,walk_forward_validation,5,30,HPG|SHB|SSI|VIB|MSN,0.2,0.4,0.5
2021-08-27,2021,walk_forward_validation,10,30,HPG|SHB|SSI|VIB|MSN|CTG|ACB|HDB|MWG|TPB,0.3,0.4,0.7499999999999999
2021-08-30,2021,walk_forward_validation,3,30,HPG|SSI|SHB,0.3333333333333333,0.5,0.6666666666666666
2021-08-30,2021,walk_forward_validation,5,30,HPG|SSI|SHB|MBB|BVH,0.4,0.5,0.8
2021-08-30,2021,walk_forward_validation,10,30,HPG|SSI|SHB|MBB|BVH|VCB|TPB|GVR|SSB|CTG,0.3,0.5,0.6
2021-08-31,2021,walk_forward_validation,3,30,HPG|SSI|SHB,0.3333333333333333,0.5,0.6666666666666666
2021-08-31,2021,walk_forward_validation,5,30,HPG|SSI|SHB|TPB|CTG,0.4,0.5,0.8
2021-08-31,2021,walk_forward_validation,10,30,HPG|SSI|SHB|TPB|CTG|SSB|VPB|MWG|VCB|TCB,0.5,0.5,1.0
2021-09-01,2021,walk_forward_validation,3,30,HPG|SHB|SSI,0.3333333333333333,0.4666666666666667,0.7142857142857142
2021-09-01,2021,walk_forward_validation,5,30,HPG|SHB|SSI|CTG|BVH,0.4,0.4666666666666667,0.8571428571428572
2021-09-01,2021,walk_forward_validation,10,30,HPG|SHB|SSI|CTG|BVH|VPB|TPB|SSB|MWG|VRE,0.6,0.4666666666666667,1.2857142857142856
2021-09-06,2021,walk_forward_validation,3,30,SSI|HPG|FPT,0.6666666666666666,0.5666666666666667,1.1764705882352942
2021-09-06,2021,walk_forward_validation,5,30,SSI|HPG|FPT|TPB|BVH,0.8,0.5666666666666667,1.411764705882353
2021-09-06,2021,walk_forward_validation,10,30,SSI|HPG|FPT|TPB|BVH|VHM|MWG|MBB|PLX|SSB,0.7,0.5666666666666667,1.2352941176470589
2021-09-07,2021,walk_forward_validation,3,30,HPG|SSI|SSB,0.3333333333333333,0.4666666666666667,0.7142857142857142
2021-09-07,2021,walk_forward_validation,5,30,HPG|SSI|SSB|FPT|BVH,0.6,0.4666666666666667,1.2857142857142856
2021-09-07,2021,walk_forward_validation,10,30,HPG|SSI|SSB|FPT|BVH|TPB|MBB|MWG|VRE|GVR,0.6,0.4666666666666667,1.2857142857142856
2021-09-08,2021,walk_forward_validation,3,30,HPG|TPB|VPB,0.6666666666666666,0.4666666666666667,1.4285714285714284
2021-09-08,2021,walk_forward_validation,5,30,HPG|TPB|VPB|SSB|MWG,0.6,0.4666666666666667,1.2857142857142856
2021-09-08,2021,walk_forward_validation,10,30,HPG|TPB|VPB|SSB|MWG|BVH|MBB|GVR|HDB|CTG,0.4,0.4666666666666667,0.8571428571428572
2021-09-09,2021,walk_forward_validation,3,30,HPG|SSI|SSB,0.6666666666666666,0.43333333333333335,1.5384615384615383
2021-09-09,2021,walk_forward_validation,5,30,HPG|SSI|SSB|TCB|MBB,0.4,0.43333333333333335,0.9230769230769231
2021-09-09,2021,walk_forward_validation,10,30,HPG|SSI|SSB|TCB|MBB|TPB|CTG|VRE|HDB|MWG,0.5,0.43333333333333335,1.1538461538461537
2021-09-10,2021,walk_forward_validation,3,30,TPB|HPG|MWG,1.0,0.5,2.0
2021-09-10,2021,walk_forward_validation,5,30,TPB|HPG|MWG|VPB|SSI,0.6,0.5,1.2
2021-09-10,2021,walk_forward_validation,10,30,TPB|HPG|MWG|VPB|SSI|SSB|FPT|BVH|VRE|TCB,0.8,0.5,1.6
2021-09-13,2021,walk_forward_validation,3,30,HPG|GVR|VRE,0.6666666666666666,0.4,1.6666666666666665
2021-09-13,2021,walk_forward_validation,5,30,HPG|GVR|VRE|BVH|SSI,0.6,0.4,1.4999999999999998
2021-09-13,2021,walk_forward_validation,10,30,HPG|GVR|VRE|BVH|SSI|TPB|FPT|VPB|TCB|MBB,0.6,0.4,1.4999999999999998
2021-09-14,2021,walk_forward_validation,3,30,HPG|TPB|VPB,0.6666666666666666,0.4666666666666667,1.4285714285714284
2021-09-14,2021,walk_forward_validation,5,30,HPG|TPB|VPB|FPT|CTG,0.6,0.4666666666666667,1.2857142857142856
2021-09-14,2021,walk_forward_validation,10,30,HPG|TPB|VPB|FPT|CTG|SSI|MWG|HDB|VRE|BCM,0.5,0.4666666666666667,1.0714285714285714
2021-09-15,2021,walk_forward_validation,3,30,HPG|TPB|GVR,0.6666666666666666,0.6,1.1111111111111112
2021-09-15,2021,walk_forward_validation,5,30,HPG|TPB|GVR|SSI|FPT,0.6,0.6,1.0
2021-09-15,2021,walk_forward_validation,10,30,HPG|TPB|GVR|SSI|FPT|TCB|CTG|VRE|MBB|ACB,0.7,0.6,1.1666666666666667
2021-09-16,2021,walk_forward_validation,3,30,HPG|GVR|TPB,0.6666666666666666,0.5333333333333333,1.25
2021-09-16,2021,walk_forward_validation,5,30,HPG|GVR|TPB|FPT|MWG,0.8,0.5333333333333333,1.5
2021-09-16,2021,walk_forward_validation,10,30,HPG|GVR|TPB|FPT|MWG|TCB|MBB|GAS|SSI|BID,0.6,0.5333333333333333,1.125
2021-09-17,2021,walk_forward_validation,3,30,HPG|FPT|SSI,0.6666666666666666,0.5,1.3333333333333333
2021-09-17,2021,walk_forward_validation,5,30,HPG|FPT|SSI|GVR|VPB,0.4,0.5,0.8
2021-09-17,2021,walk_forward_validation,10,30,HPG|FPT|SSI|GVR|VPB|MWG|VRE|TCB|GAS|SHB,0.7,0.5,1.4
2021-09-20,2021,walk_forward_validation,3,30,HPG|MWG|VPB,0.6666666666666666,0.43333333333333335,1.5384615384615383
2021-09-20,2021,walk_forward_validation,5,30,HPG|MWG|VPB|TPB|FPT,0.8,0.43333333333333335,1.8461538461538463
2021-09-20,2021,walk_forward_validation,10,30,HPG|MWG|VPB|TPB|FPT|SSI|GAS|TCB|GVR|SSB,0.7,0.43333333333333335,1.6153846153846152
2021-09-21,2021,walk_forward_validation,3,30,HPG|GVR|VPB,0.6666666666666666,0.5,1.3333333333333333
2021-09-21,2021,walk_forward_validation,5,30,HPG|GVR|VPB|MWG|TCB,0.8,0.5,1.6
2021-09-21,2021,walk_forward_validation,10,30,HPG|GVR|VPB|MWG|TCB|VRE|GAS|FPT|BVH|TPB,0.9,0.5,1.8
2021-09-22,2021,walk_forward_validation,3,30,TCB|VPB|GVR,0.3333333333333333,0.36666666666666664,0.9090909090909091
2021-09-22,2021,walk_forward_validation,5,30,TCB|VPB|GVR|HPG|MWG,0.4,0.36666666666666664,1.090909090909091
2021-09-22,2021,walk_forward_validation,10,30,TCB|VPB|GVR|HPG|MWG|GAS|VNM|SHB|FPT|MBB,0.4,0.36666666666666664,1.090909090909091
2021-09-23,2021,walk_forward_validation,3,30,TCB|HPG|VPB,0.6666666666666666,0.4,1.6666666666666665
2021-09-23,2021,walk_forward_validation,5,30,TCB|HPG|VPB|GVR|VNM,0.4,0.4,1.0
2021-09-23,2021,walk_forward_validation,10,30,TCB|HPG|VPB|GVR|VNM|GAS|BVH|PLX|SHB|VCB,0.5,0.4,1.25
2021-09-24,2021,walk_forward_validation,3,30,VPB|GVR|HPG,0.6666666666666666,0.4,1.6666666666666665
2021-09-24,2021,walk_forward_validation,5,30,VPB|GVR|HPG|TCB|GAS,0.8,0.4,2.0
2021-09-24,2021,walk_forward_validation,10,30,VPB|GVR|HPG|TCB|GAS|VNM|MBB|ACB|TPB|VRE,0.6,0.4,1.4999999999999998
2021-09-27,2021,walk_forward_validation,3,30,VPB|HPG|GAS,0.6666666666666666,0.36666666666666664,1.8181818181818181
2021-09-27,2021,walk_forward_validation,5,30,VPB|HPG|GAS|TCB|BVH,0.6,0.36666666666666664,1.6363636363636365
2021-09-27,2021,walk_forward_validation,10,30,VPB|HPG|GAS|TCB|BVH|PLX|VNM|BID|GVR|TPB,0.6,0.36666666666666664,1.6363636363636365
2021-09-28,2021,walk_forward_validation,3,30,HPG|VPB|BID,0.3333333333333333,0.43333333333333335,0.7692307692307692
2021-09-28,2021,walk_forward_validation,5,30,HPG|VPB|BID|TCB|PLX,0.4,0.43333333333333335,0.9230769230769231
2021-09-28,2021,walk_forward_validation,10,30,HPG|VPB|BID|TCB|PLX|VNM|GAS|GVR|VRE|VJC,0.5,0.43333333333333335,1.1538461538461537
2021-09-29,2021,walk_forward_validation,3,30,HPG|VPB|PLX,0.6666666666666666,0.3333333333333333,2.0
2021-09-29,2021,walk_forward_validation,5,30,HPG|VPB|PLX|BID|TCB,0.4,0.3333333333333333,1.2000000000000002
2021-09-29,2021,walk_forward_validation,10,30,HPG|VPB|PLX|BID|TCB|GVR|GAS|POW|BVH|MBB,0.5,0.3333333333333333,1.5
2021-09-30,2021,walk_forward_validation,3,30,HPG|VPB|GAS,0.6666666666666666,0.26666666666666666,2.5
2021-09-30,2021,walk_forward_validation,5,30,HPG|VPB|GAS|VRE|POW,0.4,0.26666666666666666,1.5
2021-09-30,2021,walk_forward_validation,10,30,HPG|VPB|GAS|VRE|POW|PLX|TCB|ACB|BVH|BID,0.3,0.26666666666666666,1.125
2021-10-01,2021,walk_forward_validation,3,30,HPG|VPB|SHB,0.3333333333333333,0.3,1.1111111111111112
2021-10-01,2021,walk_forward_validation,5,30,HPG|VPB|SHB|PLX|GVR,0.4,0.3,1.3333333333333335
2021-10-01,2021,walk_forward_validation,10,30,HPG|VPB|SHB|PLX|GVR|TCB|ACB|POW|BVH|SSB,0.4,0.3,1.3333333333333335
2021-10-04,2021,walk_forward_validation,3,30,HPG|GVR|ACB,0.3333333333333333,0.43333333333333335,0.7692307692307692
2021-10-04,2021,walk_forward_validation,5,30,HPG|GVR|ACB|VIB|PLX,0.4,0.43333333333333335,0.9230769230769231
2021-10-04,2021,walk_forward_validation,10,30,HPG|GVR|ACB|VIB|PLX|SHB|CTG|SSB|TCB|BVH,0.6,0.43333333333333335,1.3846153846153846
2021-10-05,2021,walk_forward_validation,3,30,HPG|GVR|SSB,0.6666666666666666,0.36666666666666664,1.8181818181818181
2021-10-05,2021,walk_forward_validation,5,30,HPG|GVR|SSB|TCB|FPT,0.4,0.36666666666666664,1.090909090909091
2021-10-05,2021,walk_forward_validation,10,30,HPG|GVR|SSB|TCB|FPT|POW|SHB|VPB|ACB|PLX,0.4,0.36666666666666664,1.090909090909091
2021-10-06,2021,walk_forward_validation,3,29,GVR|HPG|TCB,0.3333333333333333,0.4827586206896552,0.6904761904761904
2021-10-06,2021,walk_forward_validation,5,29,GVR|HPG|TCB|SSB|MWG,0.4,0.4827586206896552,0.8285714285714286
2021-10-06,2021,walk_forward_validation,10,29,GVR|HPG|TCB|SSB|MWG|PLX|POW|TPB|ACB|FPT,0.3,0.4827586206896552,0.6214285714285713
2021-10-07,2021,walk_forward_validation,3,29,HPG|MWG|GVR,0.3333333333333333,0.4482758620689655,0.7435897435897435
2021-10-07,2021,walk_forward_validation,5,29,HPG|MWG|GVR|TCB|SSB,0.4,0.4482758620689655,0.8923076923076924
2021-10-07,2021,walk_forward_validation,10,29,HPG|MWG|GVR|TCB|SSB|PLX|TPB|POW|VPB|BVH,0.3,0.4482758620689655,0.6692307692307692
2021-10-08,2021,walk_forward_validation,3,29,SSB|MWG|HPG,0.0,0.3793103448275862,0.0
2021-10-08,2021,walk_forward_validation,5,29,SSB|MWG|HPG|GVR|TCB,0.2,0.3793103448275862,0.5272727272727273
2021-10-08,2021,walk_forward_validation,10,29,SSB|MWG|HPG|GVR|TCB|FPT|BVH|TPB|PLX|VPB,0.1,0.3793103448275862,0.26363636363636367
2021-10-11,2021,walk_forward_validation,3,30,MWG|SSB|HPG,0.0,0.3,0.0
2021-10-11,2021,walk_forward_validation,5,30,MWG|SSB|HPG|TCB|PLX,0.0,0.3,0.0
2021-10-11,2021,walk_forward_validation,10,30,MWG|SSB|HPG|TCB|PLX|FPT|GVR|TPB|MBB|ACB,0.1,0.3,0.33333333333333337
2021-10-12,2021,walk_forward_validation,3,30,MWG|SSB|TCB,0.0,0.36666666666666664,0.0
2021-10-12,2021,walk_forward_validation,5,30,MWG|SSB|TCB|PLX|HPG,0.0,0.36666666666666664,0.0
2021-10-12,2021,walk_forward_validation,10,30,MWG|SSB|TCB|PLX|HPG|GVR|MBB|TPB|BID|FPT,0.2,0.36666666666666664,0.5454545454545455
2021-10-13,2021,walk_forward_validation,3,30,MWG|TCB|HPG,0.0,0.36666666666666664,0.0
2021-10-13,2021,walk_forward_validation,5,30,MWG|TCB|HPG|SSB|GVR,0.2,0.36666666666666664,0.5454545454545455
2021-10-13,2021,walk_forward_validation,10,30,MWG|TCB|HPG|SSB|GVR|FPT|ACB|TPB|VRE|BVH,0.2,0.36666666666666664,0.5454545454545455
2021-10-14,2021,walk_forward_validation,3,30,SSB|MWG|HPG,0.0,0.3,0.0
2021-10-14,2021,walk_forward_validation,5,30,SSB|MWG|HPG|TCB|GVR,0.2,0.3,0.6666666666666667
2021-10-14,2021,walk_forward_validation,10,30,SSB|MWG|HPG|TCB|GVR|VIC|SHB|ACB|TPB|FPT,0.1,0.3,0.33333333333333337
2021-10-15,2021,walk_forward_validation,3,30,SSB|TCB|HPG,0.0,0.3333333333333333,0.0
2021-10-15,2021,walk_forward_validation,5,30,SSB|TCB|HPG|TPB|MWG,0.0,0.3333333333333333,0.0
2021-10-15,2021,walk_forward_validation,10,30,SSB|TCB|HPG|TPB|MWG|SHB|GVR|VIC|VRE|FPT,0.2,0.3333333333333333,0.6000000000000001
2021-10-18,2021,walk_forward_validation,3,30,GVR|HPG|TCB,0.3333333333333333,0.4666666666666667,0.7142857142857142
2021-10-18,2021,walk_forward_validation,5,30,GVR|HPG|TCB|TPB|SSB,0.2,0.4666666666666667,0.4285714285714286
2021-10-18,2021,walk_forward_validation,10,30,GVR|HPG|TCB|TPB|SSB|VIC|VRE|VPB|MWG|PLX,0.3,0.4666666666666667,0.6428571428571428
2021-10-19,2021,walk_forward_validation,3,30,GVR|HPG|TCB,0.0,0.4,0.0
2021-10-19,2021,walk_forward_validation,5,30,GVR|HPG|TCB|VIC|SSB,0.0,0.4,0.0
2021-10-19,2021,walk_forward_validation,10,30,GVR|HPG|TCB|VIC|SSB|TPB|PLX|VPB|VRE|FPT,0.1,0.4,0.25
2021-10-20,2021,walk_forward_validation,3,30,TCB|HPG|GVR,0.3333333333333333,0.43333333333333335,0.7692307692307692
2021-10-20,2021,walk_forward_validation,5,30,TCB|HPG|GVR|VIC|SSB,0.2,0.43333333333333335,0.46153846153846156
2021-10-20,2021,walk_forward_validation,10,30,TCB|HPG|GVR|VIC|SSB|VRE|TPB|VPB|ACB|STB,0.2,0.43333333333333335,0.46153846153846156
2021-10-21,2021,walk_forward_validation,3,30,TCB|GVR|HPG,0.3333333333333333,0.4,0.8333333333333333
2021-10-21,2021,walk_forward_validation,5,30,TCB|GVR|HPG|SSB|VRE,0.2,0.4,0.5
2021-10-21,2021,walk_forward_validation,10,30,TCB|GVR|HPG|SSB|VRE|VIC|TPB|ACB|VPB|PLX,0.2,0.4,0.5
2021-10-22,2021,walk_forward_validation,3,30,GVR|VRE|TCB,0.0,0.43333333333333335,0.0
2021-10-22,2021,walk_forward_validation,5,30,GVR|VRE|TCB|VIC|HPG,0.0,0.43333333333333335,0.0
2021-10-22,2021,walk_forward_validation,10,30,GVR|VRE|TCB|VIC|HPG|SSB|TPB|VPB|ACB|PLX,0.2,0.43333333333333335,0.46153846153846156
2021-10-25,2021,walk_forward_validation,3,30,GVR|HPG|TCB,0.0,0.5333333333333333,0.0
2021-10-25,2021,walk_forward_validation,5,30,GVR|HPG|TCB|VRE|VIC,0.0,0.5333333333333333,0.0
2021-10-25,2021,walk_forward_validation,10,30,GVR|HPG|TCB|VRE|VIC|MSN|SSB|TPB|MWG|POW,0.4,0.5333333333333333,0.75
2021-10-26,2021,walk_forward_validation,3,30,GVR|VRE|BVH,0.0,0.5,0.0
2021-10-26,2021,walk_forward_validation,5,30,GVR|VRE|BVH|HPG|VIC,0.0,0.5,0.0
2021-10-26,2021,walk_forward_validation,10,30,GVR|VRE|BVH|HPG|VIC|TCB|SSB|PLX|MSN|VIB,0.2,0.5,0.4
2021-10-27,2021,walk_forward_validation,3,30,GVR|VIC|VRE,0.0,0.6,0.0
2021-10-27,2021,walk_forward_validation,5,30,GVR|VIC|VRE|HPG|MSN,0.2,0.6,0.33333333333333337
2021-10-27,2021,walk_forward_validation,10,30,GVR|VIC|VRE|HPG|MSN|TPB|PLX|TCB|MWG|VHM,0.4,0.6,0.6666666666666667
2021-10-28,2021,walk_forward_validation,3,30,GVR|VIC|TPB,0.3333333333333333,0.5333333333333333,0.625
2021-10-28,2021,walk_forward_validation,5,30,GVR|VIC|TPB|MSN|VRE,0.2,0.5333333333333333,0.375
2021-10-28,2021,walk_forward_validation,10,30,GVR|VIC|TPB|MSN|VRE|HPG|POW|BVH|VPB|SSB,0.3,0.5333333333333333,0.5625
2021-10-29,2021,walk_forward_validation,3,30,GVR|VIC|MSN,0.3333333333333333,0.5666666666666667,0.5882352941176471
2021-10-29,2021,walk_forward_validation,5,30,GVR|VIC|MSN|VRE|VHM,0.2,0.5666666666666667,0.35294117647058826
2021-10-29,2021,walk_forward_validation,10,30,GVR|VIC|MSN|VRE|VHM|VIB|BID|STB|BVH|TPB,0.5,0.5666666666666667,0.8823529411764706
2021-11-01,2021,walk_forward_validation,3,30,GVR|VRE|VIC,0.3333333333333333,0.5,0.6666666666666666
2021-11-01,2021,walk_forward_validation,5,30,GVR|VRE|VIC|CTG|STB,0.6,0.5,1.2
2021-11-01,2021,walk_forward_validation,10,30,GVR|VRE|VIC|CTG|STB|BID|VHM|GAS|VIB|MSN,0.6,0.5,1.2
2021-11-02,2021,walk_forward_validation,3,30,GVR|VIC|CTG,0.6666666666666666,0.43333333333333335,1.5384615384615383
2021-11-02,2021,walk_forward_validation,5,30,GVR|VIC|CTG|VIB|VRE,0.6,0.43333333333333335,1.3846153846153846
2021-11-02,2021,walk_forward_validation,10,30,GVR|VIC|CTG|VIB|VRE|GAS|BID|ACB|BVH|VHM,0.4,0.43333333333333335,0.9230769230769231
2021-11-03,2021,walk_forward_validation,3,30,CTG|VIB|VIC,1.0,0.43333333333333335,2.3076923076923075
2021-11-03,2021,walk_forward_validation,5,30,CTG|VIB|VIC|GVR|STB,0.8,0.43333333333333335,1.8461538461538463
2021-11-03,2021,walk_forward_validation,10,30,CTG|VIB|VIC|GVR|STB|BID|MBB|ACB|TCB|VRE,0.5,0.43333333333333335,1.1538461538461537
2021-11-04,2021,walk_forward_validation,3,30,BID|STB|VIC,0.6666666666666666,0.4,1.6666666666666665
2021-11-04,2021,walk_forward_validation,5,30,BID|STB|VIC|VRE|CTG,0.6,0.4,1.4999999999999998
2021-11-04,2021,walk_forward_validation,10,30,BID|STB|VIC|VRE|CTG|TCB|GVR|VIB|HDB|ACB,0.5,0.4,1.25
2021-11-05,2021,walk_forward_validation,3,30,BID|GVR|CTG,0.3333333333333333,0.4,0.8333333333333333
2021-11-05,2021,walk_forward_validation,5,30,BID|GVR|CTG|VIC|STB,0.6,0.4,1.4999999999999998
2021-11-05,2021,walk_forward_validation,10,30,BID|GVR|CTG|VIC|STB|VIB|ACB|GAS|VRE|HDB,0.5,0.4,1.25
2021-11-08,2021,walk_forward_validation,3,30,BID|GVR|CTG,0.3333333333333333,0.5333333333333333,0.625
2021-11-08,2021,walk_forward_validation,5,30,BID|GVR|CTG|STB|VIB,0.6,0.5333333333333333,1.125
2021-11-08,2021,walk_forward_validation,10,30,BID|GVR|CTG|STB|VIB|POW|GAS|VIC|MSN|SSI,0.7,0.5333333333333333,1.3125
2021-11-09,2021,walk_forward_validation,3,30,CTG|GVR|BID,0.6666666666666666,0.4666666666666667,1.4285714285714284
2021-11-09,2021,walk_forward_validation,5,30,CTG|GVR|BID|STB|VIC,0.8,0.4666666666666667,1.7142857142857144
2021-11-09,2021,walk_forward_validation,10,30,CTG|GVR|BID|STB|VIC|SSI|HDB|ACB|MSN|BVH,0.7,0.4666666666666667,1.4999999999999998
2021-11-10,2021,walk_forward_validation,3,30,GVR|STB|VIC,0.6666666666666666,0.4666666666666667,1.4285714285714284
2021-11-10,2021,walk_forward_validation,5,30,GVR|STB|VIC|SSI|BVH,0.6,0.4666666666666667,1.2857142857142856
2021-11-10,2021,walk_forward_validation,10,30,GVR|STB|VIC|SSI|BVH|HDB|CTG|BID|VIB|MSN,0.8,0.4666666666666667,1.7142857142857144
2021-11-11,2021,walk_forward_validation,3,30,GVR|STB|BID,0.6666666666666666,0.5333333333333333,1.25
2021-11-11,2021,walk_forward_validation,5,30,GVR|STB|BID|VIC|MSN,0.8,0.5333333333333333,1.5
2021-11-11,2021,walk_forward_validation,10,30,GVR|STB|BID|VIC|MSN|SSI|VIB|CTG|PLX|HDB,0.8,0.5333333333333333,1.5
2021-11-12,2021,walk_forward_validation,3,30,GVR|BID|MSN,0.6666666666666666,0.4666666666666667,1.4285714285714284
2021-11-12,2021,walk_forward_validation,5,30,GVR|BID|MSN|CTG|STB,0.8,0.4666666666666667,1.7142857142857144
2021-11-12,2021,walk_forward_validation,10,30,GVR|BID|MSN|CTG|STB|PLX|HDB|MWG|SSI|BVH,0.6,0.4666666666666667,1.2857142857142856
2021-11-15,2021,walk_forward_validation,3,30,GVR|MSN|MWG,0.3333333333333333,0.5,0.6666666666666666
2021-11-15,2021,walk_forward_validation,5,30,GVR|MSN|MWG|PLX|CTG,0.4,0.5,0.8
2021-11-15,2021,walk_forward_validation,10,30,GVR|MSN|MWG|PLX|CTG|BID|VIB|VIC|HDB|STB,0.7,0.5,1.4
2021-11-16,2021,walk_forward_validation,3,30,MSN|STB|SSI,0.6666666666666666,0.4,1.6666666666666665
2021-11-16,2021,walk_forward_validation,5,30,MSN|STB|SSI|GVR|MWG,0.4,0.4,1.0
2021-11-16,2021,walk_forward_validation,10,30,MSN|STB|SSI|GVR|MWG|HDB|PLX|VIB|CTG|BVH,0.5,0.4,1.25
2021-11-17,2021,walk_forward_validation,3,30,VIC|SSI|MSN,1.0,0.4666666666666667,2.142857142857143
2021-11-17,2021,walk_forward_validation,5,30,VIC|SSI|MSN|MWG|BID,0.8,0.4666666666666667,1.7142857142857144
2021-11-17,2021,walk_forward_validation,10,30,VIC|SSI|MSN|MWG|BID|CTG|STB|VHM|GVR|BVH,0.6,0.4666666666666667,1.2857142857142856
2021-11-18,2021,walk_forward_validation,3,30,MWG|HPG|MSN,0.3333333333333333,0.4666666666666667,0.7142857142857142
2021-11-18,2021,walk_forward_validation,5,30,MWG|HPG|MSN|CTG|VIC,0.6,0.4666666666666667,1.2857142857142856
2021-11-18,2021,walk_forward_validation,10,30,MWG|HPG|MSN|CTG|VIC|BID|VHM|GVR|STB|GAS,0.5,0.4666666666666667,1.0714285714285714
2021-11-19,2021,walk_forward_validation,3,30,HPG|CTG|GAS,0.3333333333333333,0.3333333333333333,1.0
2021-11-19,2021,walk_forward_validation,5,30,HPG|CTG|GAS|MWG|BID,0.2,0.3333333333333333,0.6000000000000001
2021-11-19,2021,walk_forward_validation,10,30,HPG|CTG|GAS|MWG|BID|MSN|STB|PLX|GVR|VIC,0.3,0.3333333333333333,0.9
2021-11-22,2021,walk_forward_validation,3,30,GVR|GAS|MWG,0.3333333333333333,0.36666666666666664,0.9090909090909091
2021-11-22,2021,walk_forward_validation,5,30,GVR|GAS|MWG|HPG|MSN,0.4,0.36666666666666664,1.090909090909091
2021-11-22,2021,walk_forward_validation,10,30,GVR|GAS|MWG|HPG|MSN|STB|CTG|BID|BVH|MBB,0.2,0.36666666666666664,0.5454545454545455
2021-11-23,2021,walk_forward_validation,3,30,MSN|HPG|MWG,0.3333333333333333,0.3,1.1111111111111112
2021-11-23,2021,walk_forward_validation,5,30,MSN|HPG|MWG|GAS|CTG,0.2,0.3,0.6666666666666667
2021-11-23,2021,walk_forward_validation,10,30,MSN|HPG|MWG|GAS|CTG|VHM|TPB|VCB|MBB|BVH,0.3,0.3,1.0
2021-11-24,2021,walk_forward_validation,3,30,GAS|HPG|MWG,0.0,0.26666666666666666,0.0
2021-11-24,2021,walk_forward_validation,5,30,GAS|HPG|MWG|MSN|GVR,0.4,0.26666666666666666,1.5
2021-11-24,2021,walk_forward_validation,10,30,GAS|HPG|MWG|MSN|GVR|VCB|VHM|CTG|VRE|STB,0.4,0.26666666666666666,1.5
2021-11-25,2021,walk_forward_validation,3,30,GAS|HPG|MSN,0.3333333333333333,0.26666666666666666,1.25
2021-11-25,2021,walk_forward_validation,5,30,GAS|HPG|MSN|VCB|MWG,0.2,0.26666666666666666,0.75
2021-11-25,2021,walk_forward_validation,10,30,GAS|HPG|MSN|VCB|MWG|STB|VHM|MBB|VRE|TPB,0.4,0.26666666666666666,1.5
2021-11-26,2021,walk_forward_validation,3,30,GAS|VCB|HPG,0.0,0.26666666666666666,0.0
2021-11-26,2021,walk_forward_validation,5,30,GAS|VCB|HPG|MSN|MWG,0.2,0.26666666666666666,0.75
2021-11-26,2021,walk_forward_validation,10,30,GAS|VCB|HPG|MSN|MWG|SSB|MBB|CTG|VHM|STB,0.3,0.26666666666666666,1.125
2021-11-29,2021,walk_forward_validation,3,30,GAS|MSN|STB,0.3333333333333333,0.26666666666666666,1.25
2021-11-29,2021,walk_forward_validation,5,30,GAS|MSN|STB|MWG|MBB,0.2,0.26666666666666666,0.75
2021-11-29,2021,walk_forward_validation,10,30,GAS|MSN|STB|MWG|MBB|CTG|SSB|HPG|BID|TPB,0.3,0.26666666666666666,1.125
2021-11-30,2021,walk_forward_validation,3,30,GAS|MSN|TPB,0.6666666666666666,0.36666666666666664,1.8181818181818181
2021-11-30,2021,walk_forward_validation,5,30,GAS|MSN|TPB|STB|VIC,0.6,0.36666666666666664,1.6363636363636365
2021-11-30,2021,walk_forward_validation,10,30,GAS|MSN|TPB|STB|VIC|CTG|MBB|VHM|VCB|MWG,0.5,0.36666666666666664,1.3636363636363638
2021-12-01,2021,walk_forward_validation,3,30,GAS|MSN|MWG,0.3333333333333333,0.4,0.8333333333333333
2021-12-01,2021,walk_forward_validation,5,30,GAS|MSN|MWG|SSB|CTG,0.6,0.4,1.4999999999999998
2021-12-01,2021,walk_forward_validation,10,30,GAS|MSN|MWG|SSB|CTG|VHM|VIC|STB|TPB|MBB,0.4,0.4,1.0
2021-12-02,2021,walk_forward_validation,3,30,GAS|MSN|STB,0.6666666666666666,0.43333333333333335,1.5384615384615383
2021-12-02,2021,walk_forward_validation,5,30,GAS|MSN|STB|VCB|SSB,0.8,0.43333333333333335,1.8461538461538463
2021-12-02,2021,walk_forward_validation,10,30,GAS|MSN|STB|VCB|SSB|CTG|VHM|MBB|HPG|FPT,0.5,0.43333333333333335,1.1538461538461537
2021-12-03,2021,walk_forward_validation,3,30,GAS|MSN|STB,0.6666666666666666,0.43333333333333335,1.5384615384615383
2021-12-03,2021,walk_forward_validation,5,30,GAS|MSN|STB|SSB|BVH,0.6,0.43333333333333335,1.3846153846153846
2021-12-03,2021,walk_forward_validation,10,30,GAS|MSN|STB|SSB|BVH|GVR|BCM|SSI|MBB|VHM,0.4,0.43333333333333335,0.9230769230769231
2022-01-04,2022,walk_forward_validation,3,30,SSB|PLX|GAS,0.6666666666666666,0.6,1.1111111111111112
2022-01-04,2022,walk_forward_validation,5,30,SSB|PLX|GAS|BID|MSN,0.6,0.6,1.0
2022-01-04,2022,walk_forward_validation,10,30,SSB|PLX|GAS|BID|MSN|CTG|STB|TPB|MBB|VHM,0.6,0.6,1.0
2022-01-05,2022,walk_forward_validation,3,30,GAS|PLX|SSB,0.6666666666666666,0.6,1.1111111111111112
2022-01-05,2022,walk_forward_validation,5,30,GAS|PLX|SSB|STB|VRE,0.8,0.6,1.3333333333333335
2022-01-05,2022,walk_forward_validation,10,30,GAS|PLX|SSB|STB|VRE|CTG|BID|GVR|TPB|SSI,0.6,0.6,1.0
2022-01-06,2022,walk_forward_validation,3,30,GAS|STB|SSB,0.6666666666666666,0.6333333333333333,1.0526315789473684
2022-01-06,2022,walk_forward_validation,5,30,GAS|STB|SSB|TPB|PLX,0.6,0.6333333333333333,0.9473684210526316
2022-01-06,2022,walk_forward_validation,10,30,GAS|STB|SSB|TPB|PLX|BID|VHM|GVR|VCB|CTG,0.6,0.6333333333333333,0.9473684210526316
2022-01-07,2022,walk_forward_validation,3,30,GAS|STB|PLX,1.0,0.7,1.4285714285714286
2022-01-07,2022,walk_forward_validation,5,30,GAS|STB|PLX|TPB|VHM,0.8,0.7,1.142857142857143
2022-01-07,2022,walk_forward_validation,10,30,GAS|STB|PLX|TPB|VHM|BID|VRE|GVR|VCB|SSB,0.7,0.7,1.0
2022-01-10,2022,walk_forward_validation,3,30,GAS|STB|BID,1.0,0.7333333333333333,1.3636363636363638
2022-01-10,2022,walk_forward_validation,5,30,GAS|STB|BID|POW|PLX,0.8,0.7333333333333333,1.090909090909091
2022-01-10,2022,walk_forward_validation,10,30,GAS|STB|BID|POW|PLX|TPB|VIB|VHM|VCB|GVR,0.7,0.7333333333333333,0.9545454545454546
2022-01-11,2022,walk_forward_validation,3,30,GAS|STB|BID,1.0,0.7666666666666667,1.3043478260869565
2022-01-11,2022,walk_forward_validation,5,30,GAS|STB|BID|POW|TPB,0.8,0.7666666666666667,1.0434782608695652
2022-01-11,2022,walk_forward_validation,10,30,GAS|STB|BID|POW|TPB|PLX|VCB|SSI|VHM|VIB,0.7,0.7666666666666667,0.9130434782608694
2022-01-12,2022,walk_forward_validation,3,30,GAS|POW|VCB,1.0,0.6,1.6666666666666667
2022-01-12,2022,walk_forward_validation,5,30,GAS|POW|VCB|TPB|MBB,0.8,0.6,1.3333333333333335
2022-01-12,2022,walk_forward_validation,10,30,GAS|POW|VCB|TPB|MBB|HDB|PLX|SSI|VIB|CTG,0.6,0.6,1.0
2022-01-13,2022,walk_forward_validation,3,30,GAS|TPB|VRE,0.6666666666666666,0.5333333333333333,1.25
2022-01-13,2022,walk_forward_validation,5,30,GAS|TPB|VRE|BCM|POW,0.8,0.5333333333333333,1.5
2022-01-13,2022,walk_forward_validation,10,30,GAS|TPB|VRE|BCM|POW|VCB|VIB|MBB|HDB|SHB,0.7,0.5333333333333333,1.3125
2022-01-14,2022,walk_forward_validation,3,30,BCM|GAS|TPB,0.6666666666666666,0.5666666666666667,1.1764705882352942
2022-01-14,2022,walk_forward_validation,5,30,BCM|GAS|TPB|VCB|POW,0.8,0.5666666666666667,1.411764705882353
2022-01-14,2022,walk_forward_validation,10,30,BCM|GAS|TPB|VCB|POW|MBB|PLX|SSB|VRE|SHB,0.6,0.5666666666666667,1.0588235294117647
2022-01-17,2022,walk_forward_validation,3,30,BCM|SSI|GAS,0.6666666666666666,0.5666666666666667,1.1764705882352942
2022-01-17,2022,walk_forward_validation,5,30,BCM|SSI|GAS|TPB|VRE,0.6,0.5666666666666667,1.0588235294117647
2022-01-17,2022,walk_forward_validation,10,30,BCM|SSI|GAS|TPB|VRE|POW|STB|PLX|SHB|GVR,0.6,0.5666666666666667,1.0588235294117647
2022-01-18,2022,walk_forward_validation,3,30,SSI|BCM|POW,1.0,0.7,1.4285714285714286
2022-01-18,2022,walk_forward_validation,5,30,SSI|BCM|POW|GVR|VRE,1.0,0.7,1.4285714285714286
2022-01-18,2022,walk_forward_validation,10,30,SSI|BCM|POW|GVR|VRE|GAS|TPB|MBB|PLX|VCB,0.9,0.7,1.2857142857142858
2022-01-19,2022,walk_forward_validation,3,30,BCM|SSI|POW,0.6666666666666666,0.6333333333333333,1.0526315789473684
2022-01-19,2022,walk_forward_validation,5,30,BCM|SSI|POW|VRE|TPB,0.8,0.6333333333333333,1.2631578947368423
2022-01-19,2022,walk_forward_validation,10,30,BCM|SSI|POW|VRE|TPB|GAS|GVR|MBB|STB|SHB,0.8,0.6333333333333333,1.2631578947368423
2022-01-20,2022,walk_forward_validation,3,30,BCM|POW|SSI,0.6666666666666666,0.6333333333333333,1.0526315789473684
2022-01-20,2022,walk_forward_validation,5,30,BCM|POW|SSI|GVR|TPB,0.8,0.6333333333333333,1.2631578947368423
2022-01-20,2022,walk_forward_validation,10,30,BCM|POW|SSI|GVR|TPB|VRE|GAS|MBB|VCB|SSB,0.6,0.6333333333333333,0.9473684210526316
2022-01-21,2022,walk_forward_validation,3,30,BCM|POW|SSI,1.0,0.7,1.4285714285714286
2022-01-21,2022,walk_forward_validation,5,30,BCM|POW|SSI|GVR|GAS,1.0,0.7,1.4285714285714286
2022-01-21,2022,walk_forward_validation,10,30,BCM|POW|SSI|GVR|GAS|VRE|TPB|PLX|SHB|SSB,0.9,0.7,1.2857142857142858
2022-01-24,2022,walk_forward_validation,3,30,SSI|GVR|POW,1.0,0.6333333333333333,1.5789473684210527
2022-01-24,2022,walk_forward_validation,5,30,SSI|GVR|POW|BCM|VRE,1.0,0.6333333333333333,1.5789473684210527
2022-01-24,2022,walk_forward_validation,10,30,SSI|GVR|POW|BCM|VRE|TPB|PLX|SHB|SSB|GAS,0.9,0.6333333333333333,1.4210526315789476
2022-01-25,2022,walk_forward_validation,3,30,SSI|GVR|POW,1.0,0.5333333333333333,1.875
2022-01-25,2022,walk_forward_validation,5,30,SSI|GVR|POW|VRE|TPB,0.8,0.5333333333333333,1.5
2022-01-25,2022,walk_forward_validation,10,30,SSI|GVR|POW|VRE|TPB|BCM|SSB|SHB|TCB|GAS,0.5,0.5333333333333333,0.9375
2022-01-26,2022,walk_forward_validation,3,30,POW|SSI|GVR,1.0,0.5,2.0
2022-01-26,2022,walk_forward_validation,5,30,POW|SSI|GVR|BCM|TPB,1.0,0.5,2.0
2022-01-26,2022,walk_forward_validation,10,30,POW|SSI|GVR|BCM|TPB|VRE|STB|PLX|SSB|HDB,0.6,0.5,1.2
2022-01-27,2022,walk_forward_validation,3,30,POW|SSI|GVR,1.0,0.5,2.0
2022-01-27,2022,walk_forward_validation,5,30,POW|SSI|GVR|BCM|VRE,0.8,0.5,1.6
2022-01-27,2022,walk_forward_validation,10,30,POW|SSI|GVR|BCM|VRE|PLX|TPB|VIB|SHB|GAS,0.7,0.5,1.4
2022-01-28,2022,walk_forward_validation,3,30,SSI|POW|GVR,1.0,0.43333333333333335,2.3076923076923075
2022-01-28,2022,walk_forward_validation,5,30,SSI|POW|GVR|TPB|STB,0.6,0.43333333333333335,1.3846153846153846
2022-01-28,2022,walk_forward_validation,10,30,SSI|POW|GVR|TPB|STB|VRE|BCM|VIB|TCB|PLX,0.4,0.43333333333333335,0.9230769230769231
2022-02-07,2022,walk_forward_validation,3,30,POW|SSI|STB,0.3333333333333333,0.4,0.8333333333333333
2022-02-07,2022,walk_forward_validation,5,30,POW|SSI|STB|TPB|TCB,0.2,0.4,0.5
2022-02-07,2022,walk_forward_validation,10,30,POW|SSI|STB|TPB|TCB|PLX|SHB|GVR|BCM|MBB,0.3,0.4,0.7499999999999999
2022-02-08,2022,walk_forward_validation,3,30,POW|SSI|TCB,0.3333333333333333,0.43333333333333335,0.7692307692307692
2022-02-08,2022,walk_forward_validation,5,30,POW|SSI|TCB|PLX|STB,0.4,0.43333333333333335,0.9230769230769231
2022-02-08,2022,walk_forward_validation,10,30,POW|SSI|TCB|PLX|STB|BCM|TPB|VRE|MBB|VIB,0.2,0.43333333333333335,0.46153846153846156
2022-02-09,2022,walk_forward_validation,3,30,VRE|POW|STB,0.0,0.36666666666666664,0.0
2022-02-09,2022,walk_forward_validation,5,30,VRE|POW|STB|PLX|SSI,0.4,0.36666666666666664,1.090909090909091
2022-02-09,2022,walk_forward_validation,10,30,VRE|POW|STB|PLX|SSI|BCM|TCB|VIB|GVR|TPB,0.3,0.36666666666666664,0.8181818181818182
2022-02-10,2022,walk_forward_validation,3,30,BCM|VRE|POW,0.0,0.36666666666666664,0.0
2022-02-10,2022,walk_forward_validation,5,30,BCM|VRE|POW|PLX|STB,0.2,0.36666666666666664,0.5454545454545455
2022-02-10,2022,walk_forward_validation,10,30,BCM|VRE|POW|PLX|STB|SSI|TCB|GVR|HDB|SHB,0.3,0.36666666666666664,0.8181818181818182
2022-02-11,2022,walk_forward_validation,3,30,BCM|POW|VRE,0.0,0.3333333333333333,0.0
2022-02-11,2022,walk_forward_validation,5,30,BCM|POW|VRE|STB|TCB,0.0,0.3333333333333333,0.0
2022-02-11,2022,walk_forward_validation,10,30,BCM|POW|VRE|STB|TCB|SSI|PLX|TPB|SHB|GVR,0.2,0.3333333333333333,0.6000000000000001
2022-02-14,2022,walk_forward_validation,3,30,POW|BCM|STB,0.3333333333333333,0.4,0.8333333333333333
2022-02-14,2022,walk_forward_validation,5,30,POW|BCM|STB|VRE|SHB,0.4,0.4,1.0
2022-02-14,2022,walk_forward_validation,10,30,POW|BCM|STB|VRE|SHB|SSI|TPB|PLX|GVR|VIB,0.4,0.4,1.0
2022-02-15,2022,walk_forward_validation,3,30,BCM|POW|VRE,0.0,0.36666666666666664,0.0
2022-02-15,2022,walk_forward_validation,5,30,BCM|POW|VRE|STB|GAS,0.2,0.36666666666666664,0.5454545454545455
2022-02-15,2022,walk_forward_validation,10,30,BCM|POW|VRE|STB|GAS|SHB|SSI|PLX|VIB|TPB,0.3,0.36666666666666664,0.8181818181818182
2022-02-16,2022,walk_forward_validation,3,30,BCM|POW|VRE,0.0,0.36666666666666664,0.0
2022-02-16,2022,walk_forward_validation,5,30,BCM|POW|VRE|STB|SHB,0.2,0.36666666666666664,0.5454545454545455
2022-02-16,2022,walk_forward_validation,10,30,BCM|POW|VRE|STB|SHB|PLX|SSI|GAS|BID|TPB,0.2,0.36666666666666664,0.5454545454545455
2022-02-17,2022,walk_forward_validation,3,30,BCM|POW|VRE,0.0,0.36666666666666664,0.0
2022-02-17,2022,walk_forward_validation,5,30,BCM|POW|VRE|STB|SHB,0.2,0.36666666666666664,0.5454545454545455
2022-02-17,2022,walk_forward_validation,10,30,BCM|POW|VRE|STB|SHB|GAS|PLX|BID|TPB|MBB,0.2,0.36666666666666664,0.5454545454545455
2022-02-18,2022,walk_forward_validation,3,30,BCM|POW|VRE,0.3333333333333333,0.4,0.8333333333333333
2022-02-18,2022,walk_forward_validation,5,30,BCM|POW|VRE|STB|TPB,0.4,0.4,1.0
2022-02-18,2022,walk_forward_validation,10,30,BCM|POW|VRE|STB|TPB|SHB|VIB|BVH|HPG|PLX,0.4,0.4,1.0
2022-02-21,2022,walk_forward_validation,3,30,POW|BCM|VRE,0.0,0.3,0.0
2022-02-21,2022,walk_forward_validation,5,30,POW|BCM|VRE|PLX|VIB,0.0,0.3,0.0
2022-02-21,2022,walk_forward_validation,10,30,POW|BCM|VRE|PLX|VIB|STB|TPB|MBB|GAS|SAB,0.1,0.3,0.33333333333333337
2022-02-22,2022,walk_forward_validation,3,30,POW|BCM|VRE,0.0,0.26666666666666666,0.0
2022-02-22,2022,walk_forward_validation,5,30,POW|BCM|VRE|TPB|MBB,0.0,0.26666666666666666,0.0
2022-02-22,2022,walk_forward_validation,10,30,POW|BCM|VRE|TPB|MBB|PLX|VIB|STB|SHB|GAS,0.1,0.26666666666666666,0.375
2022-02-23,2022,walk_forward_validation,3,30,BCM|VRE|TPB,0.0,0.23333333333333334,0.0
2022-02-23,2022,walk_forward_validation,5,30,BCM|VRE|TPB|POW|PLX,0.0,0.23333333333333334,0.0
2022-02-23,2022,walk_forward_validation,10,30,BCM|VRE|TPB|POW|PLX|MBB|VIB|GAS|BVH|SHB,0.1,0.23333333333333334,0.4285714285714286
2022-02-24,2022,walk_forward_validation,3,30,BCM|POW|VRE,0.0,0.23333333333333334,0.0
2022-02-24,2022,walk_forward_validation,5,30,BCM|POW|VRE|TPB|GAS,0.0,0.23333333333333334,0.0
2022-02-24,2022,walk_forward_validation,10,30,BCM|POW|VRE|TPB|GAS|VIB|PLX|VPB|STB|SHB,0.2,0.23333333333333334,0.8571428571428572
2022-02-25,2022,walk_forward_validation,3,30,BCM|POW|TPB,0.0,0.26666666666666666,0.0
2022-02-25,2022,walk_forward_validation,5,30,BCM|POW|TPB|VIB|VRE,0.0,0.26666666666666666,0.0
2022-02-25,2022,walk_forward_validation,10,30,BCM|POW|TPB|VIB|VRE|MBB|VPB|PLX|GAS|STB,0.1,0.26666666666666666,0.375
2022-02-28,2022,walk_forward_validation,3,30,POW|BCM|TPB,0.0,0.16666666666666666,0.0
2022-02-28,2022,walk_forward_validation,5,30,POW|BCM|TPB|VRE|VPB,0.0,0.16666666666666666,0.0
2022-02-28,2022,walk_forward_validation,10,30,POW|BCM|TPB|VRE|VPB|SSI|STB|GVR|BVH|PLX,0.0,0.16666666666666666,0.0
2022-03-01,2022,walk_forward_validation,3,30,POW|TPB|BCM,0.0,0.2,0.0
2022-03-01,2022,walk_forward_validation,5,30,POW|TPB|BCM|VRE|VPB,0.0,0.2,0.0
2022-03-01,2022,walk_forward_validation,10,30,POW|TPB|BCM|VRE|VPB|STB|SSI|VIB|HPG|GVR,0.0,0.2,0.0
2022-03-02,2022,walk_forward_validation,3,30,BCM|POW|VRE,0.0,0.4,0.0
2022-03-02,2022,walk_forward_validation,5,30,BCM|POW|VRE|TPB|STB,0.2,0.4,0.5
2022-03-02,2022,walk_forward_validation,10,30,BCM|POW|VRE|TPB|STB|GVR|VIB|SSI|HDB|HPG,0.3,0.4,0.7499999999999999
2022-03-03,2022,walk_forward_validation,3,30,BCM|POW|VRE,0.3333333333333333,0.5333333333333333,0.625
2022-03-03,2022,walk_forward_validation,5,30,BCM|POW|VRE|SSI|STB,0.4,0.5333333333333333,0.75
2022-03-03,2022,walk_forward_validation,10,30,BCM|POW|VRE|SSI|STB|VIB|PLX|VPB|TPB|GAS,0.4,0.5333333333333333,0.75
2022-03-04,2022,walk_forward_validation,3,30,BCM|VRE|SSI,0.3333333333333333,0.5666666666666667,0.5882352941176471
2022-03-04,2022,walk_forward_validation,5,30,BCM|VRE|SSI|POW|VPB,0.4,0.5666666666666667,0.7058823529411765
2022-03-04,2022,walk_forward_validation,10,30,BCM|VRE|SSI|POW|VPB|TPB|GVR|BVH|STB|FPT,0.5,0.5666666666666667,0.8823529411764706
2022-03-07,2022,walk_forward_validation,3,30,POW|BCM|VRE,0.3333333333333333,0.6,0.5555555555555556
2022-03-07,2022,walk_forward_validation,5,30,POW|BCM|VRE|SSI|TPB,0.4,0.6,0.6666666666666667
2022-03-07,2022,walk_forward_validation,10,30,POW|BCM|VRE|SSI|TPB|VPB|GVR|SHB|FPT|STB,0.6,0.6,1.0
2022-03-08,2022,walk_forward_validation,3,30,POW|SSI|GVR,0.0,0.4666666666666667,0.0
2022-03-08,2022,walk_forward_validation,5,30,POW|SSI|GVR|BCM|VRE,0.2,0.4666666666666667,0.4285714285714286
2022-03-08,2022,walk_forward_validation,10,30,POW|SSI|GVR|BCM|VRE|TPB|HPG|VPB|FPT|VIB,0.5,0.4666666666666667,1.0714285714285714
2022-03-09,2022,walk_forward_validation,3,30,POW|SSI|GVR,0.0,0.4666666666666667,0.0
2022-03-09,2022,walk_forward_validation,5,30,POW|SSI|GVR|TPB|BCM,0.4,0.4666666666666667,0.8571428571428572
2022-03-09,2022,walk_forward_validation,10,30,POW|SSI|GVR|TPB|BCM|HPG|VRE|VPB|FPT|SHB,0.5,0.4666666666666667,1.0714285714285714
2022-03-10,2022,walk_forward_validation,3,30,GVR|SSI|POW,0.3333333333333333,0.5,0.6666666666666666
2022-03-10,2022,walk_forward_validation,5,30,GVR|SSI|POW|HPG|TPB,0.4,0.5,0.8
2022-03-10,2022,walk_forward_validation,10,30,GVR|SSI|POW|HPG|TPB|BCM|VRE|VPB|FPT|SHB,0.5,0.5,1.0
2022-03-11,2022,walk_forward_validation,3,30,SSI|GVR|POW,0.0,0.4666666666666667,0.0
2022-03-11,2022,walk_forward_validation,5,30,SSI|GVR|POW|HPG|VRE,0.2,0.4666666666666667,0.4285714285714286
2022-03-11,2022,walk_forward_validation,10,30,SSI|GVR|POW|HPG|VRE|VPB|BCM|STB|TPB|SSB,0.4,0.4666666666666667,0.8571428571428572
2022-03-14,2022,walk_forward_validation,3,30,SHB|GVR|SSI,0.0,0.4666666666666667,0.0
2022-03-14,2022,walk_forward_validation,5,30,SHB|GVR|SSI|STB|VPB,0.2,0.4666666666666667,0.4285714285714286
2022-03-14,2022,walk_forward_validation,10,30,SHB|GVR|SSI|STB|VPB|HPG|POW|TPB|VRE|BCM,0.2,0.4666666666666667,0.4285714285714286
2022-03-15,2022,walk_forward_validation,3,30,TPB|SHB|VPB,0.3333333333333333,0.4666666666666667,0.7142857142857142
2022-03-15,2022,walk_forward_validation,5,30,TPB|SHB|VPB|GVR|POW,0.4,0.4666666666666667,0.8571428571428572
2022-03-15,2022,walk_forward_validation,10,30,TPB|SHB|VPB|GVR|POW|STB|SSI|HPG|VRE|BCM,0.3,0.4666666666666667,0.6428571428571428
2022-03-16,2022,walk_forward_validation,3,30,TPB|STB|GVR,0.3333333333333333,0.43333333333333335,0.7692307692307692
2022-03-16,2022,walk_forward_validation,5,30,TPB|STB|GVR|VPB|SHB,0.4,0.43333333333333335,0.9230769230769231
2022-03-16,2022,walk_forward_validation,10,30,TPB|STB|GVR|VPB|SHB|POW|SSI|HPG|SSB|BCM,0.4,0.43333333333333335,0.9230769230769231
2022-03-17,2022,walk_forward_validation,3,30,SHB|GVR|TPB,0.3333333333333333,0.43333333333333335,0.7692307692307692
2022-03-17,2022,walk_forward_validation,5,30,SHB|GVR|TPB|VPB|STB,0.4,0.43333333333333335,0.9230769230769231
2022-03-17,2022,walk_forward_validation,10,30,SHB|GVR|TPB|VPB|STB|POW|SSI|HPG|BCM|SSB,0.4,0.43333333333333335,0.9230769230769231
2022-03-18,2022,walk_forward_validation,3,30,STB|VRE|GVR,0.3333333333333333,0.43333333333333335,0.7692307692307692
2022-03-18,2022,walk_forward_validation,5,30,STB|VRE|GVR|POW|SHB,0.2,0.43333333333333335,0.46153846153846156
2022-03-18,2022,walk_forward_validation,10,30,STB|VRE|GVR|POW|SHB|VPB|BCM|HPG|FPT|TPB,0.4,0.43333333333333335,0.9230769230769231
2022-03-21,2022,walk_forward_validation,3,30,SHB|STB|VRE,0.0,0.5,0.0
2022-03-21,2022,walk_forward_validation,5,30,SHB|STB|VRE|GVR|TPB,0.2,0.5,0.4
2022-03-21,2022,walk_forward_validation,10,30,SHB|STB|VRE|GVR|TPB|VPB|FPT|SSB|BVH|VHM,0.5,0.5,1.0
2022-03-22,2022,walk_forward_validation,3,30,STB|SHB|TPB,0.0,0.5666666666666667,0.0
2022-03-22,2022,walk_forward_validation,5,30,STB|SHB|TPB|GVR|VHM,0.2,0.5666666666666667,0.35294117647058826
2022-03-22,2022,walk_forward_validation,10,30,STB|SHB|TPB|GVR|VHM|FPT|SSB|VPB|VRE|BVH,0.6,0.5666666666666667,1.0588235294117647
2022-03-23,2022,walk_forward_validation,3,30,STB|GVR|SHB,0.0,0.6,0.0
2022-03-23,2022,walk_forward_validation,5,30,STB|GVR|SHB|FPT|SSB,0.4,0.6,0.6666666666666667
2022-03-23,2022,walk_forward_validation,10,30,STB|GVR|SHB|FPT|SSB|VHM|BVH|POW|VPB|TPB,0.4,0.6,0.6666666666666667
2022-03-24,2022,walk_forward_validation,3,30,STB|GVR|SHB,0.0,0.6,0.0
2022-03-24,2022,walk_forward_validation,5,30,STB|GVR|SHB|TPB|SSB,0.2,0.6,0.33333333333333337
2022-03-24,2022,walk_forward_validation,10,30,STB|GVR|SHB|TPB|SSB|POW|FPT|VPB|VRE|BVH,0.5,0.6,0.8333333333333334
2022-03-25,2022,walk_forward_validation,3,30,STB|GVR|MWG,0.3333333333333333,0.6,0.5555555555555556
2022-03-25,2022,walk_forward_validation,5,30,STB|GVR|MWG|SHB|VRE,0.4,0.6,0.6666666666666667
2022-03-25,2022,walk_forward_validation,10,30,STB|GVR|MWG|SHB|VRE|SSB|FPT|TPB|VPB|POW,0.5,0.6,0.8333333333333334
2022-03-28,2022,walk_forward_validation,3,30,GVR|POW|MWG,0.3333333333333333,0.5666666666666667,0.5882352941176471
2022-03-28,2022,walk_forward_validation,5,30,GVR|POW|MWG|VRE|STB,0.4,0.5666666666666667,0.7058823529411765
2022-03-28,2022,walk_forward_validation,10,30,GVR|POW|MWG|VRE|STB|SHB|FPT|BVH|VPB|TPB,0.5,0.5666666666666667,0.8823529411764706
2022-03-29,2022,walk_forward_validation,3,30,GVR|VRE|BVH,0.6666666666666666,0.6,1.1111111111111112
2022-03-29,2022,walk_forward_validation,5,30,GVR|VRE|BVH|VHM|MWG,0.6,0.6,1.0
2022-03-29,2022,walk_forward_validation,10,30,GVR|VRE|BVH|VHM|MWG|STB|SHB|POW|TPB|VPB,0.4,0.6,0.6666666666666667
2022-03-30,2022,walk_forward_validation,3,30,BVH|VIB|SHB,0.3333333333333333,0.5333333333333333,0.625
2022-03-30,2022,walk_forward_validation,5,30,BVH|VIB|SHB|POW|MWG,0.4,0.5333333333333333,0.75
2022-03-30,2022,walk_forward_validation,10,30,BVH|VIB|SHB|POW|MWG|VPB|TPB|HDB|STB|VRE,0.4,0.5333333333333333,0.75
2022-03-31,2022,walk_forward_validation,3,30,VRE|VIB|BVH,0.6666666666666666,0.5333333333333333,1.25
2022-03-31,2022,walk_forward_validation,5,30,VRE|VIB|BVH|POW|MWG,0.6,0.5333333333333333,1.125
2022-03-31,2022,walk_forward_validation,10,30,VRE|VIB|BVH|POW|MWG|TPB|GVR|HDB|VPB|BCM,0.5,0.5333333333333333,0.9375
2022-04-01,2022,walk_forward_validation,3,30,VPB|VIB|TPB,0.3333333333333333,0.4666666666666667,0.7142857142857142
2022-04-01,2022,walk_forward_validation,5,30,VPB|VIB|TPB|HDB|BVH,0.4,0.4666666666666667,0.8571428571428572
2022-04-01,2022,walk_forward_validation,10,30,VPB|VIB|TPB|HDB|BVH|VRE|POW|SHB|GVR|SSI,0.2,0.4666666666666667,0.4285714285714286
2022-04-04,2022,walk_forward_validation,3,30,VRE|TPB|VPB,0.3333333333333333,0.5,0.6666666666666666
2022-04-04,2022,walk_forward_validation,5,30,VRE|TPB|VPB|BVH|VIB,0.4,0.5,0.8
2022-04-04,2022,walk_forward_validation,10,30,VRE|TPB|VPB|BVH|VIB|GVR|SSI|POW|HDB|MWG,0.3,0.5,0.6
2022-04-05,2022,walk_forward_validation,3,30,TPB|BVH|VRE,0.6666666666666666,0.5333333333333333,1.25
2022-04-05,2022,walk_forward_validation,5,30,TPB|BVH|VRE|GVR|VPB,0.6,0.5333333333333333,1.125
2022-04-05,2022,walk_forward_validation,10,30,TPB|BVH|VRE|GVR|VPB|POW|SSI|VIB|MWG|HDB,0.4,0.5333333333333333,0.75
2022-04-06,2022,walk_forward_validation,3,30,GVR|VRE|VPB,0.3333333333333333,0.5,0.6666666666666666
2022-04-06,2022,walk_forward_validation,5,30,GVR|VRE|VPB|TPB|VIB,0.2,0.5,0.4
2022-04-06,2022,walk_forward_validation,10,30,GVR|VRE|VPB|TPB|VIB|BVH|BCM|HDB|SSI|HPG,0.4,0.5,0.8
2022-04-07,2022,walk_forward_validation,3,30,GVR|VPB|TPB,0.0,0.5,0.0
2022-04-07,2022,walk_forward_validation,5,30,GVR|VPB|TPB|VRE|BVH,0.2,0.5,0.4
2022-04-07,2022,walk_forward_validation,10,30,GVR|VPB|TPB|VRE|BVH|POW|HDB|VIB|MBB|SSI,0.1,0.5,0.2
2022-04-08,2022,walk_forward_validation,3,30,VPB|GVR|TPB,0.0,0.5,0.0
2022-04-08,2022,walk_forward_validation,5,30,VPB|GVR|TPB|BCM|POW,0.2,0.5,0.4
2022-04-08,2022,walk_forward_validation,10,30,VPB|GVR|TPB|BCM|POW|BVH|MSN|VRE|HDB|MBB,0.4,0.5,0.8
2022-04-12,2022,walk_forward_validation,3,30,VPB|BCM|GVR,0.3333333333333333,0.4666666666666667,0.7142857142857142
2022-04-12,2022,walk_forward_validation,5,30,VPB|BCM|GVR|POW|MSN,0.2,0.4666666666666667,0.4285714285714286
2022-04-12,2022,walk_forward_validation,10,30,VPB|BCM|GVR|POW|MSN|HDB|HPG|BVH|VRE|VIB,0.3,0.4666666666666667,0.6428571428571428
2022-04-13,2022,walk_forward_validation,3,30,BCM|VPB|GVR,0.3333333333333333,0.43333333333333335,0.7692307692307692
2022-04-13,2022,walk_forward_validation,5,30,BCM|VPB|GVR|TPB|MSN,0.2,0.43333333333333335,0.46153846153846156
2022-04-13,2022,walk_forward_validation,10,30,BCM|VPB|GVR|TPB|MSN|VRE|SSI|HDB|POW|VIB,0.1,0.43333333333333335,0.23076923076923078
2022-04-14,2022,walk_forward_validation,3,30,GVR|BCM|VPB,0.3333333333333333,0.4666666666666667,0.7142857142857142
2022-04-14,2022,walk_forward_validation,5,30,GVR|BCM|VPB|MSN|VRE,0.4,0.4666666666666667,0.8571428571428572
2022-04-14,2022,walk_forward_validation,10,30,GVR|BCM|VPB|MSN|VRE|TPB|BVH|POW|SSI|VIB,0.2,0.4666666666666667,0.4285714285714286
2022-04-15,2022,walk_forward_validation,3,30,GVR|BCM|POW,0.6666666666666666,0.6,1.1111111111111112
2022-04-15,2022,walk_forward_validation,5,30,GVR|BCM|POW|VRE|VPB,0.6,0.6,1.0
2022-04-15,2022,walk_forward_validation,10,30,GVR|BCM|POW|VRE|VPB|TPB|SSI|MSN|HPG|VIB,0.5,0.6,0.8333333333333334
2022-04-18,2022,walk_forward_validation,3,30,BCM|GVR|SSI,0.3333333333333333,0.5666666666666667,0.5882352941176471
2022-04-18,2022,walk_forward_validation,5,30,BCM|GVR|SSI|VRE|POW,0.6,0.5666666666666667,1.0588235294117647
2022-04-18,2022,walk_forward_validation,10,30,BCM|GVR|SSI|VRE|POW|TPB|VPB|HPG|MSN|BID,0.5,0.5666666666666667,0.8823529411764706
2022-04-19,2022,walk_forward_validation,3,30,SSI|POW|GVR,0.3333333333333333,0.5333333333333333,0.625
2022-04-19,2022,walk_forward_validation,5,30,SSI|POW|GVR|BCM|MSN,0.6,0.5333333333333333,1.125
2022-04-19,2022,walk_forward_validation,10,30,SSI|POW|GVR|BCM|MSN|SHB|TPB|VRE|STB|HPG,0.4,0.5333333333333333,0.75
2022-04-20,2022,walk_forward_validation,3,30,POW|GVR|SSI,0.3333333333333333,0.4666666666666667,0.7142857142857142
2022-04-20,2022,walk_forward_validation,5,30,POW|GVR|SSI|SHB|MSN,0.2,0.4666666666666667,0.4285714285714286
2022-04-20,2022,walk_forward_validation,10,30,POW|GVR|SSI|SHB|MSN|BCM|TPB|VRE|STB|VPB,0.2,0.4666666666666667,0.4285714285714286
2022-04-21,2022,walk_forward_validation,3,30,SHB|GVR|POW,0.6666666666666666,0.43333333333333335,1.5384615384615383
2022-04-21,2022,walk_forward_validation,5,30,SHB|GVR|POW|MSN|SSI,0.4,0.43333333333333335,0.9230769230769231
2022-04-21,2022,walk_forward_validation,10,30,SHB|GVR|POW|MSN|SSI|BCM|TPB|VPB|VRE|STB,0.4,0.43333333333333335,0.9230769230769231
2022-04-22,2022,walk_forward_validation,3,30,GVR|SHB|POW,0.3333333333333333,0.43333333333333335,0.7692307692307692
2022-04-22,2022,walk_forward_validation,5,30,GVR|SHB|POW|MSN|SSI,0.2,0.43333333333333335,0.46153846153846156
2022-04-22,2022,walk_forward_validation,10,30,GVR|SHB|POW|MSN|SSI|VPB|BCM|STB|TPB|VRE,0.3,0.43333333333333335,0.6923076923076923
2022-04-25,2022,walk_forward_validation,3,30,GVR|SHB|POW,0.6666666666666666,0.5,1.3333333333333333
2022-04-25,2022,walk_forward_validation,5,30,GVR|SHB|POW|SSI|STB,0.4,0.5,0.8
2022-04-25,2022,walk_forward_validation,10,30,GVR|SHB|POW|SSI|STB|MSN|GAS|VPB|VRE|BVH,0.4,0.5,0.8
2022-04-26,2022,walk_forward_validation,3,30,SHB|GVR|POW,0.6666666666666666,0.4666666666666667,1.4285714285714284
2022-04-26,2022,walk_forward_validation,5,30,SHB|GVR|POW|VRE|SSI,0.6,0.4666666666666667,1.2857142857142856
2022-04-26,2022,walk_forward_validation,10,30,SHB|GVR|POW|VRE|SSI|VPB|GAS|BVH|MSN|STB,0.4,0.4666666666666667,0.8571428571428572
2022-04-27,2022,walk_forward_validation,3,30,SHB|GVR|BVH,0.0,0.43333333333333335,0.0
2022-04-27,2022,walk_forward_validation,5,30,SHB|GVR|BVH|POW|VRE,0.4,0.43333333333333335,0.9230769230769231
2022-04-27,2022,walk_forward_validation,10,30,SHB|GVR|BVH|POW|VRE|SSI|MWG|VPB|GAS|STB,0.4,0.43333333333333335,0.9230769230769231
2022-04-28,2022,walk_forward_validation,3,30,SHB|GVR|SSI,0.0,0.4666666666666667,0.0
2022-04-28,2022,walk_forward_validation,5,30,SHB|GVR|SSI|VPB|BVH,0.0,0.4666666666666667,0.0
2022-04-28,2022,walk_forward_validation,10,30,SHB|GVR|SSI|VPB|BVH|POW|VRE|FPT|HDB|STB,0.4,0.4666666666666667,0.8571428571428572
2022-04-29,2022,walk_forward_validation,3,30,SHB|VPB|BVH,0.0,0.5666666666666667,0.0
2022-04-29,2022,walk_forward_validation,5,30,SHB|VPB|BVH|GVR|SSI,0.0,0.5666666666666667,0.0
2022-04-29,2022,walk_forward_validation,10,30,SHB|VPB|BVH|GVR|SSI|VRE|ACB|VIB|MWG|POW,0.4,0.5666666666666667,0.7058823529411765
2022-05-04,2022,walk_forward_validation,3,30,SSI|BVH|GVR,0.0,0.5,0.0
2022-05-04,2022,walk_forward_validation,5,30,SSI|BVH|GVR|VPB|MWG,0.2,0.5,0.4
2022-05-04,2022,walk_forward_validation,10,30,SSI|BVH|GVR|VPB|MWG|SHB|VRE|VIB|GAS|HDB,0.4,0.5,0.8
2022-05-05,2022,walk_forward_validation,3,30,SSI|GVR|BVH,0.0,0.4666666666666667,0.0
2022-05-05,2022,walk_forward_validation,5,30,SSI|GVR|BVH|VRE|MWG,0.4,0.4666666666666667,0.8571428571428572
2022-05-05,2022,walk_forward_validation,10,30,SSI|GVR|BVH|VRE|MWG|VPB|VIB|SHB|GAS|BID,0.3,0.4666666666666667,0.6428571428571428
2022-05-06,2022,walk_forward_validation,3,30,SSI|GVR|SHB,0.3333333333333333,0.5,0.6666666666666666
2022-05-06,2022,walk_forward_validation,5,30,SSI|GVR|SHB|BVH|VRE,0.4,0.5,0.8
2022-05-06,2022,walk_forward_validation,10,30,SSI|GVR|SHB|BVH|VRE|STB|VPB|VIB|MSN|GAS,0.3,0.5,0.6
2022-05-09,2022,walk_forward_validation,3,30,SSI|GVR|SHB,0.3333333333333333,0.5,0.6666666666666666
2022-05-09,2022,walk_forward_validation,5,30,SSI|GVR|SHB|STB|VPB,0.2,0.5,0.4
2022-05-09,2022,walk_forward_validation,10,30,SSI|GVR|SHB|STB|VPB|BID|POW|BVH|HDB|VIB,0.3,0.5,0.6
2022-05-10,2022,walk_forward_validation,3,30,SSI|GVR|SHB,0.6666666666666666,0.5,1.3333333333333333
2022-05-10,2022,walk_forward_validation,5,30,SSI|GVR|SHB|STB|VPB,0.4,0.5,0.8
2022-05-10,2022,walk_forward_validation,10,30,SSI|GVR|SHB|STB|VPB|HDB|VIB|TPB|TCB|MBB,0.3,0.5,0.6
2022-05-11,2022,walk_forward_validation,3,30,SSI|GVR|SHB,0.6666666666666666,0.4666666666666667,1.4285714285714284
2022-05-11,2022,walk_forward_validation,5,30,SSI|GVR|SHB|STB|VPB,0.4,0.4666666666666667,0.8571428571428572
2022-05-11,2022,walk_forward_validation,10,30,SSI|GVR|SHB|STB|VPB|BVH|MWG|POW|PLX|HDB,0.6,0.4666666666666667,1.2857142857142856
2022-05-12,2022,walk_forward_validation,3,30,SSI|GVR|SHB,1.0,0.4666666666666667,2.142857142857143
2022-05-12,2022,walk_forward_validation,5,30,SSI|GVR|SHB|STB|VPB,0.6,0.4666666666666667,1.2857142857142856
2022-05-12,2022,walk_forward_validation,10,30,SSI|GVR|SHB|STB|VPB|PLX|BID|POW|BVH|VIB,0.5,0.4666666666666667,1.0714285714285714
2022-05-13,2022,walk_forward_validation,3,30,GVR|SHB|SSI,0.6666666666666666,0.4666666666666667,1.4285714285714284
2022-05-13,2022,walk_forward_validation,5,30,GVR|SHB|SSI|STB|POW,0.6,0.4666666666666667,1.2857142857142856
2022-05-13,2022,walk_forward_validation,10,30,GVR|SHB|SSI|STB|POW|BVH|VIB|TCB|VPB|BID,0.4,0.4666666666666667,0.8571428571428572
2022-05-16,2022,walk_forward_validation,3,30,STB|SHB|GVR,1.0,0.43333333333333335,2.3076923076923075
2022-05-16,2022,walk_forward_validation,5,30,STB|SHB|GVR|SSI|TCB,0.8,0.43333333333333335,1.8461538461538463
2022-05-16,2022,walk_forward_validation,10,30,STB|SHB|GVR|SSI|TCB|MSN|BVH|VPB|POW|VIB,0.6,0.43333333333333335,1.3846153846153846
2022-05-17,2022,walk_forward_validation,3,30,STB|GVR|SHB,1.0,0.5333333333333333,1.875
2022-05-17,2022,walk_forward_validation,5,30,STB|GVR|SHB|BVH|MSN,1.0,0.5333333333333333,1.875
2022-05-17,2022,walk_forward_validation,10,30,STB|GVR|SHB|BVH|MSN|TCB|SSI|BCM|TPB|VPB,0.6,0.5333333333333333,1.125
2022-05-18,2022,walk_forward_validation,3,30,GVR|STB|SHB,0.3333333333333333,0.5333333333333333,0.625
2022-05-18,2022,walk_forward_validation,5,30,GVR|STB|SHB|BVH|HDB,0.6,0.5333333333333333,1.125
2022-05-18,2022,walk_forward_validation,10,30,GVR|STB|SHB|BVH|HDB|SSI|BCM|BID|FPT|VPB,0.4,0.5333333333333333,0.75
2022-05-19,2022,walk_forward_validation,3,30,GVR|STB|BCM,0.3333333333333333,0.5333333333333333,0.625
2022-05-19,2022,walk_forward_validation,5,30,GVR|STB|BCM|BVH|GAS,0.6,0.5333333333333333,1.125
2022-05-19,2022,walk_forward_validation,10,30,GVR|STB|BCM|BVH|GAS|VIB|HDB|SHB|TCB|MBB,0.5,0.5333333333333333,0.9375
2022-05-20,2022,walk_forward_validation,3,30,GVR|STB|BCM,0.0,0.5333333333333333,0.0
2022-05-20,2022,walk_forward_validation,5,30,GVR|STB|BCM|MBB|BVH,0.2,0.5333333333333333,0.375
2022-05-20,2022,walk_forward_validation,10,30,GVR|STB|BCM|MBB|BVH|HDB|BID|GAS|CTG|FPT,0.4,0.5333333333333333,0.75
2022-05-23,2022,walk_forward_validation,3,30,STB|SSI|GVR,0.0,0.5666666666666667,0.0
2022-05-23,2022,walk_forward_validation,5,30,STB|SSI|GVR|VPB|MBB,0.0,0.5666666666666667,0.0
2022-05-23,2022,walk_forward_validation,10,30,STB|SSI|GVR|VPB|MBB|BID|TPB|CTG|BVH|BCM,0.1,0.5666666666666667,0.17647058823529413
2022-05-24,2022,walk_forward_validation,3,30,STB|GAS|VPB,0.3333333333333333,0.5666666666666667,0.5882352941176471
2022-05-24,2022,walk_forward_validation,5,30,STB|GAS|VPB|GVR|VRE,0.4,0.5666666666666667,0.7058823529411765
2022-05-24,2022,walk_forward_validation,10,30,STB|GAS|VPB|GVR|VRE|MBB|FPT|CTG|HDB|SSI,0.4,0.5666666666666667,0.7058823529411765
2022-05-25,2022,walk_forward_validation,3,30,GAS|FPT|STB,0.6666666666666666,0.5666666666666667,1.1764705882352942
2022-05-25,2022,walk_forward_validation,5,30,GAS|FPT|STB|MBB|BCM,0.4,0.5666666666666667,0.7058823529411765
2022-05-25,2022,walk_forward_validation,10,30,GAS|FPT|STB|MBB|BCM|ACB|CTG|VRE|MWG|BID,0.5,0.5666666666666667,0.8823529411764706
2022-05-26,2022,walk_forward_validation,3,30,GAS|STB|FPT,1.0,0.6333333333333333,1.5789473684210527
2022-05-26,2022,walk_forward_validation,5,30,GAS|STB|FPT|MBB|VRE,0.8,0.6333333333333333,1.2631578947368423
2022-05-26,2022,walk_forward_validation,10,30,GAS|STB|FPT|MBB|VRE|BCM|ACB|BID|HDB|POW,0.6,0.6333333333333333,0.9473684210526316
2022-05-27,2022,walk_forward_validation,3,30,STB|MWG|GAS,1.0,0.6,1.6666666666666667
2022-05-27,2022,walk_forward_validation,5,30,STB|MWG|GAS|MBB|HDB,0.6,0.6,1.0
2022-05-27,2022,walk_forward_validation,10,30,STB|MWG|GAS|MBB|HDB|BCM|VRE|BID|VPB|ACB,0.5,0.6,0.8333333333333334
2022-05-30,2022,walk_forward_validation,3,30,GAS|MWG|FPT,1.0,0.6,1.6666666666666667
2022-05-30,2022,walk_forward_validation,5,30,GAS|MWG|FPT|HDB|ACB,0.8,0.6,1.3333333333333335
2022-05-30,2022,walk_forward_validation,10,30,GAS|MWG|FPT|HDB|ACB|MBB|VRE|STB|VPB|BID,0.6,0.6,1.0
2022-05-31,2022,walk_forward_validation,3,30,BCM|STB|VRE,0.6666666666666666,0.6666666666666666,1.0
2022-05-31,2022,walk_forward_validation,5,30,BCM|STB|VRE|BVH|MWG,0.8,0.6666666666666666,1.2000000000000002
2022-05-31,2022,walk_forward_validation,10,30,BCM|STB|VRE|BVH|MWG|HDB|VPB|FPT|POW|MSN,0.8,0.6666666666666666,1.2000000000000002
2022-06-01,2022,walk_forward_validation,3,30,HDB|VRE|STB,0.6666666666666666,0.6333333333333333,1.0526315789473684
2022-06-01,2022,walk_forward_validation,5,30,HDB|VRE|STB|MWG|POW,0.8,0.6333333333333333,1.2631578947368423
2022-06-01,2022,walk_forward_validation,10,30,HDB|VRE|STB|MWG|POW|BVH|VPB|BCM|FPT|MSN,0.8,0.6333333333333333,1.2631578947368423
2022-06-02,2022,walk_forward_validation,3,30,STB|MWG|VRE,1.0,0.6333333333333333,1.5789473684210527
2022-06-02,2022,walk_forward_validation,5,30,STB|MWG|VRE|HDB|ACB,0.8,0.6333333333333333,1.2631578947368423
2022-06-02,2022,walk_forward_validation,10,30,STB|MWG|VRE|HDB|ACB|GAS|FPT|VPB|BVH|MBB,0.8,0.6333333333333333,1.2631578947368423
2022-06-03,2022,walk_forward_validation,3,30,MWG|STB|ACB,0.6666666666666666,0.6333333333333333,1.0526315789473684
2022-06-03,2022,walk_forward_validation,5,30,MWG|STB|ACB|HDB|VRE,0.8,0.6333333333333333,1.2631578947368423
2022-06-03,2022,walk_forward_validation,10,30,MWG|STB|ACB|HDB|VRE|BVH|POW|MBB|CTG|VHM,0.7,0.6333333333333333,1.1052631578947367
2022-06-06,2022,walk_forward_validation,3,30,STB|POW|MWG,0.6666666666666666,0.6333333333333333,1.0526315789473684
2022-06-06,2022,walk_forward_validation,5,30,STB|POW|MWG|VRE|ACB,0.8,0.6333333333333333,1.2631578947368423
2022-06-06,2022,walk_forward_validation,10,30,STB|POW|MWG|VRE|ACB|MBB|HDB|BVH|VHM|CTG,0.7,0.6333333333333333,1.1052631578947367
2022-06-07,2022,walk_forward_validation,3,30,STB|MWG|MSN,0.3333333333333333,0.6,0.5555555555555556
2022-06-07,2022,walk_forward_validation,5,30,STB|MWG|MSN|BID|VRE,0.6,0.6,1.0
2022-06-07,2022,walk_forward_validation,10,30,STB|MWG|MSN|BID|VRE|HDB|ACB|SHB|VPB|TPB,0.8,0.6,1.3333333333333335
2022-06-08,2022,walk_forward_validation,3,30,MWG|HDB|FPT,0.6666666666666666,0.6,1.1111111111111112
2022-06-08,2022,walk_forward_validation,5,30,MWG|HDB|FPT|VRE|CTG,0.6,0.6,1.0
2022-06-08,2022,walk_forward_validation,10,30,MWG|HDB|FPT|VRE|CTG|BCM|ACB|MBB|VPB|MSN,0.6,0.6,1.0
2022-06-09,2022,walk_forward_validation,3,30,MWG|VRE|HDB,0.3333333333333333,0.6333333333333333,0.5263157894736842
2022-06-09,2022,walk_forward_validation,5,30,MWG|VRE|HDB|ACB|VPB,0.6,0.6333333333333333,0.9473684210526316
2022-06-09,2022,walk_forward_validation,10,30,MWG|VRE|HDB|ACB|VPB|FPT|MBB|CTG|BID|GAS,0.6,0.6333333333333333,0.9473684210526316
2022-06-10,2022,walk_forward_validation,3,30,MWG|FPT|GAS,0.3333333333333333,0.5666666666666667,0.5882352941176471
2022-06-10,2022,walk_forward_validation,5,30,MWG|FPT|GAS|HDB|VPB,0.6,0.5666666666666667,1.0588235294117647
2022-06-10,2022,walk_forward_validation,10,30,MWG|FPT|GAS|HDB|VPB|STB|VRE|SSI|ACB|BCM,0.5,0.5666666666666667,0.8823529411764706
2022-06-13,2022,walk_forward_validation,3,30,TPB|GVR|FPT,0.3333333333333333,0.5666666666666667,0.5882352941176471
2022-06-13,2022,walk_forward_validation,5,30,TPB|GVR|FPT|MWG|SSI,0.2,0.5666666666666667,0.35294117647058826
2022-06-13,2022,walk_forward_validation,10,30,TPB|GVR|FPT|MWG|SSI|MBB|VPB|VRE|BVH|SHB,0.5,0.5666666666666667,0.8823529411764706
2022-06-14,2022,walk_forward_validation,3,30,SSI|TPB|VIB,0.6666666666666666,0.5666666666666667,1.1764705882352942
2022-06-14,2022,walk_forward_validation,5,30,SSI|TPB|VIB|HPG|MWG,0.6,0.5666666666666667,1.0588235294117647
2022-06-14,2022,walk_forward_validation,10,30,SSI|TPB|VIB|HPG|MWG|FPT|HDB|GVR|VRE|VPB,0.4,0.5666666666666667,0.7058823529411765
2022-06-15,2022,walk_forward_validation,3,30,SSI|VIB|GVR,1.0,0.6,1.6666666666666667
2022-06-15,2022,walk_forward_validation,5,30,SSI|VIB|GVR|TPB|HPG,1.0,0.6,1.6666666666666667
2022-06-15,2022,walk_forward_validation,10,30,SSI|VIB|GVR|TPB|HPG|HDB|SHB|STB|MSN|VPB,0.7,0.6,1.1666666666666667
2022-06-16,2022,walk_forward_validation,3,30,SSI|GVR|VRE,0.6666666666666666,0.5666666666666667,1.1764705882352942
2022-06-16,2022,walk_forward_validation,5,30,SSI|GVR|VRE|VIB|BVH,0.8,0.5666666666666667,1.411764705882353
2022-06-16,2022,walk_forward_validation,10,30,SSI|GVR|VRE|VIB|BVH|STB|TPB|HDB|MSN|HPG,0.6,0.5666666666666667,1.0588235294117647
2022-06-17,2022,walk_forward_validation,3,30,SSI|VIB|TPB,1.0,0.6,1.6666666666666667
2022-06-17,2022,walk_forward_validation,5,30,SSI|VIB|TPB|SHB|GVR,1.0,0.6,1.6666666666666667
2022-06-17,2022,walk_forward_validation,10,30,SSI|VIB|TPB|SHB|GVR|MBB|STB|VPB|HPG|BID,1.0,0.6,1.6666666666666667
2022-06-20,2022,walk_forward_validation,3,30,SSI|VIB|STB,1.0,0.6,1.6666666666666667
2022-06-20,2022,walk_forward_validation,5,30,SSI|VIB|STB|GVR|HPG,1.0,0.6,1.6666666666666667
2022-06-20,2022,walk_forward_validation,10,30,SSI|VIB|STB|GVR|HPG|TPB|MBB|VPB|SHB|BID,1.0,0.6,1.6666666666666667
2022-06-21,2022,walk_forward_validation,3,30,SSI|VIB|GVR,1.0,0.6,1.6666666666666667
2022-06-21,2022,walk_forward_validation,5,30,SSI|VIB|GVR|HPG|STB,1.0,0.6,1.6666666666666667
2022-06-21,2022,walk_forward_validation,10,30,SSI|VIB|GVR|HPG|STB|SHB|POW|VPB|MBB|BID,0.9,0.6,1.5
2022-06-22,2022,walk_forward_validation,3,30,SSI|VIB|MWG,0.6666666666666666,0.6,1.1111111111111112
2022-06-22,2022,walk_forward_validation,5,30,SSI|VIB|MWG|POW|GVR,0.8,0.6,1.3333333333333335
2022-06-22,2022,walk_forward_validation,10,30,SSI|VIB|MWG|POW|GVR|STB|GAS|MBB|VPB|FPT,0.6,0.6,1.0
2022-06-23,2022,walk_forward_validation,3,30,SSI|VIB|MWG,0.6666666666666666,0.6,1.1111111111111112
2022-06-23,2022,walk_forward_validation,5,30,SSI|VIB|MWG|STB|POW,0.6,0.6,1.0
2022-06-23,2022,walk_forward_validation,10,30,SSI|VIB|MWG|STB|POW|BVH|GVR|TCB|MBB|FPT,0.7,0.6,1.1666666666666667
2022-06-24,2022,walk_forward_validation,3,30,SSI|VIB|POW,0.6666666666666666,0.6333333333333333,1.0526315789473684
2022-06-24,2022,walk_forward_validation,5,30,SSI|VIB|POW|MWG|STB,0.6,0.6333333333333333,0.9473684210526316
2022-06-24,2022,walk_forward_validation,10,30,SSI|VIB|POW|MWG|STB|GAS|GVR|BVH|MSN|TCB,0.6,0.6333333333333333,0.9473684210526316
2022-06-27,2022,walk_forward_validation,3,30,SSI|VIB|MWG,0.6666666666666666,0.5666666666666667,1.1764705882352942
2022-06-27,2022,walk_forward_validation,5,30,SSI|VIB|MWG|POW|STB,0.6,0.5666666666666667,1.0588235294117647
2022-06-27,2022,walk_forward_validation,10,30,SSI|VIB|MWG|POW|STB|BVH|MSN|VRE|GAS|TCB,0.5,0.5666666666666667,0.8823529411764706
2022-06-28,2022,walk_forward_validation,3,30,SSI|MWG|POW,0.3333333333333333,0.5,0.6666666666666666
2022-06-28,2022,walk_forward_validation,5,30,SSI|MWG|POW|FPT|MSN,0.2,0.5,0.4
2022-06-28,2022,walk_forward_validation,10,30,SSI|MWG|POW|FPT|MSN|BVH|VPB|CTG|TCB|ACB,0.4,0.5,0.8
2022-06-29,2022,walk_forward_validation,3,30,SSI|STB|MWG,0.6666666666666666,0.6333333333333333,1.0526315789473684
2022-06-29,2022,walk_forward_validation,5,30,SSI|STB|MWG|VPB|BVH,0.6,0.6333333333333333,0.9473684210526316
2022-06-29,2022,walk_forward_validation,10,30,SSI|STB|MWG|VPB|BVH|TCB|FPT|BID|CTG|MSN,0.6,0.6333333333333333,0.9473684210526316
2022-06-30,2022,walk_forward_validation,3,30,SSI|STB|TCB,1.0,0.5333333333333333,1.875
2022-06-30,2022,walk_forward_validation,5,30,SSI|STB|TCB|MWG|BID,0.8,0.5333333333333333,1.5
2022-06-30,2022,walk_forward_validation,10,30,SSI|STB|TCB|MWG|BID|MSN|VIB|POW|CTG|BVH,0.7,0.5333333333333333,1.3125
2022-07-01,2022,walk_forward_validation,3,30,SSI|STB|TCB,1.0,0.5666666666666667,1.7647058823529411
2022-07-01,2022,walk_forward_validation,5,30,SSI|STB|TCB|CTG|POW,0.8,0.5666666666666667,1.411764705882353
2022-07-01,2022,walk_forward_validation,10,30,SSI|STB|TCB|CTG|POW|BVH|FPT|HDB|BID|VPB,0.6,0.5666666666666667,1.0588235294117647
2022-07-04,2022,walk_forward_validation,3,30,SSI|CTG|POW,0.6666666666666666,0.5333333333333333,1.25
2022-07-04,2022,walk_forward_validation,5,30,SSI|CTG|POW|TCB|BID,0.8,0.5333333333333333,1.5
2022-07-04,2022,walk_forward_validation,10,30,SSI|CTG|POW|TCB|BID|BVH|VPB|HDB|ACB|SHB,0.7,0.5333333333333333,1.3125
2022-07-05,2022,walk_forward_validation,3,30,SSI|CTG|VPB,0.6666666666666666,0.43333333333333335,1.5384615384615383
2022-07-05,2022,walk_forward_validation,5,30,SSI|CTG|VPB|POW|MBB,0.6,0.43333333333333335,1.3846153846153846
2022-07-05,2022,walk_forward_validation,10,30,SSI|CTG|VPB|POW|MBB|BVH|ACB|HDB|SHB|TCB,0.5,0.43333333333333335,1.1538461538461537
2022-07-06,2022,walk_forward_validation,3,30,SSI|GAS|CTG,1.0,0.5,2.0
2022-07-06,2022,walk_forward_validation,5,30,SSI|GAS|CTG|GVR|SHB,1.0,0.5,2.0
2022-07-06,2022,walk_forward_validation,10,30,SSI|GAS|CTG|GVR|SHB|VPB|BVH|STB|MBB|HDB,0.7,0.5,1.4
2022-07-07,2022,walk_forward_validation,3,30,SSI|GVR|GAS,1.0,0.4,2.5
2022-07-07,2022,walk_forward_validation,5,30,SSI|GVR|GAS|STB|CTG,1.0,0.4,2.5
2022-07-07,2022,walk_forward_validation,10,30,SSI|GVR|GAS|STB|CTG|POW|VPB|TCB|SHB|ACB,0.6,0.4,1.4999999999999998
2022-07-08,2022,walk_forward_validation,3,30,STB|TCB|CTG,0.6666666666666666,0.4666666666666667,1.4285714285714284
2022-07-08,2022,walk_forward_validation,5,30,STB|TCB|CTG|BID|VPB,0.6,0.4666666666666667,1.2857142857142856
2022-07-08,2022,walk_forward_validation,10,30,STB|TCB|CTG|BID|VPB|BVH|GVR|SHB|MBB|ACB,0.7,0.4666666666666667,1.4999999999999998
2022-07-11,2022,walk_forward_validation,3,30,POW|SHB|TCB,1.0,0.6,1.6666666666666667
2022-07-11,2022,walk_forward_validation,5,30,POW|SHB|TCB|STB|CTG,1.0,0.6,1.6666666666666667
2022-07-11,2022,walk_forward_validation,10,30,POW|SHB|TCB|STB|CTG|VPB|VIB|MBB|GAS|BID,1.0,0.6,1.6666666666666667
2022-07-12,2022,walk_forward_validation,3,30,CTG|GAS|STB,1.0,0.5666666666666667,1.7647058823529411
2022-07-12,2022,walk_forward_validation,5,30,CTG|GAS|STB|TCB|POW,1.0,0.5666666666666667,1.7647058823529411
2022-07-12,2022,walk_forward_validation,10,30,CTG|GAS|STB|TCB|POW|MBB|SHB|BVH|VPB|PLX,0.8,0.5666666666666667,1.411764705882353
2022-07-13,2022,walk_forward_validation,3,30,GAS|MBB|STB,1.0,0.4666666666666667,2.142857142857143
2022-07-13,2022,walk_forward_validation,5,30,GAS|MBB|STB|ACB|GVR,0.8,0.4666666666666667,1.7142857142857144
2022-07-13,2022,walk_forward_validation,10,30,GAS|MBB|STB|ACB|GVR|TCB|BVH|POW|BID|VPB,0.7,0.4666666666666667,1.4999999999999998
2022-07-14,2022,walk_forward_validation,3,30,GAS|MWG|STB,0.6666666666666666,0.36666666666666664,1.8181818181818181
2022-07-14,2022,walk_forward_validation,5,30,GAS|MWG|STB|POW|BVH,0.4,0.36666666666666664,1.090909090909091
2022-07-14,2022,walk_forward_validation,10,30,GAS|MWG|STB|POW|BVH|BID|MBB|VPB|HDB|TCB,0.5,0.36666666666666664,1.3636363636363638
2022-07-15,2022,walk_forward_validation,3,30,GAS|POW|MWG,0.6666666666666666,0.4,1.6666666666666665
2022-07-15,2022,walk_forward_validation,5,30,GAS|POW|MWG|STB|MSN,0.6,0.4,1.4999999999999998
2022-07-15,2022,walk_forward_validation,10,30,GAS|POW|MWG|STB|MSN|GVR|BVH|HDB|VPB|CTG,0.5,0.4,1.25
2022-07-18,2022,walk_forward_validation,3,30,GAS|MWG|POW,0.3333333333333333,0.36666666666666664,0.9090909090909091
2022-07-18,2022,walk_forward_validation,5,30,GAS|MWG|POW|MSN|BVH,0.2,0.36666666666666664,0.5454545454545455
2022-07-18,2022,walk_forward_validation,10,30,GAS|MWG|POW|MSN|BVH|SHB|SSB|GVR|FPT|TCB,0.2,0.36666666666666664,0.5454545454545455
2022-07-19,2022,walk_forward_validation,3,30,MWG|BVH|GVR,0.3333333333333333,0.4666666666666667,0.7142857142857142
2022-07-19,2022,walk_forward_validation,5,30,MWG|BVH|GVR|GAS|PLX,0.4,0.4666666666666667,0.8571428571428572
2022-07-19,2022,walk_forward_validation,10,30,MWG|BVH|GVR|GAS|PLX|POW|SSB|VNM|SHB|FPT,0.3,0.4666666666666667,0.6428571428571428
2022-07-20,2022,walk_forward_validation,3,30,STB|BVH|GVR,0.3333333333333333,0.5,0.6666666666666666
2022-07-20,2022,walk_forward_validation,5,30,STB|BVH|GVR|SHB|SSB,0.2,0.5,0.4
2022-07-20,2022,walk_forward_validation,10,30,STB|BVH|GVR|SHB|SSB|MBB|PLX|TCB|MWG|CTG,0.4,0.5,0.8
2022-07-21,2022,walk_forward_validation,3,30,STB|CTG|SHB,0.3333333333333333,0.4,0.8333333333333333
2022-07-21,2022,walk_forward_validation,5,30,STB|CTG|SHB|GVR|ACB,0.2,0.4,0.5
2022-07-21,2022,walk_forward_validation,10,30,STB|CTG|SHB|GVR|ACB|BVH|MBB|PLX|TCB|VNM,0.2,0.4,0.5
2022-07-22,2022,walk_forward_validation,3,30,STB|CTG|TCB,0.3333333333333333,0.43333333333333335,0.7692307692307692
2022-07-22,2022,walk_forward_validation,5,30,STB|CTG|TCB|MBB|GVR,0.4,0.43333333333333335,0.9230769230769231
2022-07-22,2022,walk_forward_validation,10,30,STB|CTG|TCB|MBB|GVR|SHB|BVH|TPB|BID|SAB,0.5,0.43333333333333335,1.1538461538461537
2022-07-25,2022,walk_forward_validation,3,30,STB|CTG|TCB,0.3333333333333333,0.43333333333333335,0.7692307692307692
2022-07-25,2022,walk_forward_validation,5,30,STB|CTG|TCB|MBB|SHB,0.6,0.43333333333333335,1.3846153846153846
2022-07-25,2022,walk_forward_validation,10,30,STB|CTG|TCB|MBB|SHB|SAB|GVR|BID|BVH|MSN,0.5,0.43333333333333335,1.1538461538461537
2022-07-26,2022,walk_forward_validation,3,30,STB|TCB|CTG,0.3333333333333333,0.4666666666666667,0.7142857142857142
2022-07-26,2022,walk_forward_validation,5,30,STB|TCB|CTG|BID|MBB,0.6,0.4666666666666667,1.2857142857142856
2022-07-26,2022,walk_forward_validation,10,30,STB|TCB|CTG|BID|MBB|SHB|SAB|SSI|MSN|SSB,0.6,0.4666666666666667,1.2857142857142856
2022-07-27,2022,walk_forward_validation,3,30,STB|BVH|SHB,0.6666666666666666,0.5333333333333333,1.25
2022-07-27,2022,walk_forward_validation,5,30,STB|BVH|SHB|BID|GVR,0.6,0.5333333333333333,1.125
2022-07-27,2022,walk_forward_validation,10,30,STB|BVH|SHB|BID|GVR|CTG|BCM|SSI|SAB|PLX,0.6,0.5333333333333333,1.125
2022-07-28,2022,walk_forward_validation,3,30,STB|CTG|BID,0.3333333333333333,0.43333333333333335,0.7692307692307692
2022-07-28,2022,walk_forward_validation,5,30,STB|CTG|BID|GVR|SHB,0.4,0.43333333333333335,0.9230769230769231
2022-07-28,2022,walk_forward_validation,10,30,STB|CTG|BID|GVR|SHB|TCB|MBB|SAB|ACB|HDB,0.5,0.43333333333333335,1.1538461538461537
2022-07-29,2022,walk_forward_validation,3,30,STB|BID|CTG,0.0,0.4,0.0
2022-07-29,2022,walk_forward_validation,5,30,STB|BID|CTG|TCB|ACB,0.0,0.4,0.0
2022-07-29,2022,walk_forward_validation,10,30,STB|BID|CTG|TCB|ACB|VIB|VPB|GVR|MBB|SHB,0.3,0.4,0.7499999999999999
2022-08-01,2022,walk_forward_validation,3,30,STB|BID|VIB,0.0,0.3333333333333333,0.0
2022-08-01,2022,walk_forward_validation,5,30,STB|BID|VIB|TCB|CTG,0.0,0.3333333333333333,0.0
2022-08-01,2022,walk_forward_validation,10,30,STB|BID|VIB|TCB|CTG|ACB|MBB|GVR|SHB|BVH,0.1,0.3333333333333333,0.30000000000000004
2022-08-02,2022,walk_forward_validation,3,30,STB|VIB|BID,0.3333333333333333,0.43333333333333335,0.7692307692307692
2022-08-02,2022,walk_forward_validation,5,30,STB|VIB|BID|MBB|CTG,0.4,0.43333333333333335,0.9230769230769231
2022-08-02,2022,walk_forward_validation,10,30,STB|VIB|BID|MBB|CTG|SHB|MSN|TCB|GVR|VCB,0.5,0.43333333333333335,1.1538461538461537
2022-08-03,2022,walk_forward_validation,3,30,STB|CTG|MBB,0.3333333333333333,0.4,0.8333333333333333
2022-08-03,2022,walk_forward_validation,5,30,STB|CTG|MBB|BID|SHB,0.2,0.4,0.5
2022-08-03,2022,walk_forward_validation,10,30,STB|CTG|MBB|BID|SHB|VIB|ACB|TCB|MSN|GVR,0.3,0.4,0.7499999999999999
2022-08-04,2022,walk_forward_validation,3,30,STB|BID|CTG,0.0,0.36666666666666664,0.0
2022-08-04,2022,walk_forward_validation,5,30,STB|BID|CTG|MBB|SHB,0.2,0.36666666666666664,0.5454545454545455
2022-08-04,2022,walk_forward_validation,10,30,STB|BID|CTG|MBB|SHB|VIB|VCB|GVR|VPB|TCB,0.3,0.36666666666666664,0.8181818181818182
2022-08-05,2022,walk_forward_validation,3,30,STB|MBB|CTG,0.3333333333333333,0.43333333333333335,0.7692307692307692
2022-08-05,2022,walk_forward_validation,5,30,STB|MBB|CTG|BID|VIB,0.4,0.43333333333333335,0.9230769230769231
2022-08-05,2022,walk_forward_validation,10,30,STB|MBB|CTG|BID|VIB|GVR|SHB|VPB|POW|TCB,0.6,0.43333333333333335,1.3846153846153846
2022-08-08,2022,walk_forward_validation,3,30,STB|MBB|SSI,0.3333333333333333,0.4,0.8333333333333333
2022-08-08,2022,walk_forward_validation,5,30,STB|MBB|SSI|CTG|GVR,0.4,0.4,1.0
2022-08-08,2022,walk_forward_validation,10,30,STB|MBB|SSI|CTG|GVR|BID|TCB|VPB|VIB|SHB,0.3,0.4,0.7499999999999999
2022-08-09,2022,walk_forward_validation,3,30,GVR|STB|MBB,0.6666666666666666,0.4,1.6666666666666665
2022-08-09,2022,walk_forward_validation,5,30,GVR|STB|MBB|SSI|VPB,0.6,0.4,1.4999999999999998
2022-08-09,2022,walk_forward_validation,10,30,GVR|STB|MBB|SSI|VPB|CTG|VIB|BID|TCB|SHB,0.3,0.4,0.7499999999999999
2022-08-10,2022,walk_forward_validation,3,30,GVR|STB|MBB,0.6666666666666666,0.43333333333333335,1.5384615384615383
2022-08-10,2022,walk_forward_validation,5,30,GVR|STB|MBB|VPB|SSI,0.6,0.43333333333333335,1.3846153846153846
2022-08-10,2022,walk_forward_validation,10,30,GVR|STB|MBB|VPB|SSI|CTG|VIB|TCB|BID|POW,0.4,0.43333333333333335,0.9230769230769231
2022-08-11,2022,walk_forward_validation,3,30,SSI|STB|GVR,0.3333333333333333,0.5,0.6666666666666666
2022-08-11,2022,walk_forward_validation,5,30,SSI|STB|GVR|BID|HDB,0.4,0.5,0.8
2022-08-11,2022,walk_forward_validation,10,30,SSI|STB|GVR|BID|HDB|CTG|MBB|TCB|VPB|VRE,0.4,0.5,0.8
2022-08-12,2022,walk_forward_validation,3,30,SSI|STB|BID,0.0,0.5,0.0
2022-08-12,2022,walk_forward_validation,5,30,SSI|STB|BID|GVR|HDB,0.4,0.5,0.8
2022-08-12,2022,walk_forward_validation,10,30,SSI|STB|BID|GVR|HDB|MBB|CTG|VIB|POW|VCB,0.4,0.5,0.8
2022-08-15,2022,walk_forward_validation,3,30,STB|SSI|CTG,0.0,0.4666666666666667,0.0
2022-08-15,2022,walk_forward_validation,5,30,STB|SSI|CTG|GVR|HDB,0.2,0.4666666666666667,0.4285714285714286
2022-08-15,2022,walk_forward_validation,10,30,STB|SSI|CTG|GVR|HDB|BID|MBB|VPB|VIB|FPT,0.3,0.4666666666666667,0.6428571428571428
2022-08-16,2022,walk_forward_validation,3,30,HDB|STB|SSI,0.0,0.43333333333333335,0.0
2022-08-16,2022,walk_forward_validation,5,30,HDB|STB|SSI|BID|VIB,0.0,0.43333333333333335,0.0
2022-08-16,2022,walk_forward_validation,10,30,HDB|STB|SSI|BID|VIB|MBB|CTG|GVR|SHB|VRE,0.2,0.43333333333333335,0.46153846153846156
2022-08-17,2022,walk_forward_validation,3,30,SSI|HDB|MBB,0.0,0.4666666666666667,0.0
2022-08-17,2022,walk_forward_validation,5,30,SSI|HDB|MBB|STB|BID,0.0,0.4666666666666667,0.0
2022-08-17,2022,walk_forward_validation,10,30,SSI|HDB|MBB|STB|BID|CTG|GVR|VIB|TCB|VRE,0.2,0.4666666666666667,0.4285714285714286
2022-08-18,2022,walk_forward_validation,3,30,HDB|SSI|MBB,0.0,0.43333333333333335,0.0
2022-08-18,2022,walk_forward_validation,5,30,HDB|SSI|MBB|STB|BID,0.0,0.43333333333333335,0.0
2022-08-18,2022,walk_forward_validation,10,30,HDB|SSI|MBB|STB|BID|VRE|GAS|VPB|MSN|CTG,0.4,0.43333333333333335,0.9230769230769231
2022-08-19,2022,walk_forward_validation,3,30,SSI|MBB|VPB,0.0,0.4666666666666667,0.0
2022-08-19,2022,walk_forward_validation,5,30,SSI|MBB|VPB|HDB|STB,0.0,0.4666666666666667,0.0
2022-08-19,2022,walk_forward_validation,10,30,SSI|MBB|VPB|HDB|STB|GAS|BID|GVR|VRE|CTG,0.2,0.4666666666666667,0.4285714285714286
2022-08-22,2022,walk_forward_validation,3,30,MBB|VPB|SSI,0.0,0.4666666666666667,0.0
2022-08-22,2022,walk_forward_validation,5,30,MBB|VPB|SSI|GAS|SHB,0.0,0.4666666666666667,0.0
2022-08-22,2022,walk_forward_validation,10,30,MBB|VPB|SSI|GAS|SHB|STB|CTG|BID|VRE|PLX,0.1,0.4666666666666667,0.2142857142857143
2022-08-23,2022,walk_forward_validation,3,30,MBB|VPB|GAS,0.0,0.5333333333333333,0.0
2022-08-23,2022,walk_forward_validation,5,30,MBB|VPB|GAS|SSI|PLX,0.0,0.5333333333333333,0.0
2022-08-23,2022,walk_forward_validation,10,30,MBB|VPB|GAS|SSI|PLX|BID|SHB|STB|MWG|HDB,0.2,0.5333333333333333,0.375
2022-08-24,2022,walk_forward_validation,3,30,MBB|VPB|GAS,0.3333333333333333,0.5,0.6666666666666666
2022-08-24,2022,walk_forward_validation,5,30,MBB|VPB|GAS|STB|SSI,0.2,0.5,0.4
2022-08-24,2022,walk_forward_validation,10,30,MBB|VPB|GAS|STB|SSI|PLX|SHB|BID|GVR|TCB,0.2,0.5,0.4
2022-08-25,2022,walk_forward_validation,3,30,MBB|VPB|GVR,0.0,0.4666666666666667,0.0
2022-08-25,2022,walk_forward_validation,5,30,MBB|VPB|GVR|SSI|STB,0.0,0.4666666666666667,0.0
2022-08-25,2022,walk_forward_validation,10,30,MBB|VPB|GVR|SSI|STB|GAS|SHB|MWG|TCB|HDB,0.2,0.4666666666666667,0.4285714285714286
2022-08-26,2022,walk_forward_validation,3,30,MBB|GVR|VPB,0.0,0.4666666666666667,0.0
2022-08-26,2022,walk_forward_validation,5,30,MBB|GVR|VPB|SSI|POW,0.0,0.4666666666666667,0.0
2022-08-26,2022,walk_forward_validation,10,30,MBB|GVR|VPB|SSI|POW|GAS|HDB|PLX|VCB|BCM,0.3,0.4666666666666667,0.6428571428571428
2022-08-29,2022,walk_forward_validation,3,30,MBB|SSI|GVR,0.0,0.5,0.0
2022-08-29,2022,walk_forward_validation,5,30,MBB|SSI|GVR|VPB|GAS,0.0,0.5,0.0
2022-08-29,2022,walk_forward_validation,10,30,MBB|SSI|GVR|VPB|GAS|BCM|MSN|VCB|HDB|PLX,0.4,0.5,0.8
2022-08-30,2022,walk_forward_validation,3,30,MBB|GVR|MSN,0.0,0.5,0.0
2022-08-30,2022,walk_forward_validation,5,30,MBB|GVR|MSN|BID|GAS,0.2,0.5,0.4
2022-08-30,2022,walk_forward_validation,10,30,MBB|GVR|MSN|BID|GAS|SSI|VPB|VCB|BCM|HDB,0.3,0.5,0.6
2022-08-31,2022,walk_forward_validation,3,30,MBB|GVR|MSN,0.0,0.43333333333333335,0.0
2022-08-31,2022,walk_forward_validation,5,30,MBB|GVR|MSN|GAS|VPB,0.2,0.43333333333333335,0.46153846153846156
2022-08-31,2022,walk_forward_validation,10,30,MBB|GVR|MSN|GAS|VPB|HDB|BID|SSI|BCM|VCB,0.3,0.43333333333333335,0.6923076923076923
2022-09-05,2022,walk_forward_validation,3,30,GVR|MSN|MBB,0.0,0.4666666666666667,0.0
2022-09-05,2022,walk_forward_validation,5,30,GVR|MSN|MBB|GAS|BVH,0.2,0.4666666666666667,0.4285714285714286
2022-09-05,2022,walk_forward_validation,10,30,GVR|MSN|MBB|GAS|BVH|VPB|BCM|SSI|HDB|POW,0.3,0.4666666666666667,0.6428571428571428
2022-09-06,2022,walk_forward_validation,3,30,MBB|GVR|MSN,0.0,0.4666666666666667,0.0
2022-09-06,2022,walk_forward_validation,5,30,MBB|GVR|MSN|BID|HDB,0.2,0.4666666666666667,0.4285714285714286
2022-09-06,2022,walk_forward_validation,10,30,MBB|GVR|MSN|BID|HDB|BCM|POW|VPB|GAS|CTG,0.3,0.4666666666666667,0.6428571428571428
2022-09-07,2022,walk_forward_validation,3,30,GVR|POW|MBB,0.0,0.4,0.0
2022-09-07,2022,walk_forward_validation,5,30,GVR|POW|MBB|GAS|HDB,0.2,0.4,0.5
2022-09-07,2022,walk_forward_validation,10,30,GVR|POW|MBB|GAS|HDB|MSN|BCM|BID|HPG|SSI,0.2,0.4,0.5
2022-09-08,2022,walk_forward_validation,3,30,GVR|POW|MBB,0.0,0.5,0.0
2022-09-08,2022,walk_forward_validation,5,30,GVR|POW|MBB|GAS|MSN,0.2,0.5,0.4
2022-09-08,2022,walk_forward_validation,10,30,GVR|POW|MBB|GAS|MSN|HDB|SAB|BCM|SSI|HPG,0.4,0.5,0.8
2022-09-09,2022,walk_forward_validation,3,30,GVR|POW|GAS,0.3333333333333333,0.4666666666666667,0.7142857142857142
2022-09-09,2022,walk_forward_validation,5,30,GVR|POW|GAS|MSN|HPG,0.2,0.4666666666666667,0.4285714285714286
2022-09-09,2022,walk_forward_validation,10,30,GVR|POW|GAS|MSN|HPG|BCM|SAB|HDB|MBB|VPB,0.4,0.4666666666666667,0.8571428571428572
2022-09-12,2022,walk_forward_validation,3,30,POW|HPG|GVR,0.0,0.4,0.0
2022-09-12,2022,walk_forward_validation,5,30,POW|HPG|GVR|GAS|MSN,0.2,0.4,0.5
2022-09-12,2022,walk_forward_validation,10,30,POW|HPG|GVR|GAS|MSN|SAB|BCM|VPB|SSI|HDB,0.3,0.4,0.7499999999999999
2022-09-13,2022,walk_forward_validation,3,30,POW|MSN|GAS,0.3333333333333333,0.43333333333333335,0.7692307692307692
2022-09-13,2022,walk_forward_validation,5,30,POW|MSN|GAS|GVR|BCM,0.4,0.43333333333333335,0.9230769230769231
2022-09-13,2022,walk_forward_validation,10,30,POW|MSN|GAS|GVR|BCM|HPG|HDB|SSI|VPB|CTG,0.2,0.43333333333333335,0.46153846153846156
2022-09-14,2022,walk_forward_validation,3,30,POW|GVR|HPG,0.0,0.4666666666666667,0.0
2022-09-14,2022,walk_forward_validation,5,30,POW|GVR|HPG|MSN|GAS,0.2,0.4666666666666667,0.4285714285714286
2022-09-14,2022,walk_forward_validation,10,30,POW|GVR|HPG|MSN|GAS|VRE|VPB|CTG|BCM|HDB,0.3,0.4666666666666667,0.6428571428571428
2022-09-15,2022,walk_forward_validation,3,30,GVR|POW|MSN,0.0,0.5,0.0
2022-09-15,2022,walk_forward_validation,5,30,GVR|POW|MSN|VRE|GAS,0.4,0.5,0.8
2022-09-15,2022,walk_forward_validation,10,30,GVR|POW|MSN|VRE|GAS|CTG|HPG|VPB|VHM|MWG,0.3,0.5,0.6
2022-09-16,2022,walk_forward_validation,3,30,POW|GVR|MSN,0.0,0.5,0.0
2022-09-16,2022,walk_forward_validation,5,30,POW|GVR|MSN|VRE|GAS,0.2,0.5,0.4
2022-09-16,2022,walk_forward_validation,10,30,POW|GVR|MSN|VRE|GAS|VPB|HPG|CTG|SSI|BCM,0.3,0.5,0.6
2022-09-19,2022,walk_forward_validation,3,30,VRE|GVR|SSI,0.3333333333333333,0.4666666666666667,0.7142857142857142
2022-09-19,2022,walk_forward_validation,5,30,VRE|GVR|SSI|MSN|POW,0.2,0.4666666666666667,0.4285714285714286
2022-09-19,2022,walk_forward_validation,10,30,VRE|GVR|SSI|MSN|POW|VPB|SHB|HPG|GAS|VCB,0.3,0.4666666666666667,0.6428571428571428
2022-09-20,2022,walk_forward_validation,3,30,VRE|GVR|SSI,0.3333333333333333,0.5,0.6666666666666666
2022-09-20,2022,walk_forward_validation,5,30,VRE|GVR|SSI|MSN|POW,0.2,0.5,0.4
2022-09-20,2022,walk_forward_validation,10,30,VRE|GVR|SSI|MSN|POW|VPB|HPG|BID|SHB|GAS,0.3,0.5,0.6
2022-09-21,2022,walk_forward_validation,3,30,GVR|VRE|MSN,0.3333333333333333,0.5,0.6666666666666666
2022-09-21,2022,walk_forward_validation,5,30,GVR|VRE|MSN|SSI|POW,0.2,0.5,0.4
2022-09-21,2022,walk_forward_validation,10,30,GVR|VRE|MSN|SSI|POW|BCM|HDB|VCB|SHB|HPG,0.2,0.5,0.4
2022-09-22,2022,walk_forward_validation,3,30,GVR|SSI|BCM,0.3333333333333333,0.5333333333333333,0.625
2022-09-22,2022,walk_forward_validation,5,30,GVR|SSI|BCM|VRE|POW,0.4,0.5333333333333333,0.75
2022-09-22,2022,walk_forward_validation,10,30,GVR|SSI|BCM|VRE|POW|HPG|VNM|GAS|SHB|VIC,0.5,0.5333333333333333,0.9375
2022-09-23,2022,walk_forward_validation,3,30,GVR|SSI|BCM,0.3333333333333333,0.4666666666666667,0.7142857142857142
2022-09-23,2022,walk_forward_validation,5,30,GVR|SSI|BCM|GAS|VRE,0.4,0.4666666666666667,0.8571428571428572
2022-09-23,2022,walk_forward_validation,10,30,GVR|SSI|BCM|GAS|VRE|VNM|HPG|SHB|BVH|POW,0.3,0.4666666666666667,0.6428571428571428
2022-09-26,2022,walk_forward_validation,3,30,SSI|BCM|GVR,0.3333333333333333,0.43333333333333335,0.7692307692307692
2022-09-26,2022,walk_forward_validation,5,30,SSI|BCM|GVR|SHB|GAS,0.4,0.43333333333333335,0.9230769230769231
2022-09-26,2022,walk_forward_validation,10,30,SSI|BCM|GVR|SHB|GAS|VRE|CTG|BID|POW|VNM,0.5,0.43333333333333335,1.1538461538461537
2022-09-27,2022,walk_forward_validation,3,30,SSI|BCM|GAS,0.6666666666666666,0.4666666666666667,1.4285714285714284
2022-09-27,2022,walk_forward_validation,5,30,SSI|BCM|GAS|VRE|SHB,0.6,0.4666666666666667,1.2857142857142856
2022-09-27,2022,walk_forward_validation,10,30,SSI|BCM|GAS|VRE|SHB|GVR|HDB|POW|HPG|BID,0.4,0.4666666666666667,0.8571428571428572
2022-09-28,2022,walk_forward_validation,3,30,SSI|BCM|VRE,0.3333333333333333,0.43333333333333335,0.7692307692307692
2022-09-28,2022,walk_forward_validation,5,30,SSI|BCM|VRE|GVR|HDB,0.2,0.43333333333333335,0.46153846153846156
2022-09-28,2022,walk_forward_validation,10,30,SSI|BCM|VRE|GVR|HDB|POW|SHB|BVH|HPG|GAS,0.3,0.43333333333333335,0.6923076923076923
2022-09-29,2022,walk_forward_validation,3,30,SSI|GVR|VRE,0.0,0.4666666666666667,0.0
2022-09-29,2022,walk_forward_validation,5,30,SSI|GVR|VRE|HDB|SHB,0.0,0.4666666666666667,0.0
2022-09-29,2022,walk_forward_validation,10,30,SSI|GVR|VRE|HDB|SHB|POW|BCM|BVH|BID|CTG,0.4,0.4666666666666667,0.8571428571428572
2022-09-30,2022,walk_forward_validation,3,30,SSI|BCM|BID,0.6666666666666666,0.4666666666666667,1.4285714285714284
2022-09-30,2022,walk_forward_validation,5,30,SSI|BCM|BID|GVR|SHB,0.4,0.4666666666666667,0.8571428571428572
2022-09-30,2022,walk_forward_validation,10,30,SSI|BCM|BID|GVR|SHB|GAS|HDB|VRE|POW|BVH,0.4,0.4666666666666667,0.8571428571428572
2022-10-03,2022,walk_forward_validation,3,30,SSI|GVR|BID,0.3333333333333333,0.5,0.6666666666666666
2022-10-03,2022,walk_forward_validation,5,30,SSI|GVR|BID|CTG|STB,0.4,0.5,0.8
2022-10-03,2022,walk_forward_validation,10,30,SSI|GVR|BID|CTG|STB|GAS|BVH|SHB|POW|VRE,0.5,0.5,1.0
2022-10-04,2022,walk_forward_validation,3,30,GVR|SSI|CTG,0.3333333333333333,0.4666666666666667,0.7142857142857142
2022-10-04,2022,walk_forward_validation,5,30,GVR|SSI|CTG|BID|SHB,0.6,0.4666666666666667,1.2857142857142856
2022-10-04,2022,walk_forward_validation,10,30,GVR|SSI|CTG|BID|SHB|STB|BVH|POW|HDB|GAS,0.5,0.4666666666666667,1.0714285714285714
2022-10-05,2022,walk_forward_validation,3,30,GVR|SSI|CTG,0.3333333333333333,0.5,0.6666666666666666
2022-10-05,2022,walk_forward_validation,5,30,GVR|SSI|CTG|BID|BVH,0.6,0.5,1.2
2022-10-05,2022,walk_forward_validation,10,30,GVR|SSI|CTG|BID|BVH|POW|SHB|STB|VRE|BCM,0.5,0.5,1.0
2022-10-06,2022,walk_forward_validation,3,30,GVR|SSI|CTG,0.3333333333333333,0.5666666666666667,0.5882352941176471
2022-10-06,2022,walk_forward_validation,5,30,GVR|SSI|CTG|STB|SHB,0.6,0.5666666666666667,1.0588235294117647
2022-10-06,2022,walk_forward_validation,10,30,GVR|SSI|CTG|STB|SHB|POW|BID|HPG|BVH|MBB,0.6,0.5666666666666667,1.0588235294117647
2022-10-07,2022,walk_forward_validation,3,30,GVR|SSI|CTG,0.3333333333333333,0.5666666666666667,0.5882352941176471
2022-10-07,2022,walk_forward_validation,5,30,GVR|SSI|CTG|STB|POW,0.4,0.5666666666666667,0.7058823529411765
2022-10-07,2022,walk_forward_validation,10,30,GVR|SSI|CTG|STB|POW|SHB|BID|MBB|MWG|HPG,0.5,0.5666666666666667,0.8823529411764706
2022-10-10,2022,walk_forward_validation,3,30,GVR|SSI|SHB,0.3333333333333333,0.5333333333333333,0.625
2022-10-10,2022,walk_forward_validation,5,30,GVR|SSI|SHB|STB|CTG,0.4,0.5333333333333333,0.75
2022-10-10,2022,walk_forward_validation,10,30,GVR|SSI|SHB|STB|CTG|POW|BID|MWG|HPG|TCB,0.3,0.5333333333333333,0.5625
2022-10-11,2022,walk_forward_validation,3,30,GVR|SSI|SHB,0.3333333333333333,0.6333333333333333,0.5263157894736842
2022-10-11,2022,walk_forward_validation,5,30,GVR|SSI|SHB|STB|CTG,0.6,0.6333333333333333,0.9473684210526316
2022-10-11,2022,walk_forward_validation,10,30,GVR|SSI|SHB|STB|CTG|POW|TCB|BID|MBB|MWG,0.7,0.6333333333333333,1.1052631578947367
2022-10-12,2022,walk_forward_validation,3,30,GVR|SSI|SHB,0.3333333333333333,0.6333333333333333,0.5263157894736842
2022-10-12,2022,walk_forward_validation,5,30,GVR|SSI|SHB|STB|CTG,0.6,0.6333333333333333,0.9473684210526316
2022-10-12,2022,walk_forward_validation,10,30,GVR|SSI|SHB|STB|CTG|POW|TCB|BID|MBB|HPG,0.7,0.6333333333333333,1.1052631578947367
2022-10-13,2022,walk_forward_validation,3,30,GVR|SHB|SSI,0.3333333333333333,0.6,0.5555555555555556
2022-10-13,2022,walk_forward_validation,5,30,GVR|SHB|SSI|STB|POW,0.4,0.6,0.6666666666666667
2022-10-13,2022,walk_forward_validation,10,30,GVR|SHB|SSI|STB|POW|CTG|TCB|BID|MBB|BCM,0.5,0.6,0.8333333333333334
2022-10-14,2022,walk_forward_validation,3,30,GVR|SSI|STB,0.0,0.6333333333333333,0.0
2022-10-14,2022,walk_forward_validation,5,30,GVR|SSI|STB|CTG|SHB,0.4,0.6333333333333333,0.6315789473684211
2022-10-14,2022,walk_forward_validation,10,30,GVR|SSI|STB|CTG|SHB|TCB|POW|BID|MBB|HPG,0.5,0.6333333333333333,0.7894736842105263
2022-10-17,2022,walk_forward_validation,3,30,GVR|SSI|CTG,0.3333333333333333,0.5666666666666667,0.5882352941176471
2022-10-17,2022,walk_forward_validation,5,30,GVR|SSI|CTG|TCB|BID,0.4,0.5666666666666667,0.7058823529411765
2022-10-17,2022,walk_forward_validation,10,30,GVR|SSI|CTG|TCB|BID|SHB|HPG|STB|MBB|BVH,0.3,0.5666666666666667,0.5294117647058824
2022-10-18,2022,walk_forward_validation,3,30,GVR|SSI|CTG,0.3333333333333333,0.6,0.5555555555555556
2022-10-18,2022,walk_forward_validation,5,30,GVR|SSI|CTG|STB|SHB,0.2,0.6,0.33333333333333337
2022-10-18,2022,walk_forward_validation,10,30,GVR|SSI|CTG|STB|SHB|BID|HPG|MBB|TCB|BVH,0.3,0.6,0.5
2022-10-19,2022,walk_forward_validation,3,30,GVR|SSI|BID,0.3333333333333333,0.6666666666666666,0.5
2022-10-19,2022,walk_forward_validation,5,30,GVR|SSI|BID|STB|CTG,0.6,0.6666666666666666,0.9
2022-10-19,2022,walk_forward_validation,10,30,GVR|SSI|BID|STB|CTG|SHB|HPG|POW|MBB|TCB,0.4,0.6666666666666666,0.6000000000000001
2022-10-20,2022,walk_forward_validation,3,30,GVR|SSI|BID,0.3333333333333333,0.7333333333333333,0.45454545454545453
2022-10-20,2022,walk_forward_validation,5,30,GVR|SSI|BID|SHB|STB,0.6,0.7333333333333333,0.8181818181818182
2022-10-20,2022,walk_forward_validation,10,30,GVR|SSI|BID|SHB|STB|CTG|HPG|TCB|POW|MBB,0.6,0.7333333333333333,0.8181818181818182
2022-10-21,2022,walk_forward_validation,3,30,GVR|SSI|STB,0.6666666666666666,0.7333333333333333,0.9090909090909091
2022-10-21,2022,walk_forward_validation,5,30,GVR|SSI|STB|TCB|SHB,0.8,0.7333333333333333,1.090909090909091
2022-10-21,2022,walk_forward_validation,10,30,GVR|SSI|STB|TCB|SHB|CTG|HPG|MBB|POW|MWG,0.7,0.7333333333333333,0.9545454545454546
2022-10-24,2022,walk_forward_validation,3,30,GVR|TCB|STB,0.6666666666666666,0.7666666666666667,0.8695652173913042
2022-10-24,2022,walk_forward_validation,5,30,GVR|TCB|STB|SSI|SHB,0.8,0.7666666666666667,1.0434782608695652
2022-10-24,2022,walk_forward_validation,10,30,GVR|TCB|STB|SSI|SHB|MWG|HPG|CTG|MBB|POW,0.7,0.7666666666666667,0.9130434782608694
2022-10-25,2022,walk_forward_validation,3,30,GVR|TCB|STB,0.6666666666666666,0.7666666666666667,0.8695652173913042
2022-10-25,2022,walk_forward_validation,5,30,GVR|TCB|STB|SSI|SHB,0.8,0.7666666666666667,1.0434782608695652
2022-10-25,2022,walk_forward_validation,10,30,GVR|TCB|STB|SSI|SHB|MWG|POW|MBB|HPG|CTG,0.7,0.7666666666666667,0.9130434782608694
2022-10-26,2022,walk_forward_validation,3,30,GVR|TCB|SSI,0.6666666666666666,0.7333333333333333,0.9090909090909091
2022-10-26,2022,walk_forward_validation,5,30,GVR|TCB|SSI|STB|SHB,0.8,0.7333333333333333,1.090909090909091
2022-10-26,2022,walk_forward_validation,10,30,GVR|TCB|SSI|STB|SHB|MWG|MBB|POW|CTG|HPG,0.7,0.7333333333333333,0.9545454545454546
2022-10-27,2022,walk_forward_validation,3,30,GVR|TCB|SSI,0.6666666666666666,0.6666666666666666,1.0
2022-10-27,2022,walk_forward_validation,5,30,GVR|TCB|SSI|STB|MWG,0.6,0.6666666666666666,0.9
2022-10-27,2022,walk_forward_validation,10,30,GVR|TCB|SSI|STB|MWG|SHB|VRE|MBB|POW|BID,0.6,0.6666666666666666,0.9
2022-10-28,2022,walk_forward_validation,3,30,GVR|SSI|STB,0.6666666666666666,0.7333333333333333,0.9090909090909091
2022-10-28,2022,walk_forward_validation,5,30,GVR|SSI|STB|TCB|SHB,0.6,0.7333333333333333,0.8181818181818182
2022-10-28,2022,walk_forward_validation,10,30,GVR|SSI|STB|TCB|SHB|HPG|BID|VRE|MBB|POW,0.6,0.7333333333333333,0.8181818181818182
2022-10-31,2022,walk_forward_validation,3,30,GVR|HPG|SSI,1.0,0.7,1.4285714285714286
2022-10-31,2022,walk_forward_validation,5,30,GVR|HPG|SSI|STB|MWG,0.8,0.7,1.142857142857143
2022-10-31,2022,walk_forward_validation,10,30,GVR|HPG|SSI|STB|MWG|POW|MBB|TCB|VRE|SHB,0.8,0.7,1.142857142857143
2022-11-01,2022,walk_forward_validation,3,30,HPG|GVR|MWG,0.3333333333333333,0.5,0.6666666666666666
2022-11-01,2022,walk_forward_validation,5,30,HPG|GVR|MWG|MBB|SSI,0.4,0.5,0.8
2022-11-01,2022,walk_forward_validation,10,30,HPG|GVR|MWG|MBB|SSI|BID|STB|VRE|SHB|ACB,0.6,0.5,1.2
2022-11-02,2022,walk_forward_validation,3,30,MWG|GVR|HPG,0.3333333333333333,0.5,0.6666666666666666
2022-11-02,2022,walk_forward_validation,5,30,MWG|GVR|HPG|SSI|BID,0.6,0.5,1.2
2022-11-02,2022,walk_forward_validation,10,30,MWG|GVR|HPG|SSI|BID|SHB|CTG|MBB|POW|STB,0.7,0.5,1.4
2022-11-03,2022,walk_forward_validation,3,30,GVR|HPG|MWG,0.6666666666666666,0.6333333333333333,1.0526315789473684
2022-11-03,2022,walk_forward_validation,5,30,GVR|HPG|MWG|CTG|BID,0.8,0.6333333333333333,1.2631578947368423
2022-11-03,2022,walk_forward_validation,10,30,GVR|HPG|MWG|CTG|BID|SHB|SSI|ACB|MBB|POW,0.8,0.6333333333333333,1.2631578947368423
2022-11-04,2022,walk_forward_validation,3,30,GVR|MWG|SSI,0.6666666666666666,0.6,1.1111111111111112
2022-11-04,2022,walk_forward_validation,5,30,GVR|MWG|SSI|HPG|STB,0.8,0.6,1.3333333333333335
2022-11-04,2022,walk_forward_validation,10,30,GVR|MWG|SSI|HPG|STB|POW|ACB|BVH|BID|VRE,0.8,0.6,1.3333333333333335
2022-11-07,2022,walk_forward_validation,3,30,GVR|MWG|SSI,0.6666666666666666,0.6333333333333333,1.0526315789473684
2022-11-07,2022,walk_forward_validation,5,30,GVR|MWG|SSI|HPG|STB,0.8,0.6333333333333333,1.2631578947368423
2022-11-07,2022,walk_forward_validation,10,30,GVR|MWG|SSI|HPG|STB|MBB|CTG|TCB|SHB|BID,0.8,0.6333333333333333,1.2631578947368423
2022-11-08,2022,walk_forward_validation,3,30,HPG|MWG|GVR,0.6666666666666666,0.5666666666666667,1.1764705882352942
2022-11-08,2022,walk_forward_validation,5,30,HPG|MWG|GVR|SSI|STB,0.8,0.5666666666666667,1.411764705882353
2022-11-08,2022,walk_forward_validation,10,30,HPG|MWG|GVR|SSI|STB|HDB|VRE|BVH|MBB|CTG,0.7,0.5666666666666667,1.2352941176470589
2022-11-09,2022,walk_forward_validation,3,30,HPG|MWG|GVR,0.3333333333333333,0.5333333333333333,0.625
2022-11-09,2022,walk_forward_validation,5,30,HPG|MWG|GVR|SSI|STB,0.6,0.5333333333333333,1.125
2022-11-09,2022,walk_forward_validation,10,30,HPG|MWG|GVR|SSI|STB|MBB|CTG|SHB|BVH|POW,0.5,0.5333333333333333,0.9375
2022-11-10,2022,walk_forward_validation,3,30,HPG|GVR|MWG,0.6666666666666666,0.5333333333333333,1.25
2022-11-10,2022,walk_forward_validation,5,30,HPG|GVR|MWG|SSI|STB,0.8,0.5333333333333333,1.5
2022-11-10,2022,walk_forward_validation,10,30,HPG|GVR|MWG|SSI|STB|CTG|MBB|SHB|TCB|BID,0.9,0.5333333333333333,1.6875
2022-11-11,2022,walk_forward_validation,3,30,GVR|HPG|MWG,0.6666666666666666,0.5666666666666667,1.1764705882352942
2022-11-11,2022,walk_forward_validation,5,30,GVR|HPG|MWG|SSI|STB,0.8,0.5666666666666667,1.411764705882353
2022-11-11,2022,walk_forward_validation,10,30,GVR|HPG|MWG|SSI|STB|SHB|CTG|MBB|TCB|BID,0.8,0.5666666666666667,1.411764705882353
2022-11-14,2022,walk_forward_validation,3,30,GVR|HPG|MWG,1.0,0.5333333333333333,1.875
2022-11-14,2022,walk_forward_validation,5,30,GVR|HPG|MWG|SSI|SHB,1.0,0.5333333333333333,1.875
2022-11-14,2022,walk_forward_validation,10,30,GVR|HPG|MWG|SSI|SHB|STB|MBB|TCB|CTG|ACB,1.0,0.5333333333333333,1.875
2022-11-15,2022,walk_forward_validation,3,30,GVR|MWG|SHB,1.0,0.6666666666666666,1.5
2022-11-15,2022,walk_forward_validation,5,30,GVR|MWG|SHB|HPG|SSI,1.0,0.6666666666666666,1.5
2022-11-15,2022,walk_forward_validation,10,30,GVR|MWG|SHB|HPG|SSI|MBB|STB|TCB|POW|ACB,1.0,0.6666666666666666,1.5
2022-11-16,2022,walk_forward_validation,3,30,GVR|MWG|SHB,1.0,0.5,2.0
2022-11-16,2022,walk_forward_validation,5,30,GVR|MWG|SHB|HPG|SSI,1.0,0.5,2.0
2022-11-16,2022,walk_forward_validation,10,30,GVR|MWG|SHB|HPG|SSI|MBB|BVH|POW|STB|TCB,1.0,0.5,2.0
2022-11-17,2022,walk_forward_validation,3,30,GVR|MWG|SHB,1.0,0.6666666666666666,1.5
2022-11-17,2022,walk_forward_validation,5,30,GVR|MWG|SHB|CTG|PLX,1.0,0.6666666666666666,1.5
2022-11-17,2022,walk_forward_validation,10,30,GVR|MWG|SHB|CTG|PLX|POW|ACB|MBB|BVH|BID,1.0,0.6666666666666666,1.5
2022-11-18,2022,walk_forward_validation,3,30,MWG|GVR|SHB,1.0,0.6333333333333333,1.5789473684210527
2022-11-18,2022,walk_forward_validation,5,30,MWG|GVR|SHB|BVH|BID,0.8,0.6333333333333333,1.2631578947368423
2022-11-18,2022,walk_forward_validation,10,30,MWG|GVR|SHB|BVH|BID|ACB|CTG|PLX|MBB|SSI,0.9,0.6333333333333333,1.4210526315789476
2022-11-21,2022,walk_forward_validation,3,30,MWG|CTG|SSI,1.0,0.6,1.6666666666666667
2022-11-21,2022,walk_forward_validation,5,30,MWG|CTG|SSI|ACB|SHB,1.0,0.6,1.6666666666666667
2022-11-21,2022,walk_forward_validation,10,30,MWG|CTG|SSI|ACB|SHB|BID|STB|MBB|POW|GVR,0.9,0.6,1.5
2022-11-22,2022,walk_forward_validation,3,30,MWG|CTG|SHB,1.0,0.5666666666666667,1.7647058823529411
2022-11-22,2022,walk_forward_validation,5,30,MWG|CTG|SHB|GVR|POW,0.8,0.5666666666666667,1.411764705882353
2022-11-22,2022,walk_forward_validation,10,30,MWG|CTG|SHB|GVR|POW|TCB|SSI|ACB|BID|STB,0.8,0.5666666666666667,1.411764705882353
2022-11-23,2022,walk_forward_validation,3,30,MWG|CTG|HPG,1.0,0.6,1.6666666666666667
2022-11-23,2022,walk_forward_validation,5,30,MWG|CTG|HPG|SSI|SHB,1.0,0.6,1.6666666666666667
2022-11-23,2022,walk_forward_validation,10,30,MWG|CTG|HPG|SSI|SHB|POW|GVR|MBB|ACB|BID,0.8,0.6,1.3333333333333335
2022-11-24,2022,walk_forward_validation,3,30,MWG|CTG|SSI,1.0,0.6333333333333333,1.5789473684210527
2022-11-24,2022,walk_forward_validation,5,30,MWG|CTG|SSI|SHB|ACB,1.0,0.6333333333333333,1.5789473684210527
2022-11-24,2022,walk_forward_validation,10,30,MWG|CTG|SSI|SHB|ACB|BID|TCB|BVH|MBB|POW,0.7,0.6333333333333333,1.1052631578947367
2022-11-25,2022,walk_forward_validation,3,30,MWG|CTG|SHB,1.0,0.7,1.4285714285714286
2022-11-25,2022,walk_forward_validation,5,30,MWG|CTG|SHB|ACB|SSI,1.0,0.7,1.4285714285714286
2022-11-25,2022,walk_forward_validation,10,30,MWG|CTG|SHB|ACB|SSI|BID|BVH|MBB|TCB|POW,0.7,0.7,1.0
2022-11-28,2022,walk_forward_validation,3,30,MWG|CTG|BID,0.6666666666666666,0.5333333333333333,1.25
2022-11-28,2022,walk_forward_validation,5,30,MWG|CTG|BID|SHB|ACB,0.6,0.5333333333333333,1.125
2022-11-28,2022,walk_forward_validation,10,30,MWG|CTG|BID|SHB|ACB|MBB|TCB|VCB|SSI|POW,0.5,0.5333333333333333,0.9375
2022-11-29,2022,walk_forward_validation,3,30,SHB|CTG|ACB,0.6666666666666666,0.7,0.9523809523809524
2022-11-29,2022,walk_forward_validation,5,30,SHB|CTG|ACB|MWG|MBB,0.8,0.7,1.142857142857143
2022-11-29,2022,walk_forward_validation,10,30,SHB|CTG|ACB|MWG|MBB|VCB|BID|TPB|TCB|VRE,0.8,0.7,1.142857142857143
2022-11-30,2022,walk_forward_validation,3,30,SHB|CTG|ACB,1.0,0.6666666666666666,1.5
2022-11-30,2022,walk_forward_validation,5,30,SHB|CTG|ACB|BID|BVH,0.8,0.6666666666666666,1.2000000000000002
2022-11-30,2022,walk_forward_validation,10,30,SHB|CTG|ACB|BID|BVH|VCB|TCB|TPB|VRE|MBB,0.8,0.6666666666666666,1.2000000000000002
2022-12-01,2022,walk_forward_validation,3,30,STB|CTG|VRE,0.6666666666666666,0.5333333333333333,1.25
2022-12-01,2022,walk_forward_validation,5,30,STB|CTG|VRE|ACB|SSI,0.6,0.5333333333333333,1.125
2022-12-01,2022,walk_forward_validation,10,30,STB|CTG|VRE|ACB|SSI|MBB|BID|POW|BVH|MWG,0.5,0.5333333333333333,0.9375
2022-12-02,2022,walk_forward_validation,3,30,CTG|VRE|MBB,0.3333333333333333,0.43333333333333335,0.7692307692307692
2022-12-02,2022,walk_forward_validation,5,30,CTG|VRE|MBB|BID|ACB,0.4,0.43333333333333335,0.9230769230769231
2022-12-02,2022,walk_forward_validation,10,30,CTG|VRE|MBB|BID|ACB|VPB|BVH|VCB|FPT|SHB,0.6,0.43333333333333335,1.3846153846153846
2023-01-03,2023,walk_forward_validation,3,30,PLX|VPB|STB,0.6666666666666666,0.4666666666666667,1.4285714285714284
2023-01-03,2023,walk_forward_validation,5,30,PLX|VPB|STB|SSB|BID,0.6,0.4666666666666667,1.2857142857142856
2023-01-03,2023,walk_forward_validation,10,30,PLX|VPB|STB|SSB|BID|VCB|BCM|CTG|HPG|HDB,0.7,0.4666666666666667,1.4999999999999998
2023-01-04,2023,walk_forward_validation,3,30,SSB|BID|BCM,0.3333333333333333,0.4666666666666667,0.7142857142857142
2023-01-04,2023,walk_forward_validation,5,30,SSB|BID|BCM|FPT|GVR,0.2,0.4666666666666667,0.4285714285714286
2023-01-04,2023,walk_forward_validation,10,30,SSB|BID|BCM|FPT|GVR|VPB|HPG|VIC|VCB|CTG,0.4,0.4666666666666667,0.8571428571428572
2023-01-05,2023,walk_forward_validation,3,30,VIC|SSB|HPG,0.3333333333333333,0.5666666666666667,0.5882352941176471
2023-01-05,2023,walk_forward_validation,5,30,VIC|SSB|HPG|VCB|VRE,0.4,0.5666666666666667,0.7058823529411765
2023-01-05,2023,walk_forward_validation,10,30,VIC|SSB|HPG|VCB|VRE|POW|BID|GVR|BCM|VHM,0.5,0.5666666666666667,0.8823529411764706
2023-01-06,2023,walk_forward_validation,3,30,VIC|SSB|VRE,0.0,0.5666666666666667,0.0
2023-01-06,2023,walk_forward_validation,5,30,VIC|SSB|VRE|POW|BID,0.4,0.5666666666666667,0.7058823529411765
2023-01-06,2023,walk_forward_validation,10,30,VIC|SSB|VRE|POW|BID|FPT|STB|SAB|VPB|HPG,0.5,0.5666666666666667,0.8823529411764706
2023-01-09,2023,walk_forward_validation,3,30,VIC|VRE|POW,0.3333333333333333,0.5666666666666667,0.5882352941176471
2023-01-09,2023,walk_forward_validation,5,30,VIC|VRE|POW|CTG|SSB,0.4,0.5666666666666667,0.7058823529411765
2023-01-09,2023,walk_forward_validation,10,30,VIC|VRE|POW|CTG|SSB|BID|STB|VIB|HPG|FPT,0.7,0.5666666666666667,1.2352941176470589
2023-01-10,2023,walk_forward_validation,3,30,VRE|SSB|HPG,0.3333333333333333,0.5666666666666667,0.5882352941176471
2023-01-10,2023,walk_forward_validation,5,30,VRE|SSB|HPG|POW|VCB,0.6,0.5666666666666667,1.0588235294117647
2023-01-10,2023,walk_forward_validation,10,30,VRE|SSB|HPG|POW|VCB|BID|VIC|VNM|VIB|FPT,0.6,0.5666666666666667,1.0588235294117647
2023-01-11,2023,walk_forward_validation,3,30,HPG|SSB|VRE,0.6666666666666666,0.6,1.1111111111111112
2023-01-11,2023,walk_forward_validation,5,30,HPG|SSB|VRE|STB|ACB,0.6,0.6,1.0
2023-01-11,2023,walk_forward_validation,10,30,HPG|SSB|VRE|STB|ACB|CTG|VCB|POW|VIB|FPT,0.8,0.6,1.3333333333333335
2023-01-12,2023,walk_forward_validation,3,30,STB|VRE|SSB,0.0,0.5666666666666667,0.0
2023-01-12,2023,walk_forward_validation,5,30,STB|VRE|SSB|ACB|HPG,0.4,0.5666666666666667,0.7058823529411765
2023-01-12,2023,walk_forward_validation,10,30,STB|VRE|SSB|ACB|HPG|POW|VIB|BID|VCB|VPB,0.6,0.5666666666666667,1.0588235294117647
2023-01-13,2023,walk_forward_validation,3,30,STB|SSB|POW,0.3333333333333333,0.6333333333333333,0.5263157894736842
2023-01-13,2023,walk_forward_validation,5,30,STB|SSB|POW|VIB|VPB,0.4,0.6333333333333333,0.6315789473684211
2023-01-13,2023,walk_forward_validation,10,30,STB|SSB|POW|VIB|VPB|HPG|VRE|BID|VCB|ACB,0.6,0.6333333333333333,0.9473684210526316
2023-01-16,2023,walk_forward_validation,3,30,STB|VIB|HPG,0.6666666666666666,0.5666666666666667,1.1764705882352942
2023-01-16,2023,walk_forward_validation,5,30,STB|VIB|HPG|VRE|VCB,0.8,0.5666666666666667,1.411764705882353
2023-01-16,2023,walk_forward_validation,10,30,STB|VIB|HPG|VRE|VCB|ACB|POW|VPB|SSB|CTG,0.6,0.5666666666666667,1.0588235294117647
2023-01-17,2023,walk_forward_validation,3,30,HPG|VIB|ACB,1.0,0.5333333333333333,1.875
2023-01-17,2023,walk_forward_validation,5,30,HPG|VIB|ACB|POW|STB,0.8,0.5333333333333333,1.5
2023-01-17,2023,walk_forward_validation,10,30,HPG|VIB|ACB|POW|STB|VRE|GVR|CTG|SSI|BID,0.6,0.5333333333333333,1.125
2023-01-18,2023,walk_forward_validation,3,30,HPG|VIB|STB,0.3333333333333333,0.43333333333333335,0.7692307692307692
2023-01-18,2023,walk_forward_validation,5,30,HPG|VIB|STB|BID|VCB,0.6,0.43333333333333335,1.3846153846153846
2023-01-18,2023,walk_forward_validation,10,30,HPG|VIB|STB|BID|VCB|CTG|GVR|POW|SSI|MBB,0.4,0.43333333333333335,0.9230769230769231
2023-01-19,2023,walk_forward_validation,3,30,GVR|VIB|STB,0.3333333333333333,0.5,0.6666666666666666
2023-01-19,2023,walk_forward_validation,5,30,GVR|VIB|STB|ACB|SSI,0.4,0.5,0.8
2023-01-19,2023,walk_forward_validation,10,30,GVR|VIB|STB|ACB|SSI|HPG|BID|VCB|CTG|POW,0.6,0.5,1.2
2023-01-27,2023,walk_forward_validation,3,30,VIB|SSI|ACB,0.6666666666666666,0.5666666666666667,1.1764705882352942
2023-01-27,2023,walk_forward_validation,5,30,VIB|SSI|ACB|VCB|STB,0.6,0.5666666666666667,1.0588235294117647
2023-01-27,2023,walk_forward_validation,10,30,VIB|SSI|ACB|VCB|STB|GVR|HPG|SAB|VRE|BID,0.6,0.5666666666666667,1.0588235294117647
2023-01-30,2023,walk_forward_validation,3,30,GVR|VIB|SSI,0.3333333333333333,0.5,0.6666666666666666
2023-01-30,2023,walk_forward_validation,5,30,GVR|VIB|SSI|ACB|HPG,0.4,0.5,0.8
2023-01-30,2023,walk_forward_validation,10,30,GVR|VIB|SSI|ACB|HPG|BID|POW|TPB|SAB|STB,0.6,0.5,1.2
2023-01-31,2023,walk_forward_validation,3,30,HDB|ACB|BID,0.6666666666666666,0.43333333333333335,1.5384615384615383
2023-01-31,2023,walk_forward_validation,5,30,HDB|ACB|BID|VCB|SSI,0.6,0.43333333333333335,1.3846153846153846
2023-01-31,2023,walk_forward_validation,10,30,HDB|ACB|BID|VCB|SSI|GVR|POW|CTG|STB|VIB,0.4,0.43333333333333335,0.9230769230769231
2023-02-01,2023,walk_forward_validation,3,30,HDB|SSI|HPG,0.3333333333333333,0.5333333333333333,0.625
2023-02-01,2023,walk_forward_validation,5,30,HDB|SSI|HPG|GVR|ACB,0.4,0.5333333333333333,0.75
2023-02-01,2023,walk_forward_validation,10,30,HDB|SSI|HPG|GVR|ACB|TPB|VCB|STB|MBB|MWG,0.5,0.5333333333333333,0.9375
2023-02-02,2023,walk_forward_validation,3,30,MWG|SSI|HPG,0.3333333333333333,0.5333333333333333,0.625
2023-02-02,2023,walk_forward_validation,5,30,MWG|SSI|HPG|VCB|ACB,0.6,0.5333333333333333,1.125
2023-02-02,2023,walk_forward_validation,10,30,MWG|SSI|HPG|VCB|ACB|HDB|STB|MBB|GVR|TPB,0.6,0.5333333333333333,1.125
2023-02-03,2023,walk_forward_validation,3,30,TPB|VCB|HPG,1.0,0.6,1.6666666666666667
2023-02-03,2023,walk_forward_validation,5,30,TPB|VCB|HPG|GVR|SAB,0.8,0.6,1.3333333333333335
2023-02-03,2023,walk_forward_validation,10,30,TPB|VCB|HPG|GVR|SAB|HDB|MWG|POW|BVH|BID,0.8,0.6,1.3333333333333335
2023-02-06,2023,walk_forward_validation,3,30,HDB|SAB|VCB,1.0,0.6333333333333333,1.5789473684210527
2023-02-06,2023,walk_forward_validation,5,30,HDB|SAB|VCB|POW|MWG,0.8,0.6333333333333333,1.2631578947368423
2023-02-06,2023,walk_forward_validation,10,30,HDB|SAB|VCB|POW|MWG|GVR|HPG|TPB|BID|VIB,0.7,0.6333333333333333,1.1052631578947367
2023-02-07,2023,walk_forward_validation,3,30,MWG|HDB|VCB,0.6666666666666666,0.6,1.1111111111111112
2023-02-07,2023,walk_forward_validation,5,30,MWG|HDB|VCB|TPB|BID,0.6,0.6,1.0
2023-02-07,2023,walk_forward_validation,10,30,MWG|HDB|VCB|TPB|BID|POW|BVH|SAB|CTG|GVR,0.7,0.6,1.1666666666666667
2023-02-08,2023,walk_forward_validation,3,30,HDB|TPB|MWG,0.3333333333333333,0.6666666666666666,0.5
2023-02-08,2023,walk_forward_validation,5,30,HDB|TPB|MWG|BVH|HPG,0.6,0.6666666666666666,0.9
2023-02-08,2023,walk_forward_validation,10,30,HDB|TPB|MWG|BVH|HPG|SSI|BID|GAS|VIB|CTG,0.7,0.6666666666666666,1.05
2023-02-09,2023,walk_forward_validation,3,30,GAS|HPG|TPB,0.6666666666666666,0.6666666666666666,1.0
2023-02-09,2023,walk_forward_validation,5,30,GAS|HPG|TPB|HDB|BVH,0.8,0.6666666666666666,1.2000000000000002
2023-02-09,2023,walk_forward_validation,10,30,GAS|HPG|TPB|HDB|BVH|SAB|POW|VCB|CTG|BCM,0.7,0.6666666666666666,1.05
2023-02-10,2023,walk_forward_validation,3,30,SAB|HPG|HDB,0.6666666666666666,0.5333333333333333,1.25
2023-02-10,2023,walk_forward_validation,5,30,SAB|HPG|HDB|TPB|BVH,0.6,0.5333333333333333,1.125
2023-02-10,2023,walk_forward_validation,10,30,SAB|HPG|HDB|TPB|BVH|BCM|VCB|PLX|POW|BID,0.5,0.5333333333333333,0.9375
2023-02-13,2023,walk_forward_validation,3,30,VCB|HDB|BID,0.6666666666666666,0.5666666666666667,1.1764705882352942
2023-02-13,2023,walk_forward_validation,5,30,VCB|HDB|BID|SAB|HPG,0.6,0.5666666666666667,1.0588235294117647
2023-02-13,2023,walk_forward_validation,10,30,VCB|HDB|BID|SAB|HPG|PLX|TPB|GAS|BVH|BCM,0.6,0.5666666666666667,1.0588235294117647
2023-02-14,2023,walk_forward_validation,3,30,PLX|VCB|TPB,0.3333333333333333,0.5666666666666667,0.5882352941176471
2023-02-14,2023,walk_forward_validation,5,30,PLX|VCB|TPB|SAB|HDB,0.6,0.5666666666666667,1.0588235294117647
2023-02-14,2023,walk_forward_validation,10,30,PLX|VCB|TPB|SAB|HDB|BCM|BVH|BID|GAS|HPG,0.5,0.5666666666666667,0.8823529411764706
2023-02-15,2023,walk_forward_validation,3,30,PLX|BID|TPB,0.6666666666666666,0.5666666666666667,1.1764705882352942
2023-02-15,2023,walk_forward_validation,5,30,PLX|BID|TPB|BCM|VCB,0.4,0.5666666666666667,0.7058823529411765
2023-02-15,2023,walk_forward_validation,10,30,PLX|BID|TPB|BCM|VCB|SAB|GAS|HPG|HDB|POW,0.5,0.5666666666666667,0.8823529411764706
2023-02-16,2023,walk_forward_validation,3,30,HPG|PLX|POW,0.3333333333333333,0.5333333333333333,0.625
2023-02-16,2023,walk_forward_validation,5,30,HPG|PLX|POW|TPB|BID,0.6,0.5333333333333333,1.125
2023-02-16,2023,walk_forward_validation,10,30,HPG|PLX|POW|TPB|BID|GAS|VHM|HDB|BVH|SAB,0.5,0.5333333333333333,0.9375
2023-02-17,2023,walk_forward_validation,3,30,POW|PLX|HPG,0.3333333333333333,0.5333333333333333,0.625
2023-02-17,2023,walk_forward_validation,5,30,POW|PLX|HPG|BVH|BID,0.6,0.5333333333333333,1.125
2023-02-17,2023,walk_forward_validation,10,30,POW|PLX|HPG|BVH|BID|TPB|HDB|VCB|VHM|BCM,0.6,0.5333333333333333,1.125
2023-02-20,2023,walk_forward_validation,3,30,HPG|PLX|SSI,0.0,0.5666666666666667,0.0
2023-02-20,2023,walk_forward_validation,5,30,HPG|PLX|SSI|POW|BID,0.4,0.5666666666666667,0.7058823529411765
2023-02-20,2023,walk_forward_validation,10,30,HPG|PLX|SSI|POW|BID|HDB|VCB|BVH|ACB|GAS,0.5,0.5666666666666667,0.8823529411764706
2023-02-21,2023,walk_forward_validation,3,30,BID|SSI|PLX,0.6666666666666666,0.5333333333333333,1.25
2023-02-21,2023,walk_forward_validation,5,30,BID|SSI|PLX|HPG|GAS,0.4,0.5333333333333333,0.75
2023-02-21,2023,walk_forward_validation,10,30,BID|SSI|PLX|HPG|GAS|POW|VCB|BVH|HDB|TPB,0.5,0.5333333333333333,0.9375
2023-02-22,2023,walk_forward_validation,3,30,PLX|HPG|VCB,0.0,0.4666666666666667,0.0
2023-02-22,2023,walk_forward_validation,5,30,PLX|HPG|VCB|BID|HDB,0.2,0.4666666666666667,0.4285714285714286
2023-02-22,2023,walk_forward_validation,10,30,PLX|HPG|VCB|BID|HDB|GAS|BVH|TCB|SAB|VHM,0.3,0.4666666666666667,0.6428571428571428
2023-02-23,2023,walk_forward_validation,3,30,HPG|PLX|BID,0.3333333333333333,0.4666666666666667,0.7142857142857142
2023-02-23,2023,walk_forward_validation,5,30,HPG|PLX|BID|VCB|TCB,0.2,0.4666666666666667,0.4285714285714286
2023-02-23,2023,walk_forward_validation,10,30,HPG|PLX|BID|VCB|TCB|POW|GAS|ACB|TPB|SSI,0.4,0.4666666666666667,0.8571428571428572
2023-02-24,2023,walk_forward_validation,3,30,VCB|BID|VHM,0.6666666666666666,0.4666666666666667,1.4285714285714284
2023-02-24,2023,walk_forward_validation,5,30,VCB|BID|VHM|PLX|HPG,0.4,0.4666666666666667,0.8571428571428572
2023-02-24,2023,walk_forward_validation,10,30,VCB|BID|VHM|PLX|HPG|TCB|GAS|POW|ACB|BCM,0.3,0.4666666666666667,0.6428571428571428
2023-02-27,2023,walk_forward_validation,3,30,BID|POW|VCB,0.6666666666666666,0.5,1.3333333333333333
2023-02-27,2023,walk_forward_validation,5,30,BID|POW|VCB|TCB|VHM,0.6,0.5,1.2
2023-02-27,2023,walk_forward_validation,10,30,BID|POW|VCB|TCB|VHM|MSN|ACB|VNM|TPB|GAS,0.4,0.5,0.8
2023-02-28,2023,walk_forward_validation,3,30,BID|VCB|POW,0.6666666666666666,0.5666666666666667,1.1764705882352942
2023-02-28,2023,walk_forward_validation,5,30,BID|VCB|POW|VNM|TPB,0.6,0.5666666666666667,1.0588235294117647
2023-02-28,2023,walk_forward_validation,10,30,BID|VCB|POW|VNM|TPB|PLX|ACB|SAB|VHM|TCB,0.5,0.5666666666666667,0.8823529411764706
2023-03-01,2023,walk_forward_validation,3,30,STB|ACB|POW,0.3333333333333333,0.43333333333333335,0.7692307692307692
2023-03-01,2023,walk_forward_validation,5,30,STB|ACB|POW|HPG|TPB,0.2,0.43333333333333335,0.46153846153846156
2023-03-01,2023,walk_forward_validation,10,30,STB|ACB|POW|HPG|TPB|BID|SAB|VNM|PLX|VCB,0.1,0.43333333333333335,0.23076923076923078
2023-03-02,2023,walk_forward_validation,3,30,ACB|STB|TPB,0.3333333333333333,0.4,0.8333333333333333
2023-03-02,2023,walk_forward_validation,5,30,ACB|STB|TPB|BID|VNM,0.2,0.4,0.5
2023-03-02,2023,walk_forward_validation,10,30,ACB|STB|TPB|BID|VNM|POW|VCB|MWG|MSN|SAB,0.2,0.4,0.5
2023-03-03,2023,walk_forward_validation,3,30,POW|MSN|ACB,0.3333333333333333,0.4666666666666667,0.7142857142857142
2023-03-03,2023,walk_forward_validation,5,30,POW|MSN|ACB|BID|STB,0.4,0.4666666666666667,0.8571428571428572
2023-03-03,2023,walk_forward_validation,10,30,POW|MSN|ACB|BID|STB|VNM|PLX|SSB|TCB|HPG,0.3,0.4666666666666667,0.6428571428571428
2023-03-06,2023,walk_forward_validation,3,30,BID|POW|PLX,0.3333333333333333,0.5333333333333333,0.625
2023-03-06,2023,walk_forward_validation,5,30,BID|POW|PLX|TCB|MSN,0.4,0.5333333333333333,0.75
2023-03-06,2023,walk_forward_validation,10,30,BID|POW|PLX|TCB|MSN|STB|ACB|TPB|SSB|SHB,0.5,0.5333333333333333,0.9375
2023-03-07,2023,walk_forward_validation,3,30,POW|SSI|PLX,0.6666666666666666,0.4666666666666667,1.4285714285714284
2023-03-07,2023,walk_forward_validation,5,30,POW|SSI|PLX|HDB|BID,0.4,0.4666666666666667,0.8571428571428572
2023-03-07,2023,walk_forward_validation,10,30,POW|SSI|PLX|HDB|BID|SSB|MSN|HPG|STB|VNM,0.3,0.4666666666666667,0.6428571428571428
2023-03-08,2023,walk_forward_validation,3,30,SSI|HPG|POW,0.6666666666666666,0.5,1.3333333333333333
2023-03-08,2023,walk_forward_validation,5,30,SSI|HPG|POW|STB|HDB,0.8,0.5,1.6
2023-03-08,2023,walk_forward_validation,10,30,SSI|HPG|POW|STB|HDB|BID|PLX|VPB|ACB|SSB,0.5,0.5,1.0
2023-03-09,2023,walk_forward_validation,3,30,SSI|STB|ACB,0.3333333333333333,0.4,0.8333333333333333
2023-03-09,2023,walk_forward_validation,5,30,SSI|STB|ACB|BID|HPG,0.2,0.4,0.5
2023-03-09,2023,walk_forward_validation,10,30,SSI|STB|ACB|BID|HPG|POW|VPB|GVR|TCB|SHB,0.5,0.4,1.25
2023-03-10,2023,walk_forward_validation,3,30,SSI|VPB|GVR,1.0,0.43333333333333335,2.3076923076923075
2023-03-10,2023,walk_forward_validation,5,30,SSI|VPB|GVR|POW|STB,0.6,0.43333333333333335,1.3846153846153846
2023-03-10,2023,walk_forward_validation,10,30,SSI|VPB|GVR|POW|STB|HDB|HPG|BID|ACB|TPB,0.5,0.43333333333333335,1.1538461538461537
2023-03-13,2023,walk_forward_validation,3,30,SSI|GVR|HDB,1.0,0.5333333333333333,1.875
2023-03-13,2023,walk_forward_validation,5,30,SSI|GVR|HDB|HPG|BID,0.6,0.5333333333333333,1.125
2023-03-13,2023,walk_forward_validation,10,30,SSI|GVR|HDB|HPG|BID|TPB|POW|VRE|GAS|STB,0.6,0.5333333333333333,1.125
2023-03-14,2023,walk_forward_validation,3,30,VRE|VHM|TPB,0.6666666666666666,0.4666666666666667,1.4285714285714284
2023-03-14,2023,walk_forward_validation,5,30,VRE|VHM|TPB|POW|GAS,0.6,0.4666666666666667,1.2857142857142856
2023-03-14,2023,walk_forward_validation,10,30,VRE|VHM|TPB|POW|GAS|HDB|VNM|BID|CTG|SHB,0.5,0.4666666666666667,1.0714285714285714
2023-03-15,2023,walk_forward_validation,3,30,SSI|GVR|SHB,1.0,0.4666666666666667,2.142857142857143
2023-03-15,2023,walk_forward_validation,5,30,SSI|GVR|SHB|STB|TPB,1.0,0.4666666666666667,2.142857142857143
2023-03-15,2023,walk_forward_validation,10,30,SSI|GVR|SHB|STB|TPB|HDB|VHM|POW|BID|HPG,0.8,0.4666666666666667,1.7142857142857144
2023-03-16,2023,walk_forward_validation,3,30,SSI|GVR|POW,0.6666666666666666,0.4666666666666667,1.4285714285714284
2023-03-16,2023,walk_forward_validation,5,30,SSI|GVR|POW|TPB|VHM,0.8,0.4666666666666667,1.7142857142857144
2023-03-16,2023,walk_forward_validation,10,30,SSI|GVR|POW|TPB|VHM|VRE|STB|BID|SHB|VPB,0.7,0.4666666666666667,1.4999999999999998
2023-03-17,2023,walk_forward_validation,3,30,SSI|GVR|VRE,0.6666666666666666,0.5333333333333333,1.25
2023-03-17,2023,walk_forward_validation,5,30,SSI|GVR|VRE|POW|TPB,0.6,0.5333333333333333,1.125
2023-03-17,2023,walk_forward_validation,10,30,SSI|GVR|VRE|POW|TPB|SHB|STB|VJC|BID|HDB,0.6,0.5333333333333333,1.125
2023-03-20,2023,walk_forward_validation,3,30,VRE|POW|TPB,0.6666666666666666,0.5333333333333333,1.25
2023-03-20,2023,walk_forward_validation,5,30,VRE|POW|TPB|VJC|VPB,0.6,0.5333333333333333,1.125
2023-03-20,2023,walk_forward_validation,10,30,VRE|POW|TPB|VJC|VPB|SSI|VHM|SAB|BID|MSN,0.5,0.5333333333333333,0.9375
2023-03-21,2023,walk_forward_validation,3,30,VRE|VHM|VJC,0.3333333333333333,0.5,0.6666666666666666
2023-03-21,2023,walk_forward_validation,5,30,VRE|VHM|VJC|SSI|SHB,0.6,0.5,1.2
2023-03-21,2023,walk_forward_validation,10,30,VRE|VHM|VJC|SSI|SHB|POW|TPB|SAB|SSB|STB,0.6,0.5,1.2
2023-03-22,2023,walk_forward_validation,3,30,SSI|VJC|VRE,0.3333333333333333,0.5,0.6666666666666666
2023-03-22,2023,walk_forward_validation,5,30,SSI|VJC|VRE|SHB|GVR,0.6,0.5,1.2
2023-03-22,2023,walk_forward_validation,10,30,SSI|VJC|VRE|SHB|GVR|TPB|BID|POW|STB|MSN,0.5,0.5,1.0
2023-03-23,2023,walk_forward_validation,3,30,SSI|TPB|STB,1.0,0.4666666666666667,2.142857142857143
2023-03-23,2023,walk_forward_validation,5,30,SSI|TPB|STB|SHB|GVR,1.0,0.4666666666666667,2.142857142857143
2023-03-23,2023,walk_forward_validation,10,30,SSI|TPB|STB|SHB|GVR|CTG|POW|SAB|VRE|VJC,0.5,0.4666666666666667,1.0714285714285714
2023-03-24,2023,walk_forward_validation,3,30,SSI|GVR|SHB,1.0,0.4666666666666667,2.142857142857143
2023-03-24,2023,walk_forward_validation,5,30,SSI|GVR|SHB|TPB|VRE,0.8,0.4666666666666667,1.7142857142857144
2023-03-24,2023,walk_forward_validation,10,30,SSI|GVR|SHB|TPB|VRE|HDB|STB|VJC|POW|CTG,0.7,0.4666666666666667,1.4999999999999998
2023-03-27,2023,walk_forward_validation,3,30,VJC|SHB|GVR,0.6666666666666666,0.4666666666666667,1.4285714285714284
2023-03-27,2023,walk_forward_validation,5,30,VJC|SHB|GVR|MBB|POW,0.6,0.4666666666666667,1.2857142857142856
2023-03-27,2023,walk_forward_validation,10,30,VJC|SHB|GVR|MBB|POW|TPB|STB|VRE|CTG|VIB,0.6,0.4666666666666667,1.2857142857142856
2023-03-28,2023,walk_forward_validation,3,30,VJC|VRE|SHB,0.3333333333333333,0.5,0.6666666666666666
2023-03-28,2023,walk_forward_validation,5,30,VJC|VRE|SHB|STB|MBB,0.6,0.5,1.2
2023-03-28,2023,walk_forward_validation,10,30,VJC|VRE|SHB|STB|MBB|POW|GVR|SSI|CTG|VHM,0.7,0.5,1.4
2023-03-29,2023,walk_forward_validation,3,30,MBB|VJC|TCB,0.6666666666666666,0.4666666666666667,1.4285714285714284
2023-03-29,2023,walk_forward_validation,5,30,MBB|VJC|TCB|VRE|GVR,0.6,0.4666666666666667,1.2857142857142856
2023-03-29,2023,walk_forward_validation,10,30,MBB|VJC|TCB|VRE|GVR|CTG|SHB|POW|SSI|STB,0.6,0.4666666666666667,1.2857142857142856
2023-03-30,2023,walk_forward_validation,3,30,MBB|VJC|SHB,0.6666666666666666,0.4,1.6666666666666665
2023-03-30,2023,walk_forward_validation,5,30,MBB|VJC|SHB|TPB|CTG,0.6,0.4,1.4999999999999998
2023-03-30,2023,walk_forward_validation,10,30,MBB|VJC|SHB|TPB|CTG|TCB|POW|SSI|HDB|STB,0.6,0.4,1.4999999999999998
2023-03-31,2023,walk_forward_validation,3,30,SHB|MBB|GVR,1.0,0.43333333333333335,2.3076923076923075
2023-03-31,2023,walk_forward_validation,5,30,SHB|MBB|GVR|HDB|STB,0.6,0.43333333333333335,1.3846153846153846
2023-03-31,2023,walk_forward_validation,10,30,SHB|MBB|GVR|HDB|STB|TCB|VIC|TPB|VJC|POW,0.6,0.43333333333333335,1.3846153846153846
2023-04-03,2023,walk_forward_validation,3,30,VIC|MBB|GVR,0.6666666666666666,0.4666666666666667,1.4285714285714284
2023-04-03,2023,walk_forward_validation,5,30,VIC|MBB|GVR|HDB|TPB,0.8,0.4666666666666667,1.7142857142857144
2023-04-03,2023,walk_forward_validation,10,30,VIC|MBB|GVR|HDB|TPB|TCB|STB|SSI|SHB|VRE,0.7,0.4666666666666667,1.4999999999999998
2023-04-04,2023,walk_forward_validation,3,30,GVR|VIC|MBB,0.6666666666666666,0.4,1.6666666666666665
2023-04-04,2023,walk_forward_validation,5,30,GVR|VIC|MBB|TCB|STB,0.6,0.4,1.4999999999999998
2023-04-04,2023,walk_forward_validation,10,30,GVR|VIC|MBB|TCB|STB|SSI|HDB|SHB|CTG|VIB,0.4,0.4,1.0
2023-04-05,2023,walk_forward_validation,3,30,MBB|TCB|VIB,0.3333333333333333,0.43333333333333335,0.7692307692307692
2023-04-05,2023,walk_forward_validation,5,30,MBB|TCB|VIB|GVR|SSI,0.6,0.43333333333333335,1.3846153846153846
2023-04-05,2023,walk_forward_validation,10,30,MBB|TCB|VIB|GVR|SSI|HDB|HPG|CTG|SHB|PLX,0.6,0.43333333333333335,1.3846153846153846
2023-04-06,2023,walk_forward_validation,3,30,TCB|GVR|MBB,1.0,0.43333333333333335,2.3076923076923075
2023-04-06,2023,walk_forward_validation,5,30,TCB|GVR|MBB|TPB|SSI,1.0,0.43333333333333335,2.3076923076923075
2023-04-06,2023,walk_forward_validation,10,30,TCB|GVR|MBB|TPB|SSI|HDB|HPG|VIB|SHB|CTG,0.7,0.43333333333333335,1.6153846153846152
2023-04-07,2023,walk_forward_validation,3,30,GVR|TPB|TCB,1.0,0.4666666666666667,2.142857142857143
2023-04-07,2023,walk_forward_validation,5,30,GVR|TPB|TCB|HDB|MBB,0.8,0.4666666666666667,1.7142857142857144
2023-04-07,2023,walk_forward_validation,10,30,GVR|TPB|TCB|HDB|MBB|STB|SSI|ACB|CTG|VIC,0.7,0.4666666666666667,1.4999999999999998
2023-04-10,2023,walk_forward_validation,3,30,GVR|HDB|TPB,0.6666666666666666,0.4,1.6666666666666665
2023-04-10,2023,walk_forward_validation,5,30,GVR|HDB|TPB|TCB|SSI,0.6,0.4,1.4999999999999998
2023-04-10,2023,walk_forward_validation,10,30,GVR|HDB|TPB|TCB|SSI|VHM|MBB|STB|ACB|VPB,0.6,0.4,1.4999999999999998
2023-04-11,2023,walk_forward_validation,3,30,MBB|TPB|TCB,0.3333333333333333,0.36666666666666664,0.9090909090909091
2023-04-11,2023,walk_forward_validation,5,30,MBB|TPB|TCB|HDB|VIB,0.2,0.36666666666666664,0.5454545454545455
2023-04-11,2023,walk_forward_validation,10,30,MBB|TPB|TCB|HDB|VIB|STB|GVR|VPB|CTG|MWG,0.3,0.36666666666666664,0.8181818181818182
2023-04-12,2023,walk_forward_validation,3,30,GVR|SSI|TPB,0.6666666666666666,0.4,1.6666666666666665
2023-04-12,2023,walk_forward_validation,5,30,GVR|SSI|TPB|HDB|MBB,0.6,0.4,1.4999999999999998
2023-04-12,2023,walk_forward_validation,10,30,GVR|SSI|TPB|HDB|MBB|VHM|TCB|VIB|MWG|STB,0.5,0.4,1.25
2023-04-13,2023,walk_forward_validation,3,30,TPB|HDB|GVR,0.6666666666666666,0.4,1.6666666666666665
2023-04-13,2023,walk_forward_validation,5,30,TPB|HDB|GVR|TCB|SSI,0.6,0.4,1.4999999999999998
2023-04-13,2023,walk_forward_validation,10,30,TPB|HDB|GVR|TCB|SSI|STB|MBB|VHM|MWG|PLX,0.7,0.4,1.7499999999999998
2023-04-14,2023,walk_forward_validation,3,30,HDB|TPB|GVR,0.3333333333333333,0.4,0.8333333333333333
2023-04-14,2023,walk_forward_validation,5,30,HDB|TPB|GVR|MBB|STB,0.6,0.4,1.4999999999999998
2023-04-14,2023,walk_forward_validation,10,30,HDB|TPB|GVR|MBB|STB|TCB|PLX|SSI|ACB|MWG,0.6,0.4,1.4999999999999998
2023-04-17,2023,walk_forward_validation,3,30,TPB|MWG|HDB,0.3333333333333333,0.36666666666666664,0.9090909090909091
2023-04-17,2023,walk_forward_validation,5,30,TPB|MWG|HDB|GVR|TCB,0.4,0.36666666666666664,1.090909090909091
2023-04-17,2023,walk_forward_validation,10,30,TPB|MWG|HDB|GVR|TCB|STB|ACB|CTG|HPG|SSI,0.5,0.36666666666666664,1.3636363636363638
2023-04-18,2023,walk_forward_validation,3,30,GVR|TPB|TCB,1.0,0.43333333333333335,2.3076923076923075
2023-04-18,2023,walk_forward_validation,5,30,GVR|TPB|TCB|MWG|SSI,0.8,0.43333333333333335,1.8461538461538463
2023-04-18,2023,walk_forward_validation,10,30,GVR|TPB|TCB|MWG|SSI|SHB|HDB|POW|VHM|HPG,0.7,0.43333333333333335,1.6153846153846152
2023-04-19,2023,walk_forward_validation,3,30,MWG|VHM|TCB,0.6666666666666666,0.5,1.3333333333333333
2023-04-19,2023,walk_forward_validation,5,30,MWG|VHM|TCB|HDB|SHB,0.6,0.5,1.2
2023-04-19,2023,walk_forward_validation,10,30,MWG|VHM|TCB|HDB|SHB|MSN|HPG|SSI|PLX|TPB,0.7,0.5,1.4
2023-04-20,2023,walk_forward_validation,3,30,MWG|VHM|SHB,0.6666666666666666,0.5,1.3333333333333333
2023-04-20,2023,walk_forward_validation,5,30,MWG|VHM|SHB|HDB|TCB,0.6,0.5,1.2
2023-04-20,2023,walk_forward_validation,10,30,MWG|VHM|SHB|HDB|TCB|HPG|GVR|STB|FPT|MSN,0.7,0.5,1.4
2023-04-21,2023,walk_forward_validation,3,30,VHM|SSI|TPB,1.0,0.5,2.0
2023-04-21,2023,walk_forward_validation,5,30,VHM|SSI|TPB|MWG|STB,0.8,0.5,1.6
2023-04-21,2023,walk_forward_validation,10,30,VHM|SSI|TPB|MWG|STB|HDB|PLX|HPG|TCB|FPT,0.8,0.5,1.6
2023-04-24,2023,walk_forward_validation,3,30,VHM|TPB|GVR,1.0,0.43333333333333335,2.3076923076923075
2023-04-24,2023,walk_forward_validation,5,30,VHM|TPB|GVR|PLX|SSI,0.8,0.43333333333333335,1.8461538461538463
2023-04-24,2023,walk_forward_validation,10,30,VHM|TPB|GVR|PLX|SSI|MBB|TCB|HPG|STB|HDB,0.7,0.43333333333333335,1.6153846153846152
2023-04-25,2023,walk_forward_validation,3,30,HPG|TPB|TCB,0.6666666666666666,0.4666666666666667,1.4285714285714284
2023-04-25,2023,walk_forward_validation,5,30,HPG|TPB|TCB|GVR|MBB,0.6,0.4666666666666667,1.2857142857142856
2023-04-25,2023,walk_forward_validation,10,30,HPG|TPB|TCB|GVR|MBB|VHM|PLX|SSI|FPT|CTG,0.7,0.4666666666666667,1.4999999999999998
2023-04-26,2023,walk_forward_validation,3,30,HPG|TCB|MBB,0.0,0.43333333333333335,0.0
2023-04-26,2023,walk_forward_validation,5,30,HPG|TCB|MBB|TPB|GVR,0.4,0.43333333333333335,0.9230769230769231
2023-04-26,2023,walk_forward_validation,10,30,HPG|TCB|MBB|TPB|GVR|PLX|SSI|VCB|HDB|STB,0.6,0.43333333333333335,1.3846153846153846
2023-04-27,2023,walk_forward_validation,3,30,HPG|GVR|PLX,0.3333333333333333,0.43333333333333335,0.7692307692307692
2023-04-27,2023,walk_forward_validation,5,30,HPG|GVR|PLX|TPB|TCB,0.4,0.43333333333333335,0.9230769230769231
2023-04-27,2023,walk_forward_validation,10,30,HPG|GVR|PLX|TPB|TCB|HDB|MBB|VCB|MWG|SSI,0.5,0.43333333333333335,1.1538461538461537
2023-04-28,2023,walk_forward_validation,3,30,HPG|SSB|TPB,0.3333333333333333,0.4,0.8333333333333333
2023-04-28,2023,walk_forward_validation,5,30,HPG|SSB|TPB|MBB|PLX,0.2,0.4,0.5
2023-04-28,2023,walk_forward_validation,10,30,HPG|SSB|TPB|MBB|PLX|GVR|MWG|VCB|TCB|SSI,0.4,0.4,1.0
2023-05-04,2023,walk_forward_validation,3,30,TPB|PLX|HPG,0.3333333333333333,0.4666666666666667,0.7142857142857142
2023-05-04,2023,walk_forward_validation,5,30,TPB|PLX|HPG|SSB|SSI,0.4,0.4666666666666667,0.8571428571428572
2023-05-04,2023,walk_forward_validation,10,30,TPB|PLX|HPG|SSB|SSI|GVR|ACB|TCB|POW|MBB,0.6,0.4666666666666667,1.2857142857142856
2023-05-05,2023,walk_forward_validation,3,30,PLX|HPG|VCB,0.3333333333333333,0.4666666666666667,0.7142857142857142
2023-05-05,2023,walk_forward_validation,5,30,PLX|HPG|VCB|ACB|TPB,0.6,0.4666666666666667,1.2857142857142856
2023-05-05,2023,walk_forward_validation,10,30,PLX|HPG|VCB|ACB|TPB|SSB|GVR|POW|HDB|SSI,0.6,0.4666666666666667,1.2857142857142856
2023-05-08,2023,walk_forward_validation,3,30,HPG|GVR|VCB,0.6666666666666666,0.5,1.3333333333333333
2023-05-08,2023,walk_forward_validation,5,30,HPG|GVR|VCB|PLX|TPB,0.6,0.5,1.2
2023-05-08,2023,walk_forward_validation,10,30,HPG|GVR|VCB|PLX|TPB|SSI|ACB|SSB|TCB|POW,0.7,0.5,1.4
2023-05-09,2023,walk_forward_validation,3,30,PLX|GVR|TPB,0.6666666666666666,0.43333333333333335,1.5384615384615383
2023-05-09,2023,walk_forward_validation,5,30,PLX|GVR|TPB|SSI|HPG,0.6,0.43333333333333335,1.3846153846153846
2023-05-09,2023,walk_forward_validation,10,30,PLX|GVR|TPB|SSI|HPG|VCB|POW|ACB|STB|MBB,0.6,0.43333333333333335,1.3846153846153846
2023-05-10,2023,walk_forward_validation,3,30,TPB|HPG|PLX,0.3333333333333333,0.43333333333333335,0.7692307692307692
2023-05-10,2023,walk_forward_validation,5,30,TPB|HPG|PLX|VCB|GVR,0.6,0.43333333333333335,1.3846153846153846
2023-05-10,2023,walk_forward_validation,10,30,TPB|HPG|PLX|VCB|GVR|SSI|POW|STB|SSB|SHB,0.6,0.43333333333333335,1.3846153846153846
2023-05-11,2023,walk_forward_validation,3,30,TPB|GVR|SSI,1.0,0.43333333333333335,2.3076923076923075
2023-05-11,2023,walk_forward_validation,5,30,TPB|GVR|SSI|PLX|HPG,0.8,0.43333333333333335,1.8461538461538463
2023-05-11,2023,walk_forward_validation,10,30,TPB|GVR|SSI|PLX|HPG|VCB|STB|BID|ACB|POW,0.6,0.43333333333333335,1.3846153846153846
2023-05-12,2023,walk_forward_validation,3,30,GVR|SSI|TPB,1.0,0.4,2.5
2023-05-12,2023,walk_forward_validation,5,30,GVR|SSI|TPB|STB|FPT,1.0,0.4,2.5
2023-05-12,2023,walk_forward_validation,10,30,GVR|SSI|TPB|STB|FPT|VCB|ACB|HPG|PLX|MBB,0.7,0.4,1.7499999999999998
2023-05-15,2023,walk_forward_validation,3,30,SSI|STB|HPG,0.3333333333333333,0.43333333333333335,0.7692307692307692
2023-05-15,2023,walk_forward_validation,5,30,SSI|STB|HPG|VCB|TPB,0.6,0.43333333333333335,1.3846153846153846
2023-05-15,2023,walk_forward_validation,10,30,SSI|STB|HPG|VCB|TPB|GVR|FPT|MBB|VIC|VHM,0.7,0.43333333333333335,1.6153846153846152
2023-05-16,2023,walk_forward_validation,3,30,STB|SSI|FPT,0.3333333333333333,0.4,0.8333333333333333
2023-05-16,2023,walk_forward_validation,5,30,STB|SSI|FPT|TPB|VHM,0.6,0.4,1.4999999999999998
2023-05-16,2023,walk_forward_validation,10,30,STB|SSI|FPT|TPB|VHM|VCB|MBB|HPG|POW|PLX,0.6,0.4,1.4999999999999998
2023-05-17,2023,walk_forward_validation,3,30,FPT|STB|VHM,0.3333333333333333,0.4,0.8333333333333333
2023-05-17,2023,walk_forward_validation,5,30,FPT|STB|VHM|SSI|VCB,0.6,0.4,1.4999999999999998
2023-05-17,2023,walk_forward_validation,10,30,FPT|STB|VHM|SSI|VCB|GVR|HPG|HDB|POW|PLX,0.5,0.4,1.25
2023-05-18,2023,walk_forward_validation,3,30,FPT|STB|SSI,0.3333333333333333,0.4,0.8333333333333333
2023-05-18,2023,walk_forward_validation,5,30,FPT|STB|SSI|VHM|VIB,0.4,0.4,1.0
2023-05-18,2023,walk_forward_validation,10,30,FPT|STB|SSI|VHM|VIB|VCB|HPG|MBB|VIC|GVR,0.6,0.4,1.4999999999999998
2023-05-19,2023,walk_forward_validation,3,30,FPT|STB|SSI,0.3333333333333333,0.43333333333333335,0.7692307692307692
2023-05-19,2023,walk_forward_validation,5,30,FPT|STB|SSI|VHM|GVR,0.4,0.43333333333333335,0.9230769230769231
2023-05-19,2023,walk_forward_validation,10,30,FPT|STB|SSI|VHM|GVR|VIB|VCB|SHB|HPG|MBB,0.7,0.43333333333333335,1.6153846153846152
2023-05-22,2023,walk_forward_validation,3,30,STB|VHM|SSI,0.3333333333333333,0.4666666666666667,0.7142857142857142
2023-05-22,2023,walk_forward_validation,5,30,STB|VHM|SSI|VIB|GVR,0.6,0.4666666666666667,1.2857142857142856
2023-05-22,2023,walk_forward_validation,10,30,STB|VHM|SSI|VIB|GVR|FPT|SHB|MBB|TPB|VCB,0.7,0.4666666666666667,1.4999999999999998
2023-05-23,2023,walk_forward_validation,3,30,STB|VHM|SSI,0.6666666666666666,0.5,1.3333333333333333
2023-05-23,2023,walk_forward_validation,5,30,STB|VHM|SSI|SHB|GVR,0.8,0.5,1.6
2023-05-23,2023,walk_forward_validation,10,30,STB|VHM|SSI|SHB|GVR|VIB|TCB|POW|FPT|TPB,0.7,0.5,1.4
2023-05-24,2023,walk_forward_validation,3,30,VHM|STB|SHB,0.6666666666666666,0.5,1.3333333333333333
2023-05-24,2023,walk_forward_validation,5,30,VHM|STB|SHB|SSI|POW,0.6,0.5,1.2
2023-05-24,2023,walk_forward_validation,10,30,VHM|STB|SHB|SSI|POW|VIB|HDB|GVR|VCB|FPT,0.7,0.5,1.4
2023-05-25,2023,walk_forward_validation,3,30,VHM|FPT|GVR,0.3333333333333333,0.4666666666666667,0.7142857142857142
2023-05-25,2023,walk_forward_validation,5,30,VHM|FPT|GVR|VCB|SHB,0.6,0.4666666666666667,1.2857142857142856
2023-05-25,2023,walk_forward_validation,10,30,VHM|FPT|GVR|VCB|SHB|STB|HDB|POW|SSI|ACB,0.5,0.4666666666666667,1.0714285714285714
2023-05-26,2023,walk_forward_validation,3,30,VHM|FPT|STB,0.3333333333333333,0.43333333333333335,0.7692307692307692
2023-05-26,2023,walk_forward_validation,5,30,VHM|FPT|STB|HDB|POW,0.2,0.43333333333333335,0.46153846153846156
2023-05-26,2023,walk_forward_validation,10,30,VHM|FPT|STB|HDB|POW|SSI|VIB|GVR|ACB|VJC,0.4,0.43333333333333335,0.9230769230769231
2023-05-29,2023,walk_forward_validation,3,30,FPT|SSI|POW,0.3333333333333333,0.4666666666666667,0.7142857142857142
2023-05-29,2023,walk_forward_validation,5,30,FPT|SSI|POW|STB|HDB,0.4,0.4666666666666667,0.8571428571428572
2023-05-29,2023,walk_forward_validation,10,30,FPT|SSI|POW|STB|HDB|VJC|TPB|VIB|SHB|VHM,0.5,0.4666666666666667,1.0714285714285714
2023-05-30,2023,walk_forward_validation,3,30,FPT|SSI|STB,0.6666666666666666,0.5,1.3333333333333333
2023-05-30,2023,walk_forward_validation,5,30,FPT|SSI|STB|VIB|HDB,0.6,0.5,1.2
2023-05-30,2023,walk_forward_validation,10,30,FPT|SSI|STB|VIB|HDB|POW|SHB|VCB|TPB|VHM,0.6,0.5,1.2
2023-05-31,2023,walk_forward_validation,3,30,FPT|TPB|STB,0.3333333333333333,0.4666666666666667,0.7142857142857142
2023-05-31,2023,walk_forward_validation,5,30,FPT|TPB|STB|SSI|VIB,0.6,0.4666666666666667,1.2857142857142856
2023-05-31,2023,walk_forward_validation,10,30,FPT|TPB|STB|SSI|VIB|VHM|ACB|POW|GVR|SHB,0.5,0.4666666666666667,1.0714285714285714
2023-06-01,2023,walk_forward_validation,3,30,SSI|FPT|VIB,0.6666666666666666,0.43333333333333335,1.5384615384615383
2023-06-01,2023,walk_forward_validation,5,30,SSI|FPT|VIB|STB|ACB,0.6,0.43333333333333335,1.3846153846153846
2023-06-01,2023,walk_forward_validation,10,30,SSI|FPT|VIB|STB|ACB|POW|TPB|VHM|TCB|GVR,0.4,0.43333333333333335,0.9230769230769231
2023-06-02,2023,walk_forward_validation,3,30,ACB|TPB|STB,0.3333333333333333,0.4,0.8333333333333333
2023-06-02,2023,walk_forward_validation,5,30,ACB|TPB|STB|FPT|SSI,0.4,0.4,1.0
2023-06-02,2023,walk_forward_validation,10,30,ACB|TPB|STB|FPT|SSI|VIB|GVR|MBB|MWG|TCB,0.4,0.4,1.0
2023-06-05,2023,walk_forward_validation,3,30,GVR|VIB|TCB,0.3333333333333333,0.36666666666666664,0.9090909090909091
2023-06-05,2023,walk_forward_validation,5,30,GVR|VIB|TCB|TPB|MWG,0.4,0.36666666666666664,1.090909090909091
2023-06-05,2023,walk_forward_validation,10,30,GVR|VIB|TCB|TPB|MWG|SHB|MBB|ACB|SSI|STB,0.6,0.36666666666666664,1.6363636363636365
2023-06-06,2023,walk_forward_validation,3,30,GVR|SSI|MBB,0.6666666666666666,0.43333333333333335,1.5384615384615383
2023-06-06,2023,walk_forward_validation,5,30,GVR|SSI|MBB|FPT|VIB,0.4,0.43333333333333335,0.9230769230769231
2023-06-06,2023,walk_forward_validation,10,30,GVR|SSI|MBB|FPT|VIB|ACB|TCB|SHB|MWG|VCB,0.4,0.43333333333333335,0.9230769230769231
2023-06-07,2023,walk_forward_validation,3,30,GVR|SSI|VIB,0.6666666666666666,0.4,1.6666666666666665
2023-06-07,2023,walk_forward_validation,5,30,GVR|SSI|VIB|ACB|TPB,0.4,0.4,1.0
2023-06-07,2023,walk_forward_validation,10,30,GVR|SSI|VIB|ACB|TPB|MBB|TCB|MWG|FPT|SHB,0.6,0.4,1.4999999999999998
2023-06-08,2023,walk_forward_validation,3,30,GVR|TPB|VIB,0.6666666666666666,0.43333333333333335,1.5384615384615383
2023-06-08,2023,walk_forward_validation,5,30,GVR|TPB|VIB|TCB|VCB,0.4,0.43333333333333335,0.9230769230769231
2023-06-08,2023,walk_forward_validation,10,30,GVR|TPB|VIB|TCB|VCB|SSI|MBB|HPG|MWG|SHB,0.7,0.43333333333333335,1.6153846153846152
2023-06-09,2023,walk_forward_validation,3,30,SSI|MBB|TCB,0.6666666666666666,0.4666666666666667,1.4285714285714284
2023-06-09,2023,walk_forward_validation,5,30,SSI|MBB|TCB|GVR|VIB,0.6,0.4666666666666667,1.2857142857142856
2023-06-09,2023,walk_forward_validation,10,30,SSI|MBB|TCB|GVR|VIB|TPB|MWG|VCB|VHM|ACB,0.5,0.4666666666666667,1.0714285714285714
2023-06-12,2023,walk_forward_validation,3,30,SSI|VIB|MBB,1.0,0.5,2.0
2023-06-12,2023,walk_forward_validation,5,30,SSI|VIB|MBB|TCB|MWG,0.8,0.5,1.6
2023-06-12,2023,walk_forward_validation,10,30,SSI|VIB|MBB|TCB|MWG|VCB|GVR|TPB|BCM|SHB,0.6,0.5,1.2
2023-06-13,2023,walk_forward_validation,3,30,SSI|VIB|MWG,1.0,0.5,2.0
2023-06-13,2023,walk_forward_validation,5,30,SSI|VIB|MWG|TCB|VCB,0.6,0.5,1.2
2023-06-13,2023,walk_forward_validation,10,30,SSI|VIB|MWG|TCB|VCB|MBB|HPG|MSN|GVR|VHM,0.6,0.5,1.2
2023-06-14,2023,walk_forward_validation,3,30,SSI|VCB|VIB,0.6666666666666666,0.5333333333333333,1.25
2023-06-14,2023,walk_forward_validation,5,30,SSI|VCB|VIB|TCB|HPG,0.6,0.5333333333333333,1.125
2023-06-14,2023,walk_forward_validation,10,30,SSI|VCB|VIB|TCB|HPG|MWG|MBB|SHB|VHM|SSB,0.7,0.5333333333333333,1.3125
2023-06-15,2023,walk_forward_validation,3,30,VCB|SSI|TCB,0.3333333333333333,0.5333333333333333,0.625
2023-06-15,2023,walk_forward_validation,5,30,VCB|SSI|TCB|HPG|MBB,0.6,0.5333333333333333,1.125
2023-06-15,2023,walk_forward_validation,10,30,VCB|SSI|TCB|HPG|MBB|VIB|MWG|MSN|SHB|SSB,0.8,0.5333333333333333,1.5
2023-06-16,2023,walk_forward_validation,3,30,SSI|VCB|TCB,0.3333333333333333,0.5333333333333333,0.625
2023-06-16,2023,walk_forward_validation,5,30,SSI|VCB|TCB|MBB|HPG,0.6,0.5333333333333333,1.125
2023-06-16,2023,walk_forward_validation,10,30,SSI|VCB|TCB|MBB|HPG|VIB|SHB|MWG|SSB|MSN,0.8,0.5333333333333333,1.5
2023-06-19,2023,walk_forward_validation,3,30,VIB|MWG|HPG,0.6666666666666666,0.5,1.3333333333333333
2023-06-19,2023,walk_forward_validation,5,30,VIB|MWG|HPG|SSI|SHB,0.8,0.5,1.6
2023-06-19,2023,walk_forward_validation,10,30,VIB|MWG|HPG|SSI|SHB|VCB|TCB|MBB|SSB|TPB,0.6,0.5,1.2
2023-06-20,2023,walk_forward_validation,3,30,HPG|MWG|VIB,1.0,0.5666666666666667,1.7647058823529411
2023-06-20,2023,walk_forward_validation,5,30,HPG|MWG|VIB|MBB|SSI,1.0,0.5666666666666667,1.7647058823529411
2023-06-20,2023,walk_forward_validation,10,30,HPG|MWG|VIB|MBB|SSI|GVR|BCM|SHB|STB|VCB,0.7,0.5666666666666667,1.2352941176470589
2023-06-21,2023,walk_forward_validation,3,30,MBB|TCB|MWG,0.6666666666666666,0.5666666666666667,1.1764705882352942
2023-06-21,2023,walk_forward_validation,5,30,MBB|TCB|MWG|VIB|STB,0.6,0.5666666666666667,1.0588235294117647
2023-06-21,2023,walk_forward_validation,10,30,MBB|TCB|MWG|VIB|STB|SHB|HPG|BCM|SSI|SSB,0.7,0.5666666666666667,1.2352941176470589
2023-06-22,2023,walk_forward_validation,3,30,GVR|STB|HPG,0.6666666666666666,0.5,1.3333333333333333
2023-06-22,2023,walk_forward_validation,5,30,GVR|STB|HPG|SHB|VIB,0.6,0.5,1.2
2023-06-22,2023,walk_forward_validation,10,30,GVR|STB|HPG|SHB|VIB|MBB|SSB|CTG|SSI|MWG,0.7,0.5,1.4
2023-06-23,2023,walk_forward_validation,3,30,SSB|VIB|STB,0.3333333333333333,0.6,0.5555555555555556
2023-06-23,2023,walk_forward_validation,5,30,SSB|VIB|STB|MBB|SHB,0.6,0.6,1.0
2023-06-23,2023,walk_forward_validation,10,30,SSB|VIB|STB|MBB|SHB|SSI|MWG|GVR|HPG|TCB,0.7,0.6,1.1666666666666667
2023-06-26,2023,walk_forward_validation,3,30,SSB|MBB|SSI,1.0,0.5333333333333333,1.875
2023-06-26,2023,walk_forward_validation,5,30,SSB|MBB|SSI|VIB|GVR,1.0,0.5333333333333333,1.875
2023-06-26,2023,walk_forward_validation,10,30,SSB|MBB|SSI|VIB|GVR|TCB|MWG|SHB|HPG|ACB,0.8,0.5333333333333333,1.5
2023-06-27,2023,walk_forward_validation,3,30,SSB|GVR|MWG,1.0,0.5666666666666667,1.7647058823529411
2023-06-27,2023,walk_forward_validation,5,30,SSB|GVR|MWG|STB|MBB,0.8,0.5666666666666667,1.411764705882353
2023-06-27,2023,walk_forward_validation,10,30,SSB|GVR|MWG|STB|MBB|VIB|SSI|SHB|MSN|FPT,0.9,0.5666666666666667,1.5882352941176472
2023-06-28,2023,walk_forward_validation,3,30,SSB|MWG|GVR,1.0,0.5,2.0
2023-06-28,2023,walk_forward_validation,5,30,SSB|MWG|GVR|STB|MBB,0.6,0.5,1.2
2023-06-28,2023,walk_forward_validation,10,30,SSB|MWG|GVR|STB|MBB|SSI|SHB|CTG|VNM|ACB,0.6,0.5,1.2
2023-06-29,2023,walk_forward_validation,3,30,SSB|VNM|MBB,0.3333333333333333,0.4,0.8333333333333333
2023-06-29,2023,walk_forward_validation,5,30,SSB|VNM|MBB|CTG|VIB,0.2,0.4,0.5
2023-06-29,2023,walk_forward_validation,10,30,SSB|VNM|MBB|CTG|VIB|STB|SSI|FPT|MWG|VCB,0.5,0.4,1.25
2023-06-30,2023,walk_forward_validation,3,30,SSB|STB|VNM,0.6666666666666666,0.36666666666666664,1.8181818181818181
2023-06-30,2023,walk_forward_validation,5,30,SSB|STB|VNM|MWG|GVR,0.8,0.36666666666666664,2.181818181818182
2023-06-30,2023,walk_forward_validation,10,30,SSB|STB|VNM|MWG|GVR|MBB|SSI|CTG|ACB|FPT,0.6,0.36666666666666664,1.6363636363636365
2023-07-03,2023,walk_forward_validation,3,30,VNM|SSB|STB,0.3333333333333333,0.36666666666666664,0.9090909090909091
2023-07-03,2023,walk_forward_validation,5,30,VNM|SSB|STB|GVR|SHB,0.6,0.36666666666666664,1.6363636363636365
2023-07-03,2023,walk_forward_validation,10,30,VNM|SSB|STB|GVR|SHB|MBB|MWG|SSI|FPT|ACB,0.6,0.36666666666666664,1.6363636363636365
2023-07-04,2023,walk_forward_validation,3,30,GVR|SSB|SSI,1.0,0.4666666666666667,2.142857142857143
2023-07-04,2023,walk_forward_validation,5,30,GVR|SSB|SSI|VNM|SHB,1.0,0.4666666666666667,2.142857142857143
2023-07-04,2023,walk_forward_validation,10,30,GVR|SSB|SSI|VNM|SHB|STB|MWG|MBB|VHM|FPT,0.8,0.4666666666666667,1.7142857142857144
2023-07-05,2023,walk_forward_validation,3,30,SSB|GVR|SSI,1.0,0.43333333333333335,2.3076923076923075
2023-07-05,2023,walk_forward_validation,5,30,SSB|GVR|SSI|STB|SHB,0.8,0.43333333333333335,1.8461538461538463
2023-07-05,2023,walk_forward_validation,10,30,SSB|GVR|SSI|STB|SHB|PLX|MBB|VNM|FPT|MWG,0.7,0.43333333333333335,1.6153846153846152
2023-07-06,2023,walk_forward_validation,3,30,SSB|FPT|PLX,0.3333333333333333,0.36666666666666664,0.9090909090909091
2023-07-06,2023,walk_forward_validation,5,30,SSB|FPT|PLX|VNM|SHB,0.4,0.36666666666666664,1.090909090909091
2023-07-06,2023,walk_forward_validation,10,30,SSB|FPT|PLX|VNM|SHB|MBB|VIB|MWG|GVR|HPG,0.3,0.36666666666666664,0.8181818181818182
2023-07-07,2023,walk_forward_validation,3,30,SSB|FPT|MWG,0.6666666666666666,0.3333333333333333,2.0
2023-07-07,2023,walk_forward_validation,5,30,SSB|FPT|MWG|PLX|VCB,0.4,0.3333333333333333,1.2000000000000002
2023-07-07,2023,walk_forward_validation,10,30,SSB|FPT|MWG|PLX|VCB|SHB|SSI|VNM|MBB|CTG,0.4,0.3333333333333333,1.2000000000000002
2023-07-10,2023,walk_forward_validation,3,30,SSB|MWG|VNM,0.3333333333333333,0.4,0.8333333333333333
2023-07-10,2023,walk_forward_validation,5,30,SSB|MWG|VNM|SHB|MBB,0.4,0.4,1.0
2023-07-10,2023,walk_forward_validation,10,30,SSB|MWG|VNM|SHB|MBB|SSI|PLX|GVR|VIB|FPT,0.3,0.4,0.7499999999999999
2023-07-11,2023,walk_forward_validation,3,30,SSB|PLX|MWG,0.3333333333333333,0.3,1.1111111111111112
2023-07-11,2023,walk_forward_validation,5,30,SSB|PLX|MWG|SHB|GVR,0.4,0.3,1.3333333333333335
2023-07-11,2023,walk_forward_validation,10,30,SSB|PLX|MWG|SHB|GVR|MBB|VIB|VNM|SSI|HPG,0.2,0.3,0.6666666666666667
2023-07-12,2023,walk_forward_validation,3,30,SSB|SHB|PLX,0.3333333333333333,0.4,0.8333333333333333
2023-07-12,2023,walk_forward_validation,5,30,SSB|SHB|PLX|VNM|MBB,0.2,0.4,0.5
2023-07-12,2023,walk_forward_validation,10,30,SSB|SHB|PLX|VNM|MBB|SSI|MWG|BVH|BID|VIB,0.2,0.4,0.5
2023-07-13,2023,walk_forward_validation,3,30,SSB|PLX|SHB,0.3333333333333333,0.36666666666666664,0.9090909090909091
2023-07-13,2023,walk_forward_validation,5,30,SSB|PLX|SHB|SSI|MSN,0.2,0.36666666666666664,0.5454545454545455
2023-07-13,2023,walk_forward_validation,10,30,SSB|PLX|SHB|SSI|MSN|BVH|VNM|MBB|BID|MWG,0.2,0.36666666666666664,0.5454545454545455
2023-07-14,2023,walk_forward_validation,3,30,SSB|SSI|FPT,0.0,0.26666666666666666,0.0
2023-07-14,2023,walk_forward_validation,5,30,SSB|SSI|FPT|MBB|MSN,0.0,0.26666666666666666,0.0
2023-07-14,2023,walk_forward_validation,10,30,SSB|SSI|FPT|MBB|MSN|SHB|VNM|MWG|PLX|HPG,0.2,0.26666666666666666,0.75
2023-07-17,2023,walk_forward_validation,3,30,SSB|FPT|SSI,0.0,0.26666666666666666,0.0
2023-07-17,2023,walk_forward_validation,5,30,SSB|FPT|SSI|MWG|MBB,0.2,0.26666666666666666,0.75
2023-07-17,2023,walk_forward_validation,10,30,SSB|FPT|SSI|MWG|MBB|PLX|BVH|SHB|VRE|MSN,0.3,0.26666666666666666,1.125
2023-07-18,2023,walk_forward_validation,3,30,SSB|SSI|MWG,0.3333333333333333,0.3,1.1111111111111112
2023-07-18,2023,walk_forward_validation,5,30,SSB|SSI|MWG|SHB|GVR,0.4,0.3,1.3333333333333335
2023-07-18,2023,walk_forward_validation,10,30,SSB|SSI|MWG|SHB|GVR|FPT|MBB|VPB|MSN|BID,0.3,0.3,1.0
2023-07-19,2023,walk_forward_validation,3,30,SSB|MWG|SSI,0.3333333333333333,0.3333333333333333,1.0
2023-07-19,2023,walk_forward_validation,5,30,SSB|MWG|SSI|SHB|GVR,0.4,0.3333333333333333,1.2000000000000002
2023-07-19,2023,walk_forward_validation,10,30,SSB|MWG|SSI|SHB|GVR|VHM|FPT|HPG|VCB|MBB,0.4,0.3333333333333333,1.2000000000000002
2023-07-20,2023,walk_forward_validation,3,30,SSB|MWG|FPT,0.6666666666666666,0.4,1.6666666666666665
2023-07-20,2023,walk_forward_validation,5,30,SSB|MWG|FPT|SHB|SSI,0.8,0.4,2.0
2023-07-20,2023,walk_forward_validation,10,30,SSB|MWG|FPT|SHB|SSI|GVR|HPG|VPB|HDB|MBB,0.5,0.4,1.25
2023-07-21,2023,walk_forward_validation,3,30,FPT|SSB|SHB,0.3333333333333333,0.3333333333333333,1.0
2023-07-21,2023,walk_forward_validation,5,30,FPT|SSB|SHB|MSN|SSI,0.2,0.3333333333333333,0.6000000000000001
2023-07-21,2023,walk_forward_validation,10,30,FPT|SSB|SHB|MSN|SSI|HPG|MBB|HDB|VPB|VNM,0.2,0.3333333333333333,0.6000000000000001
2023-07-24,2023,walk_forward_validation,3,30,FPT|SSB|GVR,0.3333333333333333,0.43333333333333335,0.7692307692307692
2023-07-24,2023,walk_forward_validation,5,30,FPT|SSB|GVR|MSN|VPB,0.2,0.43333333333333335,0.46153846153846156
2023-07-24,2023,walk_forward_validation,10,30,FPT|SSB|GVR|MSN|VPB|SSI|VHM|SHB|MBB|VIB,0.2,0.43333333333333335,0.46153846153846156
2023-07-25,2023,walk_forward_validation,3,30,FPT|VPB|SSB,0.3333333333333333,0.36666666666666664,0.9090909090909091
2023-07-25,2023,walk_forward_validation,5,30,FPT|VPB|SSB|SSI|HPG,0.4,0.36666666666666664,1.090909090909091
2023-07-25,2023,walk_forward_validation,10,30,FPT|VPB|SSB|SSI|HPG|SHB|VIB|GVR|MSN|HDB,0.2,0.36666666666666664,0.5454545454545455
2023-07-26,2023,walk_forward_validation,3,30,FPT|SSI|SHB,0.6666666666666666,0.4,1.6666666666666665
2023-07-26,2023,walk_forward_validation,5,30,FPT|SSI|SHB|MSN|SSB,0.4,0.4,1.0
2023-07-26,2023,walk_forward_validation,10,30,FPT|SSI|SHB|MSN|SSB|VPB|VCB|VHM|HPG|MWG,0.2,0.4,0.5
2023-07-27,2023,walk_forward_validation,3,30,FPT|SSB|VPB,0.3333333333333333,0.4,0.8333333333333333
2023-07-27,2023,walk_forward_validation,5,30,FPT|SSB|VPB|HDB|VNM,0.4,0.4,1.0
2023-07-27,2023,walk_forward_validation,10,30,FPT|SSB|VPB|HDB|VNM|SSI|SHB|HPG|VCB|MSN,0.3,0.4,0.7499999999999999
2023-07-28,2023,walk_forward_validation,3,30,FPT|SSB|VNM,0.6666666666666666,0.43333333333333335,1.5384615384615383
2023-07-28,2023,walk_forward_validation,5,30,FPT|SSB|VNM|VPB|SSI,0.6,0.43333333333333335,1.3846153846153846
2023-07-28,2023,walk_forward_validation,10,30,FPT|SSB|VNM|VPB|SSI|MSN|HDB|VCB|SHB|HPG,0.3,0.43333333333333335,0.6923076923076923
2023-07-31,2023,walk_forward_validation,3,30,FPT|VNM|VPB,0.6666666666666666,0.36666666666666664,1.8181818181818181
2023-07-31,2023,walk_forward_validation,5,30,FPT|VNM|VPB|VHM|MSN,0.4,0.36666666666666664,1.090909090909091
2023-07-31,2023,walk_forward_validation,10,30,FPT|VNM|VPB|VHM|MSN|HDB|SHB|SSI|GVR|BVH,0.3,0.36666666666666664,0.8181818181818182
2023-08-01,2023,walk_forward_validation,3,30,FPT|HDB|VHM,0.3333333333333333,0.4,0.8333333333333333
2023-08-01,2023,walk_forward_validation,5,30,FPT|HDB|VHM|SHB|VPB,0.2,0.4,0.5
2023-08-01,2023,walk_forward_validation,10,30,FPT|HDB|VHM|SHB|VPB|MSN|VIC|BID|TCB|SSB,0.3,0.4,0.7499999999999999
2023-08-02,2023,walk_forward_validation,3,30,SHB|FPT|VHM,0.3333333333333333,0.4,0.8333333333333333
2023-08-02,2023,walk_forward_validation,5,30,SHB|FPT|VHM|BID|VPB,0.2,0.4,0.5
2023-08-02,2023,walk_forward_validation,10,30,SHB|FPT|VHM|BID|VPB|MSN|VIC|HDB|ACB|SSB,0.2,0.4,0.5
2023-08-03,2023,walk_forward_validation,3,30,ACB|FPT|SHB,0.3333333333333333,0.4,0.8333333333333333
2023-08-03,2023,walk_forward_validation,5,30,ACB|FPT|SHB|MSN|VIC,0.4,0.4,1.0
2023-08-03,2023,walk_forward_validation,10,30,ACB|FPT|SHB|MSN|VIC|HDB|VHM|BID|SSB|VPB,0.2,0.4,0.5
2023-08-04,2023,walk_forward_validation,3,30,ACB|SHB|VPB,0.0,0.4,0.0
2023-08-04,2023,walk_forward_validation,5,30,ACB|SHB|VPB|FPT|MWG,0.4,0.4,1.0
2023-08-04,2023,walk_forward_validation,10,30,ACB|SHB|VPB|FPT|MWG|MBB|VJC|VHM|TCB|MSN,0.4,0.4,1.0
2023-08-07,2023,walk_forward_validation,3,30,SHB|MWG|VHM,0.3333333333333333,0.3333333333333333,1.0
2023-08-07,2023,walk_forward_validation,5,30,SHB|MWG|VHM|VPB|FPT,0.4,0.3333333333333333,1.2000000000000002
2023-08-07,2023,walk_forward_validation,10,30,SHB|MWG|VHM|VPB|FPT|CTG|MSN|TCB|ACB|VJC,0.3,0.3333333333333333,0.9
2023-08-08,2023,walk_forward_validation,3,30,CTG|VJC|VHM,0.3333333333333333,0.36666666666666664,0.9090909090909091
2023-08-08,2023,walk_forward_validation,5,30,CTG|VJC|VHM|MSN|SHB,0.2,0.36666666666666664,0.5454545454545455
2023-08-08,2023,walk_forward_validation,10,30,CTG|VJC|VHM|MSN|SHB|FPT|MWG|VRE|TCB|SAB,0.4,0.36666666666666664,1.090909090909091
2023-08-09,2023,walk_forward_validation,3,30,CTG|SHB|MSN,0.0,0.3333333333333333,0.0
2023-08-09,2023,walk_forward_validation,5,30,CTG|SHB|MSN|TCB|VRE,0.2,0.3333333333333333,0.6000000000000001
2023-08-09,2023,walk_forward_validation,10,30,CTG|SHB|MSN|TCB|VRE|VJC|POW|VHM|VPB|STB,0.2,0.3333333333333333,0.6000000000000001
2023-08-10,2023,walk_forward_validation,3,30,VRE|VHM|CTG,0.3333333333333333,0.4,0.8333333333333333
2023-08-10,2023,walk_forward_validation,5,30,VRE|VHM|CTG|SHB|VJC,0.2,0.4,0.5
2023-08-10,2023,walk_forward_validation,10,30,VRE|VHM|CTG|SHB|VJC|SAB|VPB|TCB|HDB|POW,0.3,0.4,0.7499999999999999
2023-08-11,2023,walk_forward_validation,3,30,SHB|MWG|CTG,0.3333333333333333,0.4666666666666667,0.7142857142857142
2023-08-11,2023,walk_forward_validation,5,30,SHB|MWG|CTG|VHM|VRE,0.2,0.4666666666666667,0.4285714285714286
2023-08-11,2023,walk_forward_validation,10,30,SHB|MWG|CTG|VHM|VRE|TCB|STB|VPB|ACB|SSB,0.4,0.4666666666666667,0.8571428571428572
2023-08-14,2023,walk_forward_validation,3,30,CTG|TCB|VRE,0.6666666666666666,0.5333333333333333,1.25
2023-08-14,2023,walk_forward_validation,5,30,CTG|TCB|VRE|VHM|ACB,0.4,0.5333333333333333,0.75
2023-08-14,2023,walk_forward_validation,10,30,CTG|TCB|VRE|VHM|ACB|MWG|SHB|VNM|VPB|STB,0.6,0.5333333333333333,1.125
2023-08-15,2023,walk_forward_validation,3,30,CTG|STB|VJC,0.6666666666666666,0.6,1.1111111111111112
2023-08-15,2023,walk_forward_validation,5,30,CTG|STB|VJC|VHM|TCB,0.6,0.6,1.0
2023-08-15,2023,walk_forward_validation,10,30,CTG|STB|VJC|VHM|TCB|VRE|SHB|MWG|FPT|POW,0.5,0.6,0.8333333333333334
2023-08-16,2023,walk_forward_validation,3,30,TCB|CTG|VRE,0.6666666666666666,0.6666666666666666,1.0
2023-08-16,2023,walk_forward_validation,5,30,TCB|CTG|VRE|POW|VHM,0.4,0.6666666666666666,0.6000000000000001
2023-08-16,2023,walk_forward_validation,10,30,TCB|CTG|VRE|POW|VHM|VPB|FPT|MWG|MBB|VJC,0.7,0.6666666666666666,1.05
2023-08-17,2023,walk_forward_validation,3,30,CTG|VRE|FPT,0.6666666666666666,0.6666666666666666,1.0
2023-08-17,2023,walk_forward_validation,5,30,CTG|VRE|FPT|TCB|VHM,0.6,0.6666666666666666,0.9
2023-08-17,2023,walk_forward_validation,10,30,CTG|VRE|FPT|TCB|VHM|MWG|VPB|SSI|STB|POW,0.7,0.6666666666666666,1.05
2023-08-18,2023,walk_forward_validation,3,30,CTG|FPT|VNM,1.0,0.5666666666666667,1.7647058823529411
2023-08-18,2023,walk_forward_validation,5,30,CTG|FPT|VNM|VRE|STB,0.8,0.5666666666666667,1.411764705882353
2023-08-18,2023,walk_forward_validation,10,30,CTG|FPT|VNM|VRE|STB|VCB|TCB|VJC|POW|SSI,0.6,0.5666666666666667,1.0588235294117647
2023-08-21,2023,walk_forward_validation,3,30,FPT|VNM|VRE,0.6666666666666666,0.5333333333333333,1.25
2023-08-21,2023,walk_forward_validation,5,30,FPT|VNM|VRE|SSI|CTG,0.6,0.5333333333333333,1.125
2023-08-21,2023,walk_forward_validation,10,30,FPT|VNM|VRE|SSI|CTG|TCB|VCB|GAS|TPB|STB,0.7,0.5333333333333333,1.3125
2023-08-22,2023,walk_forward_validation,3,30,VRE|FPT|TPB,0.3333333333333333,0.5,0.6666666666666666
2023-08-22,2023,walk_forward_validation,5,30,VRE|FPT|TPB|GAS|TCB,0.6,0.5,1.2
2023-08-22,2023,walk_forward_validation,10,30,VRE|FPT|TPB|GAS|TCB|SSI|CTG|VNM|BID|BVH,0.5,0.5,1.0
2023-08-23,2023,walk_forward_validation,3,30,FPT|SSI|TCB,1.0,0.6,1.6666666666666667
2023-08-23,2023,walk_forward_validation,5,30,FPT|SSI|TCB|TPB|CTG,0.6,0.6,1.0
2023-08-23,2023,walk_forward_validation,10,30,FPT|SSI|TCB|TPB|CTG|VRE|VNM|GAS|STB|BVH,0.6,0.6,1.0
2023-08-24,2023,walk_forward_validation,3,30,FPT|TCB|VNM,1.0,0.6,1.6666666666666667
2023-08-24,2023,walk_forward_validation,5,30,FPT|TCB|VNM|GAS|SSI,0.8,0.6,1.3333333333333335
2023-08-24,2023,walk_forward_validation,10,30,FPT|TCB|VNM|GAS|SSI|TPB|VRE|CTG|BID|BVH,0.5,0.6,0.8333333333333334
2023-08-25,2023,walk_forward_validation,3,30,FPT|VNM|TPB,0.6666666666666666,0.6666666666666666,1.0
2023-08-25,2023,walk_forward_validation,5,30,FPT|VNM|TPB|GAS|TCB,0.8,0.6666666666666666,1.2000000000000002
2023-08-25,2023,walk_forward_validation,10,30,FPT|VNM|TPB|GAS|TCB|SSI|STB|VRE|SAB|SSB,0.6,0.6666666666666666,0.9
2023-08-28,2023,walk_forward_validation,3,30,VNM|FPT|GAS,1.0,0.6,1.6666666666666667
2023-08-28,2023,walk_forward_validation,5,30,VNM|FPT|GAS|TCB|VRE,0.6,0.6,1.0
2023-08-28,2023,walk_forward_validation,10,30,VNM|FPT|GAS|TCB|VRE|TPB|SSI|CTG|MWG|SAB,0.6,0.6,1.0
2023-08-29,2023,walk_forward_validation,3,30,GAS|VNM|FPT,1.0,0.6,1.6666666666666667
2023-08-29,2023,walk_forward_validation,5,30,GAS|VNM|FPT|TPB|TCB,0.8,0.6,1.3333333333333335
2023-08-29,2023,walk_forward_validation,10,30,GAS|VNM|FPT|TPB|TCB|HPG|SSI|MWG|CTG|STB,0.9,0.6,1.5
2023-08-30,2023,walk_forward_validation,3,30,VNM|TPB|MWG,0.6666666666666666,0.5666666666666667,1.1764705882352942
2023-08-30,2023,walk_forward_validation,5,30,VNM|TPB|MWG|TCB|GAS,0.8,0.5666666666666667,1.411764705882353
2023-08-30,2023,walk_forward_validation,10,30,VNM|TPB|MWG|TCB|GAS|CTG|HPG|SAB|VCB|FPT,0.7,0.5666666666666667,1.2352941176470589
2023-08-31,2023,walk_forward_validation,3,30,VNM|TCB|GVR,0.6666666666666666,0.6,1.1111111111111112
2023-08-31,2023,walk_forward_validation,5,30,VNM|TCB|GVR|FPT|TPB,0.6,0.6,1.0
2023-08-31,2023,walk_forward_validation,10,30,VNM|TCB|GVR|FPT|TPB|CTG|HPG|MWG|VIB|SSI,0.7,0.6,1.1666666666666667
2023-09-05,2023,walk_forward_validation,3,30,TPB|TCB|GVR,0.3333333333333333,0.5333333333333333,0.625
2023-09-05,2023,walk_forward_validation,5,30,TPB|TCB|GVR|VNM|CTG,0.4,0.5333333333333333,0.75
2023-09-05,2023,walk_forward_validation,10,30,TPB|TCB|GVR|VNM|CTG|FPT|MWG|HPG|SSI|MBB,0.4,0.5333333333333333,0.75
2023-09-06,2023,walk_forward_validation,3,30,VNM|TCB|TPB,0.6666666666666666,0.5333333333333333,1.25
2023-09-06,2023,walk_forward_validation,5,30,VNM|TCB|TPB|MWG|GAS,0.6,0.5333333333333333,1.125
2023-09-06,2023,walk_forward_validation,10,30,VNM|TCB|TPB|MWG|GAS|HPG|GVR|MBB|CTG|VJC,0.5,0.5333333333333333,0.9375
2023-09-07,2023,walk_forward_validation,3,30,VNM|GVR|GAS,0.6666666666666666,0.43333333333333335,1.5384615384615383
2023-09-07,2023,walk_forward_validation,5,30,VNM|GVR|GAS|TCB|MWG,0.4,0.43333333333333335,0.9230769230769231
2023-09-07,2023,walk_forward_validation,10,30,VNM|GVR|GAS|TCB|MWG|MBB|HPG|TPB|HDB|SAB,0.4,0.43333333333333335,0.9230769230769231
2023-09-08,2023,walk_forward_validation,3,30,MWG|GAS|TCB,0.3333333333333333,0.4666666666666667,0.7142857142857142
2023-09-08,2023,walk_forward_validation,5,30,MWG|GAS|TCB|VNM|GVR,0.4,0.4666666666666667,0.8571428571428572
2023-09-08,2023,walk_forward_validation,10,30,MWG|GAS|TCB|VNM|GVR|HPG|HDB|TPB|MBB|SAB,0.4,0.4666666666666667,0.8571428571428572
2023-09-11,2023,walk_forward_validation,3,30,SAB|MWG|GVR,0.3333333333333333,0.4666666666666667,0.7142857142857142
2023-09-11,2023,walk_forward_validation,5,30,SAB|MWG|GVR|VNM|GAS,0.4,0.4666666666666667,0.8571428571428572
2023-09-11,2023,walk_forward_validation,10,30,SAB|MWG|GVR|VNM|GAS|TCB|HPG|VPB|BID|PLX,0.3,0.4666666666666667,0.6428571428571428
2023-09-12,2023,walk_forward_validation,3,30,SAB|VNM|GVR,0.3333333333333333,0.4666666666666667,0.7142857142857142
2023-09-12,2023,walk_forward_validation,5,30,SAB|VNM|GVR|MWG|TCB,0.4,0.4666666666666667,0.8571428571428572
2023-09-12,2023,walk_forward_validation,10,30,SAB|VNM|GVR|MWG|TCB|GAS|HPG|MBB|HDB|VPB,0.6,0.4666666666666667,1.2857142857142856
2023-09-13,2023,walk_forward_validation,3,30,GVR|MWG|VPB,0.3333333333333333,0.5666666666666667,0.5882352941176471
2023-09-13,2023,walk_forward_validation,5,30,GVR|MWG|VPB|GAS|TCB,0.6,0.5666666666666667,1.0588235294117647
2023-09-13,2023,walk_forward_validation,10,30,GVR|MWG|VPB|GAS|TCB|SAB|HDB|VNM|HPG|VIB,0.6,0.5666666666666667,1.0588235294117647
2023-09-14,2023,walk_forward_validation,3,30,VHM|GVR|MWG,0.6666666666666666,0.5666666666666667,1.1764705882352942
2023-09-14,2023,walk_forward_validation,5,30,VHM|GVR|MWG|HDB|GAS,0.8,0.5666666666666667,1.411764705882353
2023-09-14,2023,walk_forward_validation,10,30,VHM|GVR|MWG|HDB|GAS|VPB|VIC|VIB|CTG|SAB,0.5,0.5666666666666667,0.8823529411764706
2023-09-15,2023,walk_forward_validation,3,30,VIC|GVR|VHM,0.3333333333333333,0.4666666666666667,0.7142857142857142
2023-09-15,2023,walk_forward_validation,5,30,VIC|GVR|VHM|HDB|VPB,0.6,0.4666666666666667,1.2857142857142856
2023-09-15,2023,walk_forward_validation,10,30,VIC|GVR|VHM|HDB|VPB|MWG|VIB|MBB|CTG|PLX,0.4,0.4666666666666667,0.8571428571428572
2023-09-18,2023,walk_forward_validation,3,30,VIC|VHM|GVR,0.3333333333333333,0.43333333333333335,0.7692307692307692
2023-09-18,2023,walk_forward_validation,5,30,VIC|VHM|GVR|HDB|MWG,0.4,0.43333333333333335,0.9230769230769231
2023-09-18,2023,walk_forward_validation,10,30,VIC|VHM|GVR|HDB|MWG|VPB|MBB|VIB|PLX|VNM,0.6,0.43333333333333335,1.3846153846153846
2023-09-19,2023,walk_forward_validation,3,30,VIC|VHM|GVR,0.0,0.43333333333333335,0.0
2023-09-19,2023,walk_forward_validation,5,30,VIC|VHM|GVR|PLX|HDB,0.2,0.43333333333333335,0.46153846153846156
2023-09-19,2023,walk_forward_validation,10,30,VIC|VHM|GVR|PLX|HDB|GAS|VNM|STB|VPB|MWG,0.4,0.43333333333333335,0.9230769230769231
2023-09-20,2023,walk_forward_validation,3,30,VIC|PLX|GAS,0.3333333333333333,0.43333333333333335,0.7692307692307692
2023-09-20,2023,walk_forward_validation,5,30,VIC|PLX|GAS|HDB|HPG,0.4,0.43333333333333335,0.9230769230769231
2023-09-20,2023,walk_forward_validation,10,30,VIC|PLX|GAS|HDB|HPG|MBB|VIB|VHM|VPB|FPT,0.5,0.43333333333333335,1.1538461538461537
2023-09-21,2023,walk_forward_validation,3,30,VIC|PLX|GAS,0.3333333333333333,0.43333333333333335,0.7692307692307692
2023-09-21,2023,walk_forward_validation,5,30,VIC|PLX|GAS|HPG|VPB,0.4,0.43333333333333335,0.9230769230769231
2023-09-21,2023,walk_forward_validation,10,30,VIC|PLX|GAS|HPG|VPB|HDB|SSI|VIB|MBB|MWG,0.4,0.43333333333333335,0.9230769230769231
2023-09-22,2023,walk_forward_validation,3,30,VIC|HDB|GAS,0.3333333333333333,0.5,0.6666666666666666
2023-09-22,2023,walk_forward_validation,5,30,VIC|HDB|GAS|PLX|VHM,0.2,0.5,0.4
2023-09-22,2023,walk_forward_validation,10,30,VIC|HDB|GAS|PLX|VHM|GVR|STB|VPB|VCB|MBB,0.5,0.5,1.0
2023-09-25,2023,walk_forward_validation,3,30,VIC|GAS|VHM,0.0,0.4,0.0
2023-09-25,2023,walk_forward_validation,5,30,VIC|GAS|VHM|GVR|VCB,0.2,0.4,0.5
2023-09-25,2023,walk_forward_validation,10,30,VIC|GAS|VHM|GVR|VCB|VNM|HDB|VJC|BCM|PLX,0.3,0.4,0.7499999999999999
2023-09-26,2023,walk_forward_validation,3,30,VIC|VHM|GAS,0.3333333333333333,0.4666666666666667,0.7142857142857142
2023-09-26,2023,walk_forward_validation,5,30,VIC|VHM|GAS|HDB|VJC,0.6,0.4666666666666667,1.2857142857142856
2023-09-26,2023,walk_forward_validation,10,30,VIC|VHM|GAS|HDB|VJC|VPB|VCB|VNM|GVR|MWG,0.6,0.4666666666666667,1.2857142857142856
2023-09-27,2023,walk_forward_validation,3,30,VIC|VHM|SSI,0.6666666666666666,0.5,1.3333333333333333
2023-09-27,2023,walk_forward_validation,5,30,VIC|VHM|SSI|VJC|GAS,0.6,0.5,1.2
2023-09-27,2023,walk_forward_validation,10,30,VIC|VHM|SSI|VJC|GAS|MBB|HDB|VCB|VPB|STB,0.7,0.5,1.4
2023-09-28,2023,walk_forward_validation,3,30,VIC|VHM|VJC,1.0,0.5333333333333333,1.875
2023-09-28,2023,walk_forward_validation,5,30,VIC|VHM|VJC|VPB|MBB,1.0,0.5333333333333333,1.875
2023-09-28,2023,walk_forward_validation,10,30,VIC|VHM|VJC|VPB|MBB|PLX|VCB|MWG|GVR|HDB,0.8,0.5333333333333333,1.5
2023-09-29,2023,walk_forward_validation,3,30,VIC|BCM|PLX,0.0,0.5666666666666667,0.0
2023-09-29,2023,walk_forward_validation,5,30,VIC|BCM|PLX|VCB|VHM,0.2,0.5666666666666667,0.35294117647058826
2023-09-29,2023,walk_forward_validation,10,30,VIC|BCM|PLX|VCB|VHM|TCB|VPB|MBB|VJC|ACB,0.5,0.5666666666666667,0.8823529411764706
2023-10-02,2023,walk_forward_validation,3,30,VIC|BCM|VCB,0.3333333333333333,0.5,0.6666666666666666
2023-10-02,2023,walk_forward_validation,5,30,VIC|BCM|VCB|MBB|VJC,0.6,0.5,1.2
2023-10-02,2023,walk_forward_validation,10,30,VIC|BCM|VCB|MBB|VJC|VPB|PLX|VHM|HDB|ACB,0.6,0.5,1.2
2023-10-03,2023,walk_forward_validation,3,30,VIC|BCM|VHM,0.0,0.5333333333333333,0.0
2023-10-03,2023,walk_forward_validation,5,30,VIC|BCM|VHM|VJC|MSN,0.2,0.5333333333333333,0.375
2023-10-03,2023,walk_forward_validation,10,30,VIC|BCM|VHM|VJC|MSN|VCB|VPB|MBB|HDB|TCB,0.5,0.5333333333333333,0.9375
2023-10-04,2023,walk_forward_validation,3,30,VIC|BCM|VPB,0.3333333333333333,0.5666666666666667,0.5882352941176471
2023-10-04,2023,walk_forward_validation,5,30,VIC|BCM|VPB|VHM|VJC,0.4,0.5666666666666667,0.7058823529411765
2023-10-04,2023,walk_forward_validation,10,30,VIC|BCM|VPB|VHM|VJC|VCB|MBB|SSI|VRE|HDB,0.5,0.5666666666666667,0.8823529411764706
2023-10-05,2023,walk_forward_validation,3,30,VIC|BCM|VPB,0.3333333333333333,0.6333333333333333,0.5263157894736842
2023-10-05,2023,walk_forward_validation,5,30,VIC|BCM|VPB|SSI|VJC,0.4,0.6333333333333333,0.6315789473684211
2023-10-05,2023,walk_forward_validation,10,30,VIC|BCM|VPB|SSI|VJC|VHM|MSN|VRE|GVR|HDB,0.3,0.6333333333333333,0.4736842105263158
2023-10-06,2023,walk_forward_validation,3,30,VIC|SSI|BCM,0.0,0.5,0.0
2023-10-06,2023,walk_forward_validation,5,30,VIC|SSI|BCM|VPB|GVR,0.0,0.5,0.0
2023-10-06,2023,walk_forward_validation,10,30,VIC|SSI|BCM|VPB|GVR|VRE|ACB|HDB|VJC|STB,0.3,0.5,0.6
2023-10-09,2023,walk_forward_validation,3,30,VIC|SSI|GVR,0.0,0.6,0.0
2023-10-09,2023,walk_forward_validation,5,30,VIC|SSI|GVR|ACB|VRE,0.2,0.6,0.33333333333333337
2023-10-09,2023,walk_forward_validation,10,30,VIC|SSI|GVR|ACB|VRE|STB|VPB|FPT|BCM|VHM,0.2,0.6,0.33333333333333337
2023-10-10,2023,walk_forward_validation,3,30,VIC|ACB|VPB,0.6666666666666666,0.5666666666666667,1.1764705882352942
2023-10-10,2023,walk_forward_validation,5,30,VIC|ACB|VPB|FPT|BCM,0.4,0.5666666666666667,0.7058823529411765
2023-10-10,2023,walk_forward_validation,10,30,VIC|ACB|VPB|FPT|BCM|VRE|VHM|HDB|STB|MBB,0.4,0.5666666666666667,0.7058823529411765
2023-10-11,2023,walk_forward_validation,3,30,VIC|SSI|ACB,0.3333333333333333,0.5,0.6666666666666666
2023-10-11,2023,walk_forward_validation,5,30,VIC|SSI|ACB|HDB|FPT,0.4,0.5,0.8
2023-10-11,2023,walk_forward_validation,10,30,VIC|SSI|ACB|HDB|FPT|STB|VPB|GVR|VRE|VHM,0.3,0.5,0.6
2023-10-12,2023,walk_forward_validation,3,30,GVR|SSI|VPB,0.0,0.5,0.0
2023-10-12,2023,walk_forward_validation,5,30,GVR|SSI|VPB|ACB|VHM,0.2,0.5,0.4
2023-10-12,2023,walk_forward_validation,10,30,GVR|SSI|VPB|ACB|VHM|VIC|FPT|HDB|STB|VRE,0.3,0.5,0.6
2023-10-13,2023,walk_forward_validation,3,30,GVR|SSI|VPB,0.0,0.5333333333333333,0.0
2023-10-13,2023,walk_forward_validation,5,30,GVR|SSI|VPB|ACB|HDB,0.4,0.5333333333333333,0.75
2023-10-13,2023,walk_forward_validation,10,30,GVR|SSI|VPB|ACB|HDB|VRE|STB|FPT|VJC|VIC,0.4,0.5333333333333333,0.75
2023-10-16,2023,walk_forward_validation,3,30,GVR|VPB|ACB,0.3333333333333333,0.5666666666666667,0.5882352941176471
2023-10-16,2023,walk_forward_validation,5,30,GVR|VPB|ACB|VRE|FPT,0.2,0.5666666666666667,0.35294117647058826
2023-10-16,2023,walk_forward_validation,10,30,GVR|VPB|ACB|VRE|FPT|VJC|VHM|SSI|VIC|HDB,0.5,0.5666666666666667,0.8823529411764706
2023-10-17,2023,walk_forward_validation,3,30,GVR|VRE|VPB,0.0,0.5666666666666667,0.0
2023-10-17,2023,walk_forward_validation,5,30,GVR|VRE|VPB|ACB|HDB,0.4,0.5666666666666667,0.7058823529411765
2023-10-17,2023,walk_forward_validation,10,30,GVR|VRE|VPB|ACB|HDB|VNM|MBB|VJC|VHM|VIC,0.5,0.5666666666666667,0.8823529411764706
2023-10-18,2023,walk_forward_validation,3,30,GVR|SSI|VRE,0.0,0.43333333333333335,0.0
2023-10-18,2023,walk_forward_validation,5,30,GVR|SSI|VRE|HDB|VIC,0.4,0.43333333333333335,0.9230769230769231
2023-10-18,2023,walk_forward_validation,10,30,GVR|SSI|VRE|HDB|VIC|FPT|ACB|VPB|POW|STB,0.4,0.43333333333333335,0.9230769230769231
2023-10-19,2023,walk_forward_validation,3,30,GVR|VRE|VIC,0.3333333333333333,0.4666666666666667,0.7142857142857142
2023-10-19,2023,walk_forward_validation,5,30,GVR|VRE|VIC|VPB|CTG,0.4,0.4666666666666667,0.8571428571428572
2023-10-19,2023,walk_forward_validation,10,30,GVR|VRE|VIC|VPB|CTG|SSI|HDB|POW|FPT|MWG,0.5,0.4666666666666667,1.0714285714285714
2023-10-20,2023,walk_forward_validation,3,30,GVR|VRE|SSI,0.3333333333333333,0.5,0.6666666666666666
2023-10-20,2023,walk_forward_validation,5,30,GVR|VRE|SSI|HDB|VPB,0.4,0.5,0.8
2023-10-20,2023,walk_forward_validation,10,30,GVR|VRE|SSI|HDB|VPB|FPT|ACB|VHM|MBB|VJC,0.5,0.5,1.0
2023-10-23,2023,walk_forward_validation,3,30,GVR|CTG|VHM,0.3333333333333333,0.43333333333333335,0.7692307692307692
2023-10-23,2023,walk_forward_validation,5,30,GVR|CTG|VHM|HDB|SSI,0.6,0.43333333333333335,1.3846153846153846
2023-10-23,2023,walk_forward_validation,10,30,GVR|CTG|VHM|HDB|SSI|VJC|ACB|VRE|MWG|SSB,0.5,0.43333333333333335,1.1538461538461537
2023-10-24,2023,walk_forward_validation,3,30,HDB|VJC|GVR,0.6666666666666666,0.4,1.6666666666666665
2023-10-24,2023,walk_forward_validation,5,30,HDB|VJC|GVR|SSB|VHM,0.4,0.4,1.0
2023-10-24,2023,walk_forward_validation,10,30,HDB|VJC|GVR|SSB|VHM|VRE|SSI|MWG|SHB|CTG,0.4,0.4,1.0
2023-10-25,2023,walk_forward_validation,3,30,GVR|VJC|VIC,0.3333333333333333,0.43333333333333335,0.7692307692307692
2023-10-25,2023,walk_forward_validation,5,30,GVR|VJC|VIC|SSB|HDB,0.4,0.43333333333333335,0.9230769230769231
2023-10-25,2023,walk_forward_validation,10,30,GVR|VJC|VIC|SSB|HDB|VRE|VHM|VCB|MWG|POW,0.3,0.43333333333333335,0.6923076923076923
2023-10-26,2023,walk_forward_validation,3,30,GVR|VIC|VJC,0.3333333333333333,0.43333333333333335,0.7692307692307692
2023-10-26,2023,walk_forward_validation,5,30,GVR|VIC|VJC|POW|VHM,0.4,0.43333333333333335,0.9230769230769231
2023-10-26,2023,walk_forward_validation,10,30,GVR|VIC|VJC|POW|VHM|HDB|SSB|MSN|CTG|MWG,0.3,0.43333333333333335,0.6923076923076923
2023-10-27,2023,walk_forward_validation,3,30,MSN|GVR|POW,0.6666666666666666,0.4,1.6666666666666665
2023-10-27,2023,walk_forward_validation,5,30,MSN|GVR|POW|BID|MWG,0.6,0.4,1.4999999999999998
2023-10-27,2023,walk_forward_validation,10,30,MSN|GVR|POW|BID|MWG|CTG|VIC|VJC|HDB|SSB,0.6,0.4,1.4999999999999998
2023-10-30,2023,walk_forward_validation,3,30,MSN|VIC|BID,0.6666666666666666,0.4,1.6666666666666665
2023-10-30,2023,walk_forward_validation,5,30,MSN|VIC|BID|MWG|POW,0.4,0.4,1.0
2023-10-30,2023,walk_forward_validation,10,30,MSN|VIC|BID|MWG|POW|GVR|SHB|CTG|TPB|BVH,0.5,0.4,1.25
2023-10-31,2023,walk_forward_validation,3,30,MWG|MSN|GVR,0.3333333333333333,0.3333333333333333,1.0
2023-10-31,2023,walk_forward_validation,5,30,MWG|MSN|GVR|SSI|SAB,0.6,0.3333333333333333,1.8
2023-10-31,2023,walk_forward_validation,10,30,MWG|MSN|GVR|SSI|SAB|BID|VIC|VIB|SHB|SSB,0.5,0.3333333333333333,1.5
2023-11-01,2023,walk_forward_validation,3,30,MWG|SSI|MSN,0.6666666666666666,0.36666666666666664,1.8181818181818181
2023-11-01,2023,walk_forward_validation,5,30,MWG|SSI|MSN|VIB|SHB,0.4,0.36666666666666664,1.090909090909091
2023-11-01,2023,walk_forward_validation,10,30,MWG|SSI|MSN|VIB|SHB|VIC|GVR|TPB|SAB|HPG,0.6,0.36666666666666664,1.6363636363636365
2023-11-02,2023,walk_forward_validation,3,30,MWG|SSI|GVR,1.0,0.4,2.5
2023-11-02,2023,walk_forward_validation,5,30,MWG|SSI|GVR|VCB|SSB,0.6,0.4,1.4999999999999998
2023-11-02,2023,walk_forward_validation,10,30,MWG|SSI|GVR|VCB|SSB|MSN|SAB|SHB|POW|HPG,0.5,0.4,1.25
2023-11-03,2023,walk_forward_validation,3,30,MWG|SHB|HPG,0.3333333333333333,0.26666666666666666,1.25
2023-11-03,2023,walk_forward_validation,5,30,MWG|SHB|HPG|BID|VIB,0.4,0.26666666666666666,1.5
2023-11-03,2023,walk_forward_validation,10,30,MWG|SHB|HPG|BID|VIB|ACB|VCB|SSI|GVR|HDB,0.4,0.26666666666666666,1.5
2023-11-06,2023,walk_forward_validation,3,30,MWG|HPG|SSI,1.0,0.3,3.3333333333333335
2023-11-06,2023,walk_forward_validation,5,30,MWG|HPG|SSI|BID|POW,0.8,0.3,2.666666666666667
2023-11-06,2023,walk_forward_validation,10,30,MWG|HPG|SSI|BID|POW|VIB|TPB|HDB|SHB|SSB,0.5,0.3,1.6666666666666667
2023-11-07,2023,walk_forward_validation,3,30,MWG|SHB|BID,0.6666666666666666,0.3,2.2222222222222223
2023-11-07,2023,walk_forward_validation,5,30,MWG|SHB|BID|HPG|HDB,0.6,0.3,2.0
2023-11-07,2023,walk_forward_validation,10,30,MWG|SHB|BID|HPG|HDB|TPB|SSI|POW|VCB|VIB,0.4,0.3,1.3333333333333335
2023-11-08,2023,walk_forward_validation,3,30,MWG|HDB|SHB,0.3333333333333333,0.3,1.1111111111111112
2023-11-08,2023,walk_forward_validation,5,30,MWG|HDB|SHB|SSI|HPG,0.6,0.3,2.0
2023-11-08,2023,walk_forward_validation,10,30,MWG|HDB|SHB|SSI|HPG|ACB|TPB|BID|VCB|VIB,0.4,0.3,1.3333333333333335
2023-11-09,2023,walk_forward_validation,3,30,SHB|HPG|MWG,0.6666666666666666,0.4,1.6666666666666665
2023-11-09,2023,walk_forward_validation,5,30,SHB|HPG|MWG|BID|SSI,0.8,0.4,2.0
2023-11-09,2023,walk_forward_validation,10,30,SHB|HPG|MWG|BID|SSI|TPB|HDB|GVR|VIB|MBB,0.6,0.4,1.4999999999999998
2023-11-10,2023,walk_forward_validation,3,30,MWG|SSI|HDB,0.6666666666666666,0.4,1.6666666666666665
2023-11-10,2023,walk_forward_validation,5,30,MWG|SSI|HDB|HPG|SHB,0.6,0.4,1.4999999999999998
2023-11-10,2023,walk_forward_validation,10,30,MWG|SSI|HDB|HPG|SHB|MSN|BID|VIB|VJC|GVR,0.6,0.4,1.4999999999999998
2023-11-13,2023,walk_forward_validation,3,30,MWG|SSI|GVR,1.0,0.3,3.3333333333333335
2023-11-13,2023,walk_forward_validation,5,30,MWG|SSI|GVR|TPB|VIC,0.6,0.3,2.0
2023-11-13,2023,walk_forward_validation,10,30,MWG|SSI|GVR|TPB|VIC|HDB|SHB|MSN|VIB|POW,0.4,0.3,1.3333333333333335
2023-11-14,2023,walk_forward_validation,3,30,SSI|HPG|HDB,0.6666666666666666,0.3333333333333333,2.0
2023-11-14,2023,walk_forward_validation,5,30,SSI|HPG|HDB|POW|TPB,0.4,0.3333333333333333,1.2000000000000002
2023-11-14,2023,walk_forward_validation,10,30,SSI|HPG|HDB|POW|TPB|SHB|VIB|MWG|VIC|GVR,0.4,0.3333333333333333,1.2000000000000002
2023-11-15,2023,walk_forward_validation,3,30,SSI|HDB|HPG,1.0,0.4,2.5
2023-11-15,2023,walk_forward_validation,5,30,SSI|HDB|HPG|GVR|VIB,0.8,0.4,2.0
2023-11-15,2023,walk_forward_validation,10,30,SSI|HDB|HPG|GVR|VIB|TPB|SHB|VIC|CTG|MBB,0.4,0.4,1.0
2023-11-16,2023,walk_forward_validation,3,30,SSI|HDB|VIB,0.6666666666666666,0.36666666666666664,1.8181818181818181
2023-11-16,2023,walk_forward_validation,5,30,SSI|HDB|VIB|TPB|GVR,0.6,0.36666666666666664,1.6363636363636365
2023-11-16,2023,walk_forward_validation,10,30,SSI|HDB|VIB|TPB|GVR|BID|ACB|SHB|VIC|MSN,0.4,0.36666666666666664,1.090909090909091
2023-11-17,2023,walk_forward_validation,3,30,SSI|GVR|SHB,0.6666666666666666,0.4,1.6666666666666665
2023-11-17,2023,walk_forward_validation,5,30,SSI|GVR|SHB|POW|VIB,0.4,0.4,1.0
2023-11-17,2023,walk_forward_validation,10,30,SSI|GVR|SHB|POW|VIB|HPG|HDB|VRE|MWG|CTG,0.5,0.4,1.25
2023-11-20,2023,walk_forward_validation,3,30,SSI|GVR|HDB,0.0,0.36666666666666664,0.0
2023-11-20,2023,walk_forward_validation,5,30,SSI|GVR|HDB|POW|HPG,0.2,0.36666666666666664,0.5454545454545455
2023-11-20,2023,walk_forward_validation,10,30,SSI|GVR|HDB|POW|HPG|SHB|VHM|TPB|VRE|BID,0.4,0.36666666666666664,1.090909090909091
2023-11-21,2023,walk_forward_validation,3,30,SSI|GVR|SHB,0.3333333333333333,0.5333333333333333,0.625
2023-11-21,2023,walk_forward_validation,5,30,SSI|GVR|SHB|POW|HDB,0.4,0.5333333333333333,0.75
2023-11-21,2023,walk_forward_validation,10,30,SSI|GVR|SHB|POW|HDB|TPB|BID|VRE|MWG|VIB,0.6,0.5333333333333333,1.125
2023-11-22,2023,walk_forward_validation,3,30,SSI|SHB|GVR,0.0,0.4666666666666667,0.0
2023-11-22,2023,walk_forward_validation,5,30,SSI|SHB|GVR|BID|FPT,0.4,0.4666666666666667,0.8571428571428572
2023-11-22,2023,walk_forward_validation,10,30,SSI|SHB|GVR|BID|FPT|MSN|TPB|POW|VRE|VIB,0.4,0.4666666666666667,0.8571428571428572
2023-11-23,2023,walk_forward_validation,3,30,SSI|MWG|GVR,1.0,0.5,2.0
2023-11-23,2023,walk_forward_validation,5,30,SSI|MWG|GVR|MSN|TPB,0.6,0.5,1.2
2023-11-23,2023,walk_forward_validation,10,30,SSI|MWG|GVR|MSN|TPB|BID|SHB|SAB|FPT|VIB,0.6,0.5,1.2
2023-11-24,2023,walk_forward_validation,3,30,SSI|GVR|MWG,1.0,0.5333333333333333,1.875
2023-11-24,2023,walk_forward_validation,5,30,SSI|GVR|MWG|TPB|BID,0.8,0.5333333333333333,1.5
2023-11-24,2023,walk_forward_validation,10,30,SSI|GVR|MWG|TPB|BID|CTG|FPT|MSN|VJC|SHB,0.6,0.5333333333333333,1.125
2023-11-27,2023,walk_forward_validation,3,30,GVR|SSI|SAB,0.6666666666666666,0.5666666666666667,1.1764705882352942
2023-11-27,2023,walk_forward_validation,5,30,GVR|SSI|SAB|FPT|CTG,0.6,0.5666666666666667,1.0588235294117647
2023-11-27,2023,walk_forward_validation,10,30,GVR|SSI|SAB|FPT|CTG|MWG|BID|VJC|HDB|HPG,0.7,0.5666666666666667,1.2352941176470589
2023-11-28,2023,walk_forward_validation,3,30,BID|FPT|PLX,0.6666666666666666,0.4666666666666667,1.4285714285714284
2023-11-28,2023,walk_forward_validation,5,30,BID|FPT|PLX|SAB|TPB,0.4,0.4666666666666667,0.8571428571428572
2023-11-28,2023,walk_forward_validation,10,30,BID|FPT|PLX|SAB|TPB|CTG|VJC|GVR|HPG|VHM,0.5,0.4666666666666667,1.0714285714285714
2023-11-29,2023,walk_forward_validation,3,30,FPT|BID|VHM,0.6666666666666666,0.5333333333333333,1.25
2023-11-29,2023,walk_forward_validation,5,30,FPT|BID|VHM|PLX|SSI,0.6,0.5333333333333333,1.125
2023-11-29,2023,walk_forward_validation,10,30,FPT|BID|VHM|PLX|SSI|MSN|HPG|GVR|MWG|CTG,0.8,0.5333333333333333,1.5
2023-11-30,2023,walk_forward_validation,3,30,PLX|SSI|SAB,0.3333333333333333,0.5666666666666667,0.5882352941176471
2023-11-30,2023,walk_forward_validation,5,30,PLX|SSI|SAB|BID|GVR,0.4,0.5666666666666667,0.7058823529411765
2023-11-30,2023,walk_forward_validation,10,30,PLX|SSI|SAB|BID|GVR|HPG|VHM|MWG|FPT|CTG,0.6,0.5666666666666667,1.0588235294117647
2023-12-01,2023,walk_forward_validation,3,30,BID|PLX|GVR,0.6666666666666666,0.5333333333333333,1.25
2023-12-01,2023,walk_forward_validation,5,30,BID|PLX|GVR|SSI|HPG,0.6,0.5333333333333333,1.125
2023-12-01,2023,walk_forward_validation,10,30,BID|PLX|GVR|SSI|HPG|SAB|VPB|FPT|TPB|CTG,0.5,0.5333333333333333,0.9375
2024-01-02,2024,walk_forward_validation,3,30,ACB|MSN|GVR,0.6666666666666666,0.5333333333333333,1.25
2024-01-02,2024,walk_forward_validation,5,30,ACB|MSN|GVR|VIB|MBB,0.8,0.5333333333333333,1.5
2024-01-02,2024,walk_forward_validation,10,30,ACB|MSN|GVR|VIB|MBB|TCB|MWG|VHM|BID|SSB,0.7,0.5333333333333333,1.3125
2024-01-03,2024,walk_forward_validation,3,30,VIB|ACB|GVR,1.0,0.5,2.0
2024-01-03,2024,walk_forward_validation,5,30,VIB|ACB|GVR|MBB|MSN,0.8,0.5,1.6
2024-01-03,2024,walk_forward_validation,10,30,VIB|ACB|GVR|MBB|MSN|TCB|SHB|SSI|VHM|MWG,0.8,0.5,1.6
2024-01-04,2024,walk_forward_validation,3,30,GVR|VIB|ACB,1.0,0.5,2.0
2024-01-04,2024,walk_forward_validation,5,30,GVR|VIB|ACB|MSN|SHB,0.6,0.5,1.2
2024-01-04,2024,walk_forward_validation,10,30,GVR|VIB|ACB|MSN|SHB|VHM|MWG|TCB|SSI|HDB,0.7,0.5,1.4
2024-01-05,2024,walk_forward_validation,3,30,SSI|ACB|GVR,1.0,0.4666666666666667,2.142857142857143
2024-01-05,2024,walk_forward_validation,5,30,SSI|ACB|GVR|VIB|TCB,0.8,0.4666666666666667,1.7142857142857144
2024-01-05,2024,walk_forward_validation,10,30,SSI|ACB|GVR|VIB|TCB|SHB|VHM|MBB|MWG|CTG,0.7,0.4666666666666667,1.4999999999999998
2024-01-08,2024,walk_forward_validation,3,30,SSI|ACB|GVR,1.0,0.5,2.0
2024-01-08,2024,walk_forward_validation,5,30,SSI|ACB|GVR|VIB|SHB,0.8,0.5,1.6
2024-01-08,2024,walk_forward_validation,10,30,SSI|ACB|GVR|VIB|SHB|STB|TCB|MBB|BID|FPT,0.9,0.5,1.8
2024-01-09,2024,walk_forward_validation,3,30,SSI|VIB|GVR,1.0,0.4666666666666667,2.142857142857143
2024-01-09,2024,walk_forward_validation,5,30,SSI|VIB|GVR|SHB|TCB,0.8,0.4666666666666667,1.7142857142857144
2024-01-09,2024,walk_forward_validation,10,30,SSI|VIB|GVR|SHB|TCB|STB|MBB|ACB|VHM|BID,0.8,0.4666666666666667,1.7142857142857144
2024-01-10,2024,walk_forward_validation,3,30,SSI|VIB|GVR,1.0,0.43333333333333335,2.3076923076923075
2024-01-10,2024,walk_forward_validation,5,30,SSI|VIB|GVR|TCB|MBB,1.0,0.43333333333333335,2.3076923076923075
2024-01-10,2024,walk_forward_validation,10,30,SSI|VIB|GVR|TCB|MBB|SHB|STB|ACB|BID|VHM,0.8,0.43333333333333335,1.8461538461538463
2024-01-11,2024,walk_forward_validation,3,30,SSI|SHB|VIB,0.6666666666666666,0.4666666666666667,1.4285714285714284
2024-01-11,2024,walk_forward_validation,5,30,SSI|SHB|VIB|TCB|ACB,0.8,0.4666666666666667,1.7142857142857144
2024-01-11,2024,walk_forward_validation,10,30,SSI|SHB|VIB|TCB|ACB|GVR|MBB|STB|CTG|TPB,0.8,0.4666666666666667,1.7142857142857144
2024-01-12,2024,walk_forward_validation,3,30,SSI|VIB|SHB,0.3333333333333333,0.4,0.8333333333333333
2024-01-12,2024,walk_forward_validation,5,30,SSI|VIB|SHB|ACB|TCB,0.6,0.4,1.4999999999999998
2024-01-12,2024,walk_forward_validation,10,30,SSI|VIB|SHB|ACB|TCB|STB|BVH|GVR|HDB|TPB,0.5,0.4,1.25
2024-01-15,2024,walk_forward_validation,3,30,VIB|SHB|SSI,0.6666666666666666,0.5,1.3333333333333333
2024-01-15,2024,walk_forward_validation,5,30,VIB|SHB|SSI|TCB|STB,0.6,0.5,1.2
2024-01-15,2024,walk_forward_validation,10,30,VIB|SHB|SSI|TCB|STB|CTG|HDB|ACB|TPB|GVR,0.7,0.5,1.4
2024-01-16,2024,walk_forward_validation,3,30,VIB|SHB|SSI,0.3333333333333333,0.43333333333333335,0.7692307692307692
2024-01-16,2024,walk_forward_validation,5,30,VIB|SHB|SSI|STB|GVR,0.4,0.43333333333333335,0.9230769230769231
2024-01-16,2024,walk_forward_validation,10,30,VIB|SHB|SSI|STB|GVR|MBB|TCB|BID|CTG|HDB,0.6,0.43333333333333335,1.3846153846153846
2024-01-17,2024,walk_forward_validation,3,30,VIB|SSI|SHB,0.3333333333333333,0.5333333333333333,0.625
2024-01-17,2024,walk_forward_validation,5,30,VIB|SSI|SHB|STB|TCB,0.6,0.5333333333333333,1.125
2024-01-17,2024,walk_forward_validation,10,30,VIB|SSI|SHB|STB|TCB|GVR|MBB|CTG|BID|HPG,0.7,0.5333333333333333,1.3125
2024-01-18,2024,walk_forward_validation,3,30,SSI|VIB|SHB,0.3333333333333333,0.43333333333333335,0.7692307692307692
2024-01-18,2024,walk_forward_validation,5,30,SSI|VIB|SHB|TCB|STB,0.4,0.43333333333333335,0.9230769230769231
2024-01-18,2024,walk_forward_validation,10,30,SSI|VIB|SHB|TCB|STB|MWG|MBB|GVR|HPG|CTG,0.5,0.43333333333333335,1.1538461538461537
2024-01-19,2024,walk_forward_validation,3,30,VIB|SSI|SHB,0.3333333333333333,0.4666666666666667,0.7142857142857142
2024-01-19,2024,walk_forward_validation,5,30,VIB|SSI|SHB|STB|MWG,0.2,0.4666666666666667,0.4285714285714286
2024-01-19,2024,walk_forward_validation,10,30,VIB|SSI|SHB|STB|MWG|TCB|GVR|MBB|ACB|HDB,0.6,0.4666666666666667,1.2857142857142856
2024-01-22,2024,walk_forward_validation,3,30,SSI|VIB|STB,0.3333333333333333,0.36666666666666664,0.9090909090909091
2024-01-22,2024,walk_forward_validation,5,30,SSI|VIB|STB|TCB|MWG,0.4,0.36666666666666664,1.090909090909091
2024-01-22,2024,walk_forward_validation,10,30,SSI|VIB|STB|TCB|MWG|SHB|BID|ACB|MBB|HDB,0.6,0.36666666666666664,1.6363636363636365
2024-01-23,2024,walk_forward_validation,3,30,SSI|VIB|STB,0.3333333333333333,0.4,0.8333333333333333
2024-01-23,2024,walk_forward_validation,5,30,SSI|VIB|STB|HPG|SHB,0.4,0.4,1.0
2024-01-23,2024,walk_forward_validation,10,30,SSI|VIB|STB|HPG|SHB|MWG|TCB|BID|MBB|GVR,0.6,0.4,1.4999999999999998
2024-01-24,2024,walk_forward_validation,3,30,SSI|STB|VIB,0.0,0.4,0.0
2024-01-24,2024,walk_forward_validation,5,30,SSI|STB|VIB|HPG|TCB,0.4,0.4,1.0
2024-01-24,2024,walk_forward_validation,10,30,SSI|STB|VIB|HPG|TCB|SHB|BID|MBB|MWG|VRE,0.5,0.4,1.25
2024-01-25,2024,walk_forward_validation,3,30,SSI|STB|SHB,0.3333333333333333,0.43333333333333335,0.7692307692307692
2024-01-25,2024,walk_forward_validation,5,30,SSI|STB|SHB|MWG|HPG,0.4,0.43333333333333335,0.9230769230769231
2024-01-25,2024,walk_forward_validation,10,30,SSI|STB|SHB|MWG|HPG|VIB|BID|VRE|TCB|VPB,0.5,0.43333333333333335,1.1538461538461537
2024-01-26,2024,walk_forward_validation,3,30,SSI|HPG|SHB,0.6666666666666666,0.4,1.6666666666666665
2024-01-26,2024,walk_forward_validation,5,30,SSI|HPG|SHB|VIB|TCB,0.6,0.4,1.4999999999999998
2024-01-26,2024,walk_forward_validation,10,30,SSI|HPG|SHB|VIB|TCB|STB|BID|MWG|VPB|MBB,0.5,0.4,1.25
2024-01-29,2024,walk_forward_validation,3,30,HDB|VIB|STB,0.3333333333333333,0.43333333333333335,0.7692307692307692
2024-01-29,2024,walk_forward_validation,5,30,HDB|VIB|STB|SSI|SHB,0.4,0.43333333333333335,0.9230769230769231
2024-01-29,2024,walk_forward_validation,10,30,HDB|VIB|STB|SSI|SHB|VPB|BID|GVR|TCB|MWG,0.5,0.43333333333333335,1.1538461538461537
2024-01-30,2024,walk_forward_validation,3,30,HDB|STB|SSI,0.3333333333333333,0.43333333333333335,0.7692307692307692
2024-01-30,2024,walk_forward_validation,5,30,HDB|STB|SSI|VIB|SHB,0.2,0.43333333333333335,0.46153846153846156
2024-01-30,2024,walk_forward_validation,10,30,HDB|STB|SSI|VIB|SHB|GVR|MWG|BID|TCB|HPG,0.6,0.43333333333333335,1.3846153846153846
2024-01-31,2024,walk_forward_validation,3,30,HDB|SSI|VIB,0.0,0.3333333333333333,0.0
2024-01-31,2024,walk_forward_validation,5,30,HDB|SSI|VIB|GVR|MWG,0.2,0.3333333333333333,0.6000000000000001
2024-01-31,2024,walk_forward_validation,10,30,HDB|SSI|VIB|GVR|MWG|STB|BID|BCM|HPG|TCB,0.4,0.3333333333333333,1.2000000000000002
2024-02-01,2024,walk_forward_validation,3,30,SSI|MWG|HDB,0.3333333333333333,0.4,0.8333333333333333
2024-02-01,2024,walk_forward_validation,5,30,SSI|MWG|HDB|MBB|HPG,0.6,0.4,1.4999999999999998
2024-02-01,2024,walk_forward_validation,10,30,SSI|MWG|HDB|MBB|HPG|VIB|STB|GVR|VCB|CTG,0.5,0.4,1.25
2024-02-02,2024,walk_forward_validation,3,30,SSI|MWG|HDB,0.0,0.43333333333333335,0.0
2024-02-02,2024,walk_forward_validation,5,30,SSI|MWG|HDB|HPG|GVR,0.4,0.43333333333333335,0.9230769230769231
2024-02-02,2024,walk_forward_validation,10,30,SSI|MWG|HDB|HPG|GVR|ACB|MBB|FPT|STB|VCB,0.4,0.43333333333333335,0.9230769230769231
2024-02-05,2024,walk_forward_validation,3,30,SSI|HDB|MWG,0.0,0.3333333333333333,0.0
2024-02-05,2024,walk_forward_validation,5,30,SSI|HDB|MWG|FPT|STB,0.2,0.3333333333333333,0.6000000000000001
2024-02-05,2024,walk_forward_validation,10,30,SSI|HDB|MWG|FPT|STB|HPG|GVR|BID|MBB|ACB,0.3,0.3333333333333333,0.9
2024-02-06,2024,walk_forward_validation,3,30,SSI|HDB|STB,0.0,0.3333333333333333,0.0
2024-02-06,2024,walk_forward_validation,5,30,SSI|HDB|STB|MWG|FPT,0.2,0.3333333333333333,0.6000000000000001
2024-02-06,2024,walk_forward_validation,10,30,SSI|HDB|STB|MWG|FPT|ACB|MBB|GVR|TCB|HPG,0.4,0.3333333333333333,1.2000000000000002
2024-02-07,2024,walk_forward_validation,3,30,SSI|HDB|STB,0.3333333333333333,0.43333333333333335,0.7692307692307692
2024-02-07,2024,walk_forward_validation,5,30,SSI|HDB|STB|HPG|GVR,0.6,0.43333333333333335,1.3846153846153846
2024-02-07,2024,walk_forward_validation,10,30,SSI|HDB|STB|HPG|GVR|CTG|ACB|FPT|MWG|VIB,0.4,0.43333333333333335,0.9230769230769231
2024-02-15,2024,walk_forward_validation,3,30,SSI|HDB|STB,0.3333333333333333,0.4666666666666667,0.7142857142857142
2024-02-15,2024,walk_forward_validation,5,30,SSI|HDB|STB|HPG|FPT,0.6,0.4666666666666667,1.2857142857142856
2024-02-15,2024,walk_forward_validation,10,30,SSI|HDB|STB|HPG|FPT|GVR|CTG|MWG|VIB|TCB,0.5,0.4666666666666667,1.0714285714285714
2024-02-16,2024,walk_forward_validation,3,30,SSI|HPG|HDB,0.6666666666666666,0.4,1.6666666666666665
2024-02-16,2024,walk_forward_validation,5,30,SSI|HPG|HDB|CTG|VIB,0.4,0.4,1.0
2024-02-16,2024,walk_forward_validation,10,30,SSI|HPG|HDB|CTG|VIB|MBB|TCB|FPT|ACB|MWG,0.4,0.4,1.0
2024-02-19,2024,walk_forward_validation,3,30,CTG|TCB|MBB,0.3333333333333333,0.26666666666666666,1.25
2024-02-19,2024,walk_forward_validation,5,30,CTG|TCB|MBB|FPT|HDB,0.4,0.26666666666666666,1.5
2024-02-19,2024,walk_forward_validation,10,30,CTG|TCB|MBB|FPT|HDB|SSI|HPG|MWG|VIB|ACB,0.3,0.26666666666666666,1.125
2024-02-20,2024,walk_forward_validation,3,30,SSI|HDB|TCB,0.6666666666666666,0.36666666666666664,1.8181818181818181
2024-02-20,2024,walk_forward_validation,5,30,SSI|HDB|TCB|HPG|CTG,0.6,0.36666666666666664,1.6363636363636365
2024-02-20,2024,walk_forward_validation,10,30,SSI|HDB|TCB|HPG|CTG|VIB|MWG|FPT|MBB|VNM,0.4,0.36666666666666664,1.090909090909091
2024-02-21,2024,walk_forward_validation,3,30,TCB|HDB|CTG,0.3333333333333333,0.36666666666666664,0.9090909090909091
2024-02-21,2024,walk_forward_validation,5,30,TCB|HDB|CTG|VIB|MBB,0.4,0.36666666666666664,1.090909090909091
2024-02-21,2024,walk_forward_validation,10,30,TCB|HDB|CTG|VIB|MBB|SSI|FPT|HPG|VRE|VNM,0.5,0.36666666666666664,1.3636363636363638
2024-02-22,2024,walk_forward_validation,3,30,VIB|CTG|MBB,0.3333333333333333,0.4,0.8333333333333333
2024-02-22,2024,walk_forward_validation,5,30,VIB|CTG|MBB|VRE|TCB,0.4,0.4,1.0
2024-02-22,2024,walk_forward_validation,10,30,VIB|CTG|MBB|VRE|TCB|BID|VNM|FPT|STB|HPG,0.5,0.4,1.25
2024-02-23,2024,walk_forward_validation,3,30,VRE|CTG|MBB,0.0,0.36666666666666664,0.0
2024-02-23,2024,walk_forward_validation,5,30,VRE|CTG|MBB|VNM|TCB,0.2,0.36666666666666664,0.5454545454545455
2024-02-23,2024,walk_forward_validation,10,30,VRE|CTG|MBB|VNM|TCB|VIB|HPG|VIC|FPT|BID,0.4,0.36666666666666664,1.090909090909091
2024-02-26,2024,walk_forward_validation,3,30,VRE|CTG|BID,0.0,0.43333333333333335,0.0
2024-02-26,2024,walk_forward_validation,5,30,VRE|CTG|BID|VIB|MBB,0.2,0.43333333333333335,0.46153846153846156
2024-02-26,2024,walk_forward_validation,10,30,VRE|CTG|BID|VIB|MBB|VNM|SSI|HPG|ACB|TCB,0.4,0.43333333333333335,0.9230769230769231
2024-02-27,2024,walk_forward_validation,3,30,VRE|CTG|BID,0.0,0.43333333333333335,0.0
2024-02-27,2024,walk_forward_validation,5,30,VRE|CTG|BID|VNM|SSI,0.2,0.43333333333333335,0.46153846153846156
2024-02-27,2024,walk_forward_validation,10,30,VRE|CTG|BID|VNM|SSI|MBB|HPG|TCB|VHM|VIB,0.4,0.43333333333333335,0.9230769230769231
2024-02-28,2024,walk_forward_validation,3,30,VRE|HPG|SSI,0.3333333333333333,0.43333333333333335,0.7692307692307692
2024-02-28,2024,walk_forward_validation,5,30,VRE|HPG|SSI|VNM|CTG,0.2,0.43333333333333335,0.46153846153846156
2024-02-28,2024,walk_forward_validation,10,30,VRE|HPG|SSI|VNM|CTG|MBB|BID|TCB|VHM|TPB,0.3,0.43333333333333335,0.6923076923076923
2024-02-29,2024,walk_forward_validation,3,30,VRE|HPG|TCB,0.3333333333333333,0.43333333333333335,0.7692307692307692
2024-02-29,2024,walk_forward_validation,5,30,VRE|HPG|TCB|SSI|CTG,0.4,0.43333333333333335,0.9230769230769231
2024-02-29,2024,walk_forward_validation,10,30,VRE|HPG|TCB|SSI|CTG|VCB|BID|MBB|VNM|FPT,0.4,0.43333333333333335,0.9230769230769231
2024-03-01,2024,walk_forward_validation,3,30,VRE|SSI|HPG,0.3333333333333333,0.43333333333333335,0.7692307692307692
2024-03-01,2024,walk_forward_validation,5,30,VRE|SSI|HPG|BID|TCB,0.4,0.43333333333333335,0.9230769230769231
2024-03-01,2024,walk_forward_validation,10,30,VRE|SSI|HPG|BID|TCB|CTG|MSN|VCB|TPB|VNM,0.3,0.43333333333333335,0.6923076923076923
2024-03-04,2024,walk_forward_validation,3,30,VRE|HPG|SSI,0.3333333333333333,0.43333333333333335,0.7692307692307692
2024-03-04,2024,walk_forward_validation,5,30,VRE|HPG|SSI|BID|TCB,0.4,0.43333333333333335,0.9230769230769231
2024-03-04,2024,walk_forward_validation,10,30,VRE|HPG|SSI|BID|TCB|CTG|MSN|FPT|TPB|VNM,0.4,0.43333333333333335,0.9230769230769231
2024-03-05,2024,walk_forward_validation,3,30,VRE|HPG|CTG,0.0,0.36666666666666664,0.0
2024-03-05,2024,walk_forward_validation,5,30,VRE|HPG|CTG|TCB|BID,0.2,0.36666666666666664,0.5454545454545455
2024-03-05,2024,walk_forward_validation,10,30,VRE|HPG|CTG|TCB|BID|SSI|VNM|MWG|MBB|GVR,0.4,0.36666666666666664,1.090909090909091
2024-03-06,2024,walk_forward_validation,3,30,VRE|HPG|MWG,0.3333333333333333,0.3333333333333333,1.0
2024-03-06,2024,walk_forward_validation,5,30,VRE|HPG|MWG|BID|VCB,0.2,0.3333333333333333,0.6000000000000001
2024-03-06,2024,walk_forward_validation,10,30,VRE|HPG|MWG|BID|VCB|SSI|CTG|MSN|TCB|MBB,0.3,0.3333333333333333,0.9
2024-03-07,2024,walk_forward_validation,3,30,VRE|SSI|HPG,0.0,0.3333333333333333,0.0
2024-03-07,2024,walk_forward_validation,5,30,VRE|SSI|HPG|PLX|BVH,0.0,0.3333333333333333,0.0
2024-03-07,2024,walk_forward_validation,10,30,VRE|SSI|HPG|PLX|BVH|GVR|CTG|GAS|FPT|VCB,0.4,0.3333333333333333,1.2000000000000002
2024-03-08,2024,walk_forward_validation,3,30,VRE|HPG|FPT,0.3333333333333333,0.36666666666666664,0.9090909090909091
2024-03-08,2024,walk_forward_validation,5,30,VRE|HPG|FPT|BVH|GVR,0.4,0.36666666666666664,1.090909090909091
2024-03-08,2024,walk_forward_validation,10,30,VRE|HPG|FPT|BVH|GVR|PLX|MSN|BID|SSI|VCB,0.3,0.36666666666666664,0.8181818181818182
2024-03-11,2024,walk_forward_validation,3,30,FPT|VRE|HPG,0.3333333333333333,0.4,0.8333333333333333
2024-03-11,2024,walk_forward_validation,5,30,FPT|VRE|HPG|VCB|GVR,0.4,0.4,1.0
2024-03-11,2024,walk_forward_validation,10,30,FPT|VRE|HPG|VCB|GVR|PLX|BVH|SSI|BCM|MSN,0.3,0.4,0.7499999999999999
2024-03-12,2024,walk_forward_validation,3,30,FPT|HPG|VRE,0.0,0.4,0.0
2024-03-12,2024,walk_forward_validation,5,30,FPT|HPG|VRE|VCB|BID,0.0,0.4,0.0
2024-03-12,2024,walk_forward_validation,10,30,FPT|HPG|VRE|VCB|BID|PLX|BVH|SSI|BCM|MWG,0.3,0.4,0.7499999999999999
2024-03-13,2024,walk_forward_validation,3,30,MWG|HPG|FPT,0.3333333333333333,0.3333333333333333,1.0
2024-03-13,2024,walk_forward_validation,5,30,MWG|HPG|FPT|SSI|TCB,0.4,0.3333333333333333,1.2000000000000002
2024-03-13,2024,walk_forward_validation,10,30,MWG|HPG|FPT|SSI|TCB|VRE|PLX|BID|VIB|GAS,0.4,0.3333333333333333,1.2000000000000002
2024-03-14,2024,walk_forward_validation,3,30,MWG|FPT|SSI,0.3333333333333333,0.3333333333333333,1.0
2024-03-14,2024,walk_forward_validation,5,30,MWG|FPT|SSI|TCB|VRE,0.4,0.3333333333333333,1.2000000000000002
2024-03-14,2024,walk_forward_validation,10,30,MWG|FPT|SSI|TCB|VRE|VIC|HPG|PLX|MSN|VIB,0.4,0.3333333333333333,1.2000000000000002
2024-03-15,2024,walk_forward_validation,3,30,MWG|FPT|SSI,0.3333333333333333,0.4,0.8333333333333333
2024-03-15,2024,walk_forward_validation,5,30,MWG|FPT|SSI|TCB|VRE,0.4,0.4,1.0
2024-03-15,2024,walk_forward_validation,10,30,MWG|FPT|SSI|TCB|VRE|VIB|PLX|MSN|GAS|BVH,0.3,0.4,0.7499999999999999
2024-03-18,2024,walk_forward_validation,3,30,VIB|MWG|GAS,0.6666666666666666,0.5666666666666667,1.1764705882352942
2024-03-18,2024,walk_forward_validation,5,30,VIB|MWG|GAS|FPT|MSN,0.6,0.5666666666666667,1.0588235294117647
2024-03-18,2024,walk_forward_validation,10,30,VIB|MWG|GAS|FPT|MSN|SSI|PLX|HPG|VCB|BID,0.5,0.5666666666666667,0.8823529411764706
2024-03-19,2024,walk_forward_validation,3,30,VRE|GVR|MSN,0.0,0.5,0.0
2024-03-19,2024,walk_forward_validation,5,30,VRE|GVR|MSN|PLX|VIB,0.2,0.5,0.4
2024-03-19,2024,walk_forward_validation,10,30,VRE|GVR|MSN|PLX|VIB|GAS|FPT|HPG|SSI|BID,0.2,0.5,0.4
2024-03-20,2024,walk_forward_validation,3,30,GVR|MWG|FPT,0.6666666666666666,0.5333333333333333,1.25
2024-03-20,2024,walk_forward_validation,5,30,GVR|MWG|FPT|PLX|MSN,0.4,0.5333333333333333,0.75
2024-03-20,2024,walk_forward_validation,10,30,GVR|MWG|FPT|PLX|MSN|VRE|SSI|GAS|TCB|ACB,0.4,0.5333333333333333,0.75
2024-03-21,2024,walk_forward_validation,3,30,MWG|VIB|TCB,0.6666666666666666,0.4666666666666667,1.4285714285714284
2024-03-21,2024,walk_forward_validation,5,30,MWG|VIB|TCB|FPT|GVR,0.6,0.4666666666666667,1.2857142857142856
2024-03-21,2024,walk_forward_validation,10,30,MWG|VIB|TCB|FPT|GVR|VRE|PLX|MSN|MBB|SSI,0.3,0.4666666666666667,0.6428571428571428
2024-03-22,2024,walk_forward_validation,3,30,TCB|MWG|VIB,0.6666666666666666,0.5333333333333333,1.25
2024-03-22,2024,walk_forward_validation,5,30,TCB|MWG|VIB|GVR|FPT,0.6,0.5333333333333333,1.125
2024-03-22,2024,walk_forward_validation,10,30,TCB|MWG|VIB|GVR|FPT|PLX|MBB|HDB|VRE|SSI,0.5,0.5333333333333333,0.9375
2024-03-25,2024,walk_forward_validation,3,30,GVR|TCB|VIB,0.3333333333333333,0.5,0.6666666666666666
2024-03-25,2024,walk_forward_validation,5,30,GVR|TCB|VIB|MWG|MBB,0.4,0.5,0.8
2024-03-25,2024,walk_forward_validation,10,30,GVR|TCB|VIB|MWG|MBB|FPT|SSI|PLX|VCB|GAS,0.5,0.5,1.0
2024-03-26,2024,walk_forward_validation,3,30,TCB|GVR|MWG,0.6666666666666666,0.4666666666666667,1.4285714285714284
2024-03-26,2024,walk_forward_validation,5,30,TCB|GVR|MWG|VIB|MBB,0.4,0.4666666666666667,0.8571428571428572
2024-03-26,2024,walk_forward_validation,10,30,TCB|GVR|MWG|VIB|MBB|PLX|FPT|ACB|SSI|HDB,0.4,0.4666666666666667,0.8571428571428572
2024-03-27,2024,walk_forward_validation,3,30,TCB|GVR|MBB,0.3333333333333333,0.43333333333333335,0.7692307692307692
2024-03-27,2024,walk_forward_validation,5,30,TCB|GVR|MBB|VIB|MWG,0.4,0.43333333333333335,0.9230769230769231
2024-03-27,2024,walk_forward_validation,10,30,TCB|GVR|MBB|VIB|MWG|ACB|SSI|CTG|FPT|HDB,0.4,0.43333333333333335,0.9230769230769231
2024-03-28,2024,walk_forward_validation,3,30,MWG|MBB|GVR,0.3333333333333333,0.4666666666666667,0.7142857142857142
2024-03-28,2024,walk_forward_validation,5,30,MWG|MBB|GVR|VIB|SSI,0.2,0.4666666666666667,0.4285714285714286
2024-03-28,2024,walk_forward_validation,10,30,MWG|MBB|GVR|VIB|SSI|TCB|CTG|FPT|ACB|HDB,0.5,0.4666666666666667,1.0714285714285714
2024-03-29,2024,walk_forward_validation,3,30,MBB|TCB|GVR,0.3333333333333333,0.4666666666666667,0.7142857142857142
2024-03-29,2024,walk_forward_validation,5,30,MBB|TCB|GVR|MWG|CTG,0.4,0.4666666666666667,0.8571428571428572
2024-03-29,2024,walk_forward_validation,10,30,MBB|TCB|GVR|MWG|CTG|VIB|ACB|FPT|SSI|VPB,0.4,0.4666666666666667,0.8571428571428572
2024-04-01,2024,walk_forward_validation,3,30,TCB|MWG|GVR,0.6666666666666666,0.4666666666666667,1.4285714285714284
2024-04-01,2024,walk_forward_validation,5,30,TCB|MWG|GVR|VIB|ACB,0.6,0.4666666666666667,1.2857142857142856
2024-04-01,2024,walk_forward_validation,10,30,TCB|MWG|GVR|VIB|ACB|FPT|SSI|MBB|VPB|VCB,0.5,0.4666666666666667,1.0714285714285714
2024-04-02,2024,walk_forward_validation,3,30,MWG|TCB|ACB,1.0,0.43333333333333335,2.3076923076923075
2024-04-02,2024,walk_forward_validation,5,30,MWG|TCB|ACB|FPT|SSI,0.8,0.43333333333333335,1.8461538461538463
2024-04-02,2024,walk_forward_validation,10,30,MWG|TCB|ACB|FPT|SSI|MBB|VIB|GVR|VPB|GAS,0.4,0.43333333333333335,0.9230769230769231
2024-04-03,2024,walk_forward_validation,3,30,TCB|MWG|ACB,1.0,0.43333333333333335,2.3076923076923075
2024-04-03,2024,walk_forward_validation,5,30,TCB|MWG|ACB|VIB|GVR,0.6,0.43333333333333335,1.3846153846153846
2024-04-03,2024,walk_forward_validation,10,30,TCB|MWG|ACB|VIB|GVR|SSI|MBB|VPB|FPT|PLX,0.5,0.43333333333333335,1.1538461538461537
2024-04-04,2024,walk_forward_validation,3,30,TCB|MWG|GVR,0.6666666666666666,0.43333333333333335,1.5384615384615383
2024-04-04,2024,walk_forward_validation,5,30,TCB|MWG|GVR|GAS|VCB,0.4,0.43333333333333335,0.9230769230769231
2024-04-04,2024,walk_forward_validation,10,30,TCB|MWG|GVR|GAS|VCB|VIB|VPB|ACB|FPT|VIC,0.4,0.43333333333333335,0.9230769230769231
2024-04-05,2024,walk_forward_validation,3,30,MWG|TCB|VPB,0.6666666666666666,0.43333333333333335,1.5384615384615383
2024-04-05,2024,walk_forward_validation,5,30,MWG|TCB|VPB|GVR|GAS,0.6,0.43333333333333335,1.3846153846153846
2024-04-05,2024,walk_forward_validation,10,30,MWG|TCB|VPB|GVR|GAS|VIC|VCB|FPT|VIB|VHM,0.4,0.43333333333333335,0.9230769230769231
2024-04-08,2024,walk_forward_validation,3,30,MWG|TCB|GVR,1.0,0.3333333333333333,3.0
2024-04-08,2024,walk_forward_validation,5,30,MWG|TCB|GVR|VPB|HDB,0.6,0.3333333333333333,1.8
2024-04-08,2024,walk_forward_validation,10,30,MWG|TCB|GVR|VPB|HDB|VIC|PLX|GAS|VHM|VCB,0.4,0.3333333333333333,1.2000000000000002
2024-04-09,2024,walk_forward_validation,3,30,GVR|TCB|MWG,1.0,0.36666666666666664,2.7272727272727275
2024-04-09,2024,walk_forward_validation,5,30,GVR|TCB|MWG|HDB|VPB,0.6,0.36666666666666664,1.6363636363636365
2024-04-09,2024,walk_forward_validation,10,30,GVR|TCB|MWG|HDB|VPB|SSI|MBB|TPB|CTG|VHM,0.3,0.36666666666666664,0.8181818181818182
2024-04-10,2024,walk_forward_validation,3,30,MWG|TCB|GVR,1.0,0.36666666666666664,2.7272727272727275
2024-04-10,2024,walk_forward_validation,5,30,MWG|TCB|GVR|BID|VHM,0.6,0.36666666666666664,1.6363636363636365
2024-04-10,2024,walk_forward_validation,10,30,MWG|TCB|GVR|BID|VHM|HDB|MBB|VIB|VPB|VCB,0.3,0.36666666666666664,0.8181818181818182
2024-04-11,2024,walk_forward_validation,3,30,MWG|TCB|VHM,0.6666666666666666,0.4,1.6666666666666665
2024-04-11,2024,walk_forward_validation,5,30,MWG|TCB|VHM|GVR|FPT,0.8,0.4,2.0
2024-04-11,2024,walk_forward_validation,10,30,MWG|TCB|VHM|GVR|FPT|VPB|HPG|VIC|HDB|BID,0.5,0.4,1.25
2024-04-12,2024,walk_forward_validation,3,30,MWG|CTG|TCB,0.6666666666666666,0.43333333333333335,1.5384615384615383
2024-04-12,2024,walk_forward_validation,5,30,MWG|CTG|TCB|VHM|MBB,0.4,0.43333333333333335,0.9230769230769231
2024-04-12,2024,walk_forward_validation,10,30,MWG|CTG|TCB|VHM|MBB|VPB|HDB|ACB|VIB|FPT,0.5,0.43333333333333335,1.1538461538461537
2024-04-15,2024,walk_forward_validation,3,30,TCB|CTG|VRE,0.3333333333333333,0.4,0.8333333333333333
2024-04-15,2024,walk_forward_validation,5,30,TCB|CTG|VRE|MWG|HDB,0.4,0.4,1.0
2024-04-15,2024,walk_forward_validation,10,30,TCB|CTG|VRE|MWG|HDB|VPB|MBB|VJC|VIC|VIB,0.3,0.4,0.7499999999999999
2024-04-16,2024,walk_forward_validation,3,30,CTG|MBB|TCB,0.3333333333333333,0.43333333333333335,0.7692307692307692
2024-04-16,2024,walk_forward_validation,5,30,CTG|MBB|TCB|VRE|MWG,0.4,0.43333333333333335,0.9230769230769231
2024-04-16,2024,walk_forward_validation,10,30,CTG|MBB|TCB|VRE|MWG|HDB|SHB|ACB|VPB|VJC,0.5,0.43333333333333335,1.1538461538461537
2024-04-17,2024,walk_forward_validation,3,30,TCB|MWG|CTG,0.6666666666666666,0.4666666666666667,1.4285714285714284
2024-04-17,2024,walk_forward_validation,5,30,TCB|MWG|CTG|GVR|FPT,0.8,0.4666666666666667,1.7142857142857144
2024-04-17,2024,walk_forward_validation,10,30,TCB|MWG|CTG|GVR|FPT|ACB|VHM|SHB|MBB|VPB,0.5,0.4666666666666667,1.0714285714285714
2024-04-19,2024,walk_forward_validation,3,30,TCB|MWG|CTG,0.3333333333333333,0.43333333333333335,0.7692307692307692
2024-04-19,2024,walk_forward_validation,5,30,TCB|MWG|CTG|ACB|VRE,0.4,0.43333333333333335,0.9230769230769231
2024-04-19,2024,walk_forward_validation,10,30,TCB|MWG|CTG|ACB|VRE|GVR|VHM|VPB|BCM|SHB,0.4,0.43333333333333335,0.9230769230769231
2024-04-22,2024,walk_forward_validation,3,30,TCB|ACB|CTG,0.0,0.43333333333333335,0.0
2024-04-22,2024,walk_forward_validation,5,30,TCB|ACB|CTG|MWG|TPB,0.2,0.43333333333333335,0.46153846153846156
2024-04-22,2024,walk_forward_validation,10,30,TCB|ACB|CTG|MWG|TPB|GVR|FPT|SHB|BID|VHM,0.3,0.43333333333333335,0.6923076923076923
2024-04-23,2024,walk_forward_validation,3,30,TCB|BCM|ACB,0.6666666666666666,0.43333333333333335,1.5384615384615383
2024-04-23,2024,walk_forward_validation,5,30,TCB|BCM|ACB|GVR|BID,0.6,0.43333333333333335,1.3846153846153846
2024-04-23,2024,walk_forward_validation,10,30,TCB|BCM|ACB|GVR|BID|CTG|FPT|MWG|SHB|VPB,0.5,0.43333333333333335,1.1538461538461537
2024-04-24,2024,walk_forward_validation,3,30,TCB|CTG|ACB,0.3333333333333333,0.5,0.6666666666666666
2024-04-24,2024,walk_forward_validation,5,30,TCB|CTG|ACB|BID|TPB,0.2,0.5,0.4
2024-04-24,2024,walk_forward_validation,10,30,TCB|CTG|ACB|BID|TPB|SHB|VPB|GVR|BCM|HPG,0.4,0.5,0.8
2024-04-25,2024,walk_forward_validation,3,30,CTG|TCB|TPB,0.0,0.4666666666666667,0.0
2024-04-25,2024,walk_forward_validation,5,30,CTG|TCB|TPB|ACB|SHB,0.2,0.4666666666666667,0.4285714285714286
2024-04-25,2024,walk_forward_validation,10,30,CTG|TCB|TPB|ACB|SHB|GVR|BCM|MWG|BID|FPT,0.5,0.4666666666666667,1.0714285714285714
2024-04-26,2024,walk_forward_validation,3,30,TCB|CTG|TPB,0.0,0.4,0.0
2024-04-26,2024,walk_forward_validation,5,30,TCB|CTG|TPB|GVR|ACB,0.4,0.4,1.0
2024-04-26,2024,walk_forward_validation,10,30,TCB|CTG|TPB|GVR|ACB|FPT|HDB|SHB|BCM|MWG,0.5,0.4,1.25
2024-05-02,2024,walk_forward_validation,3,30,TCB|GVR|ACB,0.6666666666666666,0.4,1.6666666666666665
2024-05-02,2024,walk_forward_validation,5,30,TCB|GVR|ACB|TPB|CTG,0.4,0.4,1.0
2024-05-02,2024,walk_forward_validation,10,30,TCB|GVR|ACB|TPB|CTG|HDB|SHB|BID|FPT|VJC,0.3,0.4,0.7499999999999999
2024-05-03,2024,walk_forward_validation,3,30,TCB|ACB|CTG,0.3333333333333333,0.36666666666666664,0.9090909090909091
2024-05-03,2024,walk_forward_validation,5,30,TCB|ACB|CTG|GVR|FPT,0.6,0.36666666666666664,1.6363636363636365
2024-05-03,2024,walk_forward_validation,10,30,TCB|ACB|CTG|GVR|FPT|HDB|MWG|SHB|SAB|TPB,0.4,0.36666666666666664,1.090909090909091
2024-05-06,2024,walk_forward_validation,3,30,TCB|GVR|ACB,0.6666666666666666,0.43333333333333335,1.5384615384615383
2024-05-06,2024,walk_forward_validation,5,30,TCB|GVR|ACB|CTG|HDB,0.4,0.43333333333333335,0.9230769230769231
2024-05-06,2024,walk_forward_validation,10,30,TCB|GVR|ACB|CTG|HDB|BID|SHB|FPT|HPG|MWG,0.5,0.43333333333333335,1.1538461538461537
2024-05-07,2024,walk_forward_validation,3,30,TCB|GVR|ACB,0.6666666666666666,0.4666666666666667,1.4285714285714284
2024-05-07,2024,walk_forward_validation,5,30,TCB|GVR|ACB|HPG|CTG,0.6,0.4666666666666667,1.2857142857142856
2024-05-07,2024,walk_forward_validation,10,30,TCB|GVR|ACB|HPG|CTG|HDB|SAB|MSN|SHB|BCM,0.6,0.4666666666666667,1.2857142857142856
2024-05-08,2024,walk_forward_validation,3,30,GVR|TCB|ACB,0.6666666666666666,0.5,1.3333333333333333
2024-05-08,2024,walk_forward_validation,5,30,GVR|TCB|ACB|CTG|MSN,0.6,0.5,1.2
2024-05-08,2024,walk_forward_validation,10,30,GVR|TCB|ACB|CTG|MSN|MWG|HPG|VNM|TPB|BVH,0.6,0.5,1.2
2024-05-09,2024,walk_forward_validation,3,30,GVR|TCB|HPG,0.6666666666666666,0.4666666666666667,1.4285714285714284
2024-05-09,2024,walk_forward_validation,5,30,GVR|TCB|HPG|ACB|CTG,0.6,0.4666666666666667,1.2857142857142856
2024-05-09,2024,walk_forward_validation,10,30,GVR|TCB|HPG|ACB|CTG|MWG|TPB|MSN|SAB|FPT,0.7,0.4666666666666667,1.4999999999999998
2024-05-10,2024,walk_forward_validation,3,30,GVR|TCB|HPG,1.0,0.5,2.0
2024-05-10,2024,walk_forward_validation,5,30,GVR|TCB|HPG|ACB|CTG,0.8,0.5,1.6
2024-05-10,2024,walk_forward_validation,10,30,GVR|TCB|HPG|ACB|CTG|MSN|TPB|MWG|PLX|HDB,0.7,0.5,1.4
2024-05-13,2024,walk_forward_validation,3,30,GVR|MWG|TCB,1.0,0.5,2.0
2024-05-13,2024,walk_forward_validation,5,30,GVR|MWG|TCB|HPG|ACB,1.0,0.5,2.0
2024-05-13,2024,walk_forward_validation,10,30,GVR|MWG|TCB|HPG|ACB|MSN|BVH|TPB|SSI|PLX,0.8,0.5,1.6
2024-05-14,2024,walk_forward_validation,3,30,GVR|TCB|HPG,1.0,0.5,2.0
2024-05-14,2024,walk_forward_validation,5,30,GVR|TCB|HPG|MWG|MSN,1.0,0.5,2.0
2024-05-14,2024,walk_forward_validation,10,30,GVR|TCB|HPG|MWG|MSN|ACB|TPB|VPB|SSI|VIB,0.7,0.5,1.4
2024-05-15,2024,walk_forward_validation,3,30,GVR|TCB|MWG,1.0,0.5333333333333333,1.875
2024-05-15,2024,walk_forward_validation,5,30,GVR|TCB|MWG|HPG|MSN,1.0,0.5333333333333333,1.875
2024-05-15,2024,walk_forward_validation,10,30,GVR|TCB|MWG|HPG|MSN|VIB|VPB|ACB|BCM|PLX,1.0,0.5333333333333333,1.875
2024-05-16,2024,walk_forward_validation,3,30,GVR|HPG|TCB,0.6666666666666666,0.5666666666666667,1.1764705882352942
2024-05-16,2024,walk_forward_validation,5,30,GVR|HPG|TCB|MSN|MWG,0.8,0.5666666666666667,1.411764705882353
2024-05-16,2024,walk_forward_validation,10,30,GVR|HPG|TCB|MSN|MWG|PLX|TPB|VPB|BCM|VJC,0.8,0.5666666666666667,1.411764705882353
2024-05-17,2024,walk_forward_validation,3,30,GVR|TCB|HPG,0.6666666666666666,0.5666666666666667,1.1764705882352942
2024-05-17,2024,walk_forward_validation,5,30,GVR|TCB|HPG|ACB|SSI,0.6,0.5666666666666667,1.0588235294117647
2024-05-17,2024,walk_forward_validation,10,30,GVR|TCB|HPG|ACB|SSI|VPB|BCM|MWG|TPB|MSN,0.8,0.5666666666666667,1.411764705882353
2024-05-20,2024,walk_forward_validation,3,30,GVR|TCB|VPB,0.3333333333333333,0.4666666666666667,0.7142857142857142
2024-05-20,2024,walk_forward_validation,5,30,GVR|TCB|VPB|SSI|HPG,0.4,0.4666666666666667,0.8571428571428572
2024-05-20,2024,walk_forward_validation,10,30,GVR|TCB|VPB|SSI|HPG|MWG|HDB|FPT|PLX|MSN,0.5,0.4666666666666667,1.0714285714285714
2024-05-21,2024,walk_forward_validation,3,30,GVR|HPG|VPB,0.6666666666666666,0.5333333333333333,1.25
2024-05-21,2024,walk_forward_validation,5,30,GVR|HPG|VPB|MSN|SSI,0.6,0.5333333333333333,1.125
2024-05-21,2024,walk_forward_validation,10,30,GVR|HPG|VPB|MSN|SSI|TPB|TCB|MWG|BVH|VIB,0.7,0.5333333333333333,1.3125
2024-05-22,2024,walk_forward_validation,3,30,GVR|SSI|HPG,0.6666666666666666,0.5666666666666667,1.1764705882352942
2024-05-22,2024,walk_forward_validation,5,30,GVR|SSI|HPG|MSN|VIB,0.6,0.5666666666666667,1.0588235294117647
2024-05-22,2024,walk_forward_validation,10,30,GVR|SSI|HPG|MSN|VIB|PLX|HDB|MBB|BVH|VPB,0.7,0.5666666666666667,1.2352941176470589
2024-05-23,2024,walk_forward_validation,3,30,GVR|VPB|SSI,0.6666666666666666,0.4666666666666667,1.4285714285714284
2024-05-23,2024,walk_forward_validation,5,30,GVR|VPB|SSI|VIB|ACB,0.6,0.4666666666666667,1.2857142857142856
2024-05-23,2024,walk_forward_validation,10,30,GVR|VPB|SSI|VIB|ACB|TPB|MSN|HPG|MBB|CTG,0.5,0.4666666666666667,1.0714285714285714
2024-05-24,2024,walk_forward_validation,3,30,ACB|MBB|HPG,0.3333333333333333,0.43333333333333335,0.7692307692307692
2024-05-24,2024,walk_forward_validation,5,30,ACB|MBB|HPG|TCB|MSN,0.6,0.43333333333333335,1.3846153846153846
2024-05-24,2024,walk_forward_validation,10,30,ACB|MBB|HPG|TCB|MSN|GAS|VIB|CTG|HDB|STB,0.4,0.43333333333333335,0.9230769230769231
2024-05-27,2024,walk_forward_validation,3,30,ACB|HPG|VIB,0.3333333333333333,0.4666666666666667,0.7142857142857142
2024-05-27,2024,walk_forward_validation,5,30,ACB|HPG|VIB|MBB|TCB,0.6,0.4666666666666667,1.2857142857142856
2024-05-27,2024,walk_forward_validation,10,30,ACB|HPG|VIB|MBB|TCB|MSN|GVR|STB|MWG|CTG,0.6,0.4666666666666667,1.2857142857142856
2024-05-28,2024,walk_forward_validation,3,30,GVR|VIB|MBB,0.3333333333333333,0.4666666666666667,0.7142857142857142
2024-05-28,2024,walk_forward_validation,5,30,GVR|VIB|MBB|ACB|HPG,0.4,0.4666666666666667,0.8571428571428572
2024-05-28,2024,walk_forward_validation,10,30,GVR|VIB|MBB|ACB|HPG|MWG|TCB|SSI|MSN|BCM,0.5,0.4666666666666667,1.0714285714285714
2024-05-29,2024,walk_forward_validation,3,30,GVR|MBB|VIB,0.6666666666666666,0.43333333333333335,1.5384615384615383
2024-05-29,2024,walk_forward_validation,5,30,GVR|MBB|VIB|TCB|MWG,0.8,0.43333333333333335,1.8461538461538463
2024-05-29,2024,walk_forward_validation,10,30,GVR|MBB|VIB|TCB|MWG|SSI|BCM|ACB|MSN|STB,0.6,0.43333333333333335,1.3846153846153846
2024-05-30,2024,walk_forward_validation,3,30,TCB|BCM|VIB,0.6666666666666666,0.4666666666666667,1.4285714285714284
2024-05-30,2024,walk_forward_validation,5,30,TCB|BCM|VIB|ACB|SSI,0.4,0.4666666666666667,0.8571428571428572
2024-05-30,2024,walk_forward_validation,10,30,TCB|BCM|VIB|ACB|SSI|CTG|MWG|TPB|FPT|VPB,0.6,0.4666666666666667,1.2857142857142856
2024-05-31,2024,walk_forward_validation,3,30,TCB|ACB|GVR,0.3333333333333333,0.5333333333333333,0.625
2024-05-31,2024,walk_forward_validation,5,30,TCB|ACB|GVR|MWG|BCM,0.6,0.5333333333333333,1.125
2024-05-31,2024,walk_forward_validation,10,30,TCB|ACB|GVR|MWG|BCM|VIB|TPB|CTG|MSN|FPT,0.5,0.5333333333333333,0.9375
2024-06-03,2024,walk_forward_validation,3,30,GVR|MWG|TCB,0.3333333333333333,0.4666666666666667,0.7142857142857142
2024-06-03,2024,walk_forward_validation,5,30,GVR|MWG|TCB|VIB|ACB,0.2,0.4666666666666667,0.4285714285714286
2024-06-03,2024,walk_forward_validation,10,30,GVR|MWG|TCB|VIB|ACB|BVH|BCM|CTG|MSN|SSI,0.4,0.4666666666666667,0.8571428571428572
2024-06-04,2024,walk_forward_validation,3,30,GVR|MWG|BCM,0.6666666666666666,0.4666666666666667,1.4285714285714284
2024-06-04,2024,walk_forward_validation,5,30,GVR|MWG|BCM|TCB|CTG,0.4,0.4666666666666667,0.8571428571428572
2024-06-04,2024,walk_forward_validation,10,30,GVR|MWG|BCM|TCB|CTG|MSN|VIB|PLX|BVH|MBB,0.5,0.4666666666666667,1.0714285714285714
2024-06-05,2024,walk_forward_validation,3,30,GVR|TCB|PLX,0.3333333333333333,0.5,0.6666666666666666
2024-06-05,2024,walk_forward_validation,5,30,GVR|TCB|PLX|FPT|MSN,0.4,0.5,0.8
2024-06-05,2024,walk_forward_validation,10,30,GVR|TCB|PLX|FPT|MSN|CTG|ACB|TPB|HPG|STB,0.6,0.5,1.2
2024-06-06,2024,walk_forward_validation,3,30,GVR|TCB|BCM,0.3333333333333333,0.3,1.1111111111111112
2024-06-06,2024,walk_forward_validation,5,30,GVR|TCB|BCM|VIB|FPT,0.4,0.3,1.3333333333333335
2024-06-06,2024,walk_forward_validation,10,30,GVR|TCB|BCM|VIB|FPT|MSN|PLX|HPG|BVH|CTG,0.4,0.3,1.3333333333333335
2024-06-07,2024,walk_forward_validation,3,30,GVR|TCB|FPT,0.6666666666666666,0.36666666666666664,1.8181818181818181
2024-06-07,2024,walk_forward_validation,5,30,GVR|TCB|FPT|BCM|ACB,0.4,0.36666666666666664,1.090909090909091
2024-06-07,2024,walk_forward_validation,10,30,GVR|TCB|FPT|BCM|ACB|VIB|MSN|TPB|SSI|CTG,0.4,0.36666666666666664,1.090909090909091
2024-06-10,2024,walk_forward_validation,3,30,TCB|GVR|CTG,0.3333333333333333,0.4,0.8333333333333333
2024-06-10,2024,walk_forward_validation,5,30,TCB|GVR|CTG|FPT|VIB,0.4,0.4,1.0
2024-06-10,2024,walk_forward_validation,10,30,TCB|GVR|CTG|FPT|VIB|MWG|BCM|PLX|TPB|MSN,0.5,0.4,1.25
2024-06-11,2024,walk_forward_validation,3,30,GVR|TCB|CTG,0.3333333333333333,0.5,0.6666666666666666
2024-06-11,2024,walk_forward_validation,5,30,GVR|TCB|CTG|TPB|BCM,0.6,0.5,1.2
2024-06-11,2024,walk_forward_validation,10,30,GVR|TCB|CTG|TPB|BCM|VIB|MWG|FPT|SSI|STB,0.5,0.5,1.0
2024-06-12,2024,walk_forward_validation,3,30,GVR|TCB|VIB,0.3333333333333333,0.5,0.6666666666666666
2024-06-12,2024,walk_forward_validation,5,30,GVR|TCB|VIB|BCM|CTG,0.4,0.5,0.8
2024-06-12,2024,walk_forward_validation,10,30,GVR|TCB|VIB|BCM|CTG|FPT|PLX|MWG|TPB|STB,0.6,0.5,1.2
2024-06-13,2024,walk_forward_validation,3,30,CTG|TCB|GVR,0.3333333333333333,0.4,0.8333333333333333
2024-06-13,2024,walk_forward_validation,5,30,CTG|TCB|GVR|FPT|BCM,0.6,0.4,1.4999999999999998
2024-06-13,2024,walk_forward_validation,10,30,CTG|TCB|GVR|FPT|BCM|STB|MBB|MWG|VIB|SSI,0.4,0.4,1.0
2024-06-14,2024,walk_forward_validation,3,30,TCB|STB|TPB,0.0,0.43333333333333335,0.0
2024-06-14,2024,walk_forward_validation,5,30,TCB|STB|TPB|MBB|BCM,0.2,0.43333333333333335,0.46153846153846156
2024-06-14,2024,walk_forward_validation,10,30,TCB|STB|TPB|MBB|BCM|FPT|SSI|MSN|CTG|MWG,0.3,0.43333333333333335,0.6923076923076923
2024-06-17,2024,walk_forward_validation,3,30,TCB|MBB|TPB,0.0,0.36666666666666664,0.0
2024-06-17,2024,walk_forward_validation,5,30,TCB|MBB|TPB|STB|ACB,0.0,0.36666666666666664,0.0
2024-06-17,2024,walk_forward_validation,10,30,TCB|MBB|TPB|STB|ACB|FPT|CTG|HPG|SSI|MWG,0.2,0.36666666666666664,0.5454545454545455
2024-06-18,2024,walk_forward_validation,3,30,TCB|SSI|TPB,0.0,0.5333333333333333,0.0
2024-06-18,2024,walk_forward_validation,5,30,TCB|SSI|TPB|GVR|MBB,0.4,0.5333333333333333,0.75
2024-06-18,2024,walk_forward_validation,10,30,TCB|SSI|TPB|GVR|MBB|FPT|STB|ACB|HPG|SSB,0.3,0.5333333333333333,0.5625
2024-06-19,2024,walk_forward_validation,3,30,SSI|FPT|STB,0.3333333333333333,0.5666666666666667,0.5882352941176471
2024-06-19,2024,walk_forward_validation,5,30,SSI|FPT|STB|MBB|TCB,0.4,0.5666666666666667,0.7058823529411765
2024-06-19,2024,walk_forward_validation,10,30,SSI|FPT|STB|MBB|TCB|HPG|TPB|BCM|GVR|ACB,0.5,0.5666666666666667,0.8823529411764706
2024-06-20,2024,walk_forward_validation,3,30,TPB|MBB|STB,0.6666666666666666,0.5666666666666667,1.1764705882352942
2024-06-20,2024,walk_forward_validation,5,30,TPB|MBB|STB|TCB|BCM,0.6,0.5666666666666667,1.0588235294117647
2024-06-20,2024,walk_forward_validation,10,30,TPB|MBB|STB|TCB|BCM|GVR|ACB|MWG|FPT|SSI,0.6,0.5666666666666667,1.0588235294117647
2024-06-21,2024,walk_forward_validation,3,30,TPB|BCM|MBB,1.0,0.6333333333333333,1.5789473684210527
2024-06-21,2024,walk_forward_validation,5,30,TPB|BCM|MBB|TCB|STB,0.8,0.6333333333333333,1.2631578947368423
2024-06-21,2024,walk_forward_validation,10,30,TPB|BCM|MBB|TCB|STB|SSI|GVR|SSB|VPB|MWG,0.6,0.6333333333333333,0.9473684210526316
2024-06-24,2024,walk_forward_validation,3,30,BCM|TPB|MBB,1.0,0.6333333333333333,1.5789473684210527
2024-06-24,2024,walk_forward_validation,5,30,BCM|TPB|MBB|VPB|TCB,0.6,0.6333333333333333,0.9473684210526316
2024-06-24,2024,walk_forward_validation,10,30,BCM|TPB|MBB|VPB|TCB|HPG|MWG|CTG|STB|SSI,0.7,0.6333333333333333,1.1052631578947367
2024-06-25,2024,walk_forward_validation,3,30,BCM|TPB|MBB,1.0,0.6,1.6666666666666667
2024-06-25,2024,walk_forward_validation,5,30,BCM|TPB|MBB|TCB|VPB,0.6,0.6,1.0
2024-06-25,2024,walk_forward_validation,10,30,BCM|TPB|MBB|TCB|VPB|HPG|MWG|STB|CTG|SSI,0.5,0.6,0.8333333333333334
2024-06-26,2024,walk_forward_validation,3,30,GVR|BCM|VPB,0.3333333333333333,0.6333333333333333,0.5263157894736842
2024-06-26,2024,walk_forward_validation,5,30,GVR|BCM|VPB|TPB|HPG,0.4,0.6333333333333333,0.6315789473684211
2024-06-26,2024,walk_forward_validation,10,30,GVR|BCM|VPB|TPB|HPG|MWG|TCB|MBB|PLX|STB,0.6,0.6333333333333333,0.9473684210526316
2024-06-27,2024,walk_forward_validation,3,30,GVR|BCM|HPG,0.3333333333333333,0.6,0.5555555555555556
2024-06-27,2024,walk_forward_validation,5,30,GVR|BCM|HPG|VPB|TPB,0.4,0.6,0.6666666666666667
2024-06-27,2024,walk_forward_validation,10,30,GVR|BCM|HPG|VPB|TPB|MBB|MWG|BVH|FPT|PLX,0.4,0.6,0.6666666666666667
2024-06-28,2024,walk_forward_validation,3,30,BCM|GVR|VPB,0.3333333333333333,0.5666666666666667,0.5882352941176471
2024-06-28,2024,walk_forward_validation,5,30,BCM|GVR|VPB|BVH|TPB,0.4,0.5666666666666667,0.7058823529411765
2024-06-28,2024,walk_forward_validation,10,30,BCM|GVR|VPB|BVH|TPB|MWG|MBB|FPT|PLX|MSN,0.4,0.5666666666666667,0.7058823529411765
2024-07-01,2024,walk_forward_validation,3,30,BCM|GVR|VPB,0.3333333333333333,0.5333333333333333,0.625
2024-07-01,2024,walk_forward_validation,5,30,BCM|GVR|VPB|BVH|MWG,0.2,0.5333333333333333,0.375
2024-07-01,2024,walk_forward_validation,10,30,BCM|GVR|VPB|BVH|MWG|MBB|CTG|TPB|MSN|FPT,0.5,0.5333333333333333,0.9375
2024-07-02,2024,walk_forward_validation,3,30,MWG|BCM|GVR,0.3333333333333333,0.5666666666666667,0.5882352941176471
2024-07-02,2024,walk_forward_validation,5,30,MWG|BCM|GVR|BVH|VPB,0.2,0.5666666666666667,0.35294117647058826
2024-07-02,2024,walk_forward_validation,10,30,MWG|BCM|GVR|BVH|VPB|MBB|CTG|VRE|SHB|MSN,0.4,0.5666666666666667,0.7058823529411765
2024-07-03,2024,walk_forward_validation,3,30,BCM|GVR|MWG,0.3333333333333333,0.6333333333333333,0.5263157894736842
2024-07-03,2024,walk_forward_validation,5,30,BCM|GVR|MWG|CTG|MBB,0.6,0.6333333333333333,0.9473684210526316
2024-07-03,2024,walk_forward_validation,10,30,BCM|GVR|MWG|CTG|MBB|HDB|BVH|TPB|VPB|SHB,0.7,0.6333333333333333,1.1052631578947367
2024-07-04,2024,walk_forward_validation,3,30,GVR|BVH|CTG,0.3333333333333333,0.6,0.5555555555555556
2024-07-04,2024,walk_forward_validation,5,30,GVR|BVH|CTG|MWG|TPB,0.4,0.6,0.6666666666666667
2024-07-04,2024,walk_forward_validation,10,30,GVR|BVH|CTG|MWG|TPB|HDB|BCM|MBB|VPB|BID,0.7,0.6,1.1666666666666667
2024-07-05,2024,walk_forward_validation,3,30,GVR|CTG|MWG,0.3333333333333333,0.5666666666666667,0.5882352941176471
2024-07-05,2024,walk_forward_validation,5,30,GVR|CTG|MWG|TPB|HDB,0.6,0.5666666666666667,1.0588235294117647
2024-07-05,2024,walk_forward_validation,10,30,GVR|CTG|MWG|TPB|HDB|BCM|BVH|MBB|VPB|PLX,0.7,0.5666666666666667,1.2352941176470589
2024-07-08,2024,walk_forward_validation,3,30,GVR|BCM|HDB,0.6666666666666666,0.5333333333333333,1.25
2024-07-08,2024,walk_forward_validation,5,30,GVR|BCM|HDB|MWG|BVH,0.4,0.5333333333333333,0.75
2024-07-08,2024,walk_forward_validation,10,30,GVR|BCM|HDB|MWG|BVH|VNM|CTG|VPB|MBB|FPT,0.5,0.5333333333333333,0.9375
2024-07-09,2024,walk_forward_validation,3,30,GVR|MWG|BCM,0.3333333333333333,0.6,0.5555555555555556
2024-07-09,2024,walk_forward_validation,5,30,GVR|MWG|BCM|FPT|HDB,0.4,0.6,0.6666666666666667
2024-07-09,2024,walk_forward_validation,10,30,GVR|MWG|BCM|FPT|HDB|BVH|MBB|CTG|PLX|TPB,0.5,0.6,0.8333333333333334
2024-07-10,2024,walk_forward_validation,3,30,GVR|BCM|HDB,0.6666666666666666,0.6,1.1111111111111112
2024-07-10,2024,walk_forward_validation,5,30,GVR|BCM|HDB|MWG|BVH,0.6,0.6,1.0
2024-07-10,2024,walk_forward_validation,10,30,GVR|BCM|HDB|MWG|BVH|MBB|FPT|TPB|PLX|BID,0.7,0.6,1.1666666666666667
2024-07-11,2024,walk_forward_validation,3,30,GVR|BCM|HDB,0.6666666666666666,0.6,1.1111111111111112
2024-07-11,2024,walk_forward_validation,5,30,GVR|BCM|HDB|MBB|MWG,0.8,0.6,1.3333333333333335
2024-07-11,2024,walk_forward_validation,10,30,GVR|BCM|HDB|MBB|MWG|BVH|FPT|BID|SHB|TPB,0.6,0.6,1.0
2024-07-12,2024,walk_forward_validation,3,30,BCM|HDB|SHB,0.6666666666666666,0.6333333333333333,1.0526315789473684
2024-07-12,2024,walk_forward_validation,5,30,BCM|HDB|SHB|GVR|MWG,0.6,0.6333333333333333,0.9473684210526316
2024-07-12,2024,walk_forward_validation,10,30,BCM|HDB|SHB|GVR|MWG|FPT|TPB|MBB|VPB|BID,0.5,0.6333333333333333,0.7894736842105263
2024-07-15,2024,walk_forward_validation,3,30,GVR|BCM|SHB,0.3333333333333333,0.7,0.4761904761904762
2024-07-15,2024,walk_forward_validation,5,30,GVR|BCM|SHB|HDB|MWG,0.6,0.7,0.8571428571428572
2024-07-15,2024,walk_forward_validation,10,30,GVR|BCM|SHB|HDB|MWG|FPT|MBB|BID|BVH|VJC,0.7,0.7,1.0
2024-07-16,2024,walk_forward_validation,3,30,GVR|BCM|HDB,0.6666666666666666,0.6666666666666666,1.0
2024-07-16,2024,walk_forward_validation,5,30,GVR|BCM|HDB|FPT|SHB,0.6,0.6666666666666666,0.9
2024-07-16,2024,walk_forward_validation,10,30,GVR|BCM|HDB|FPT|SHB|BVH|MBB|VJC|CTG|MWG,0.7,0.6666666666666666,1.05
2024-07-17,2024,walk_forward_validation,3,30,GVR|BCM|VJC,0.6666666666666666,0.5,1.3333333333333333
2024-07-17,2024,walk_forward_validation,5,30,GVR|BCM|VJC|HDB|SHB,0.6,0.5,1.2
2024-07-17,2024,walk_forward_validation,10,30,GVR|BCM|VJC|HDB|SHB|PLX|BID|CTG|BVH|TPB,0.5,0.5,1.0
2024-07-18,2024,walk_forward_validation,3,30,GVR|BCM|MBB,0.3333333333333333,0.5333333333333333,0.625
2024-07-18,2024,walk_forward_validation,5,30,GVR|BCM|MBB|CTG|HDB,0.4,0.5333333333333333,0.75
2024-07-18,2024,walk_forward_validation,10,30,GVR|BCM|MBB|CTG|HDB|VJC|STB|BVH|TPB|SHB,0.3,0.5333333333333333,0.5625
2024-07-19,2024,walk_forward_validation,3,30,GVR|BCM|VJC,1.0,0.5666666666666667,1.7647058823529411
2024-07-19,2024,walk_forward_validation,5,30,GVR|BCM|VJC|PLX|CTG,0.8,0.5666666666666667,1.411764705882353
2024-07-19,2024,walk_forward_validation,10,30,GVR|BCM|VJC|PLX|CTG|MWG|HDB|BID|STB|SHB,0.7,0.5666666666666667,1.2352941176470589
2024-07-22,2024,walk_forward_validation,3,30,GVR|VJC|BCM,0.6666666666666666,0.5,1.3333333333333333
2024-07-22,2024,walk_forward_validation,5,30,GVR|VJC|BCM|PLX|STB,0.6,0.5,1.2
2024-07-22,2024,walk_forward_validation,10,30,GVR|VJC|BCM|PLX|STB|MBB|MWG|CTG|TPB|HDB,0.5,0.5,1.0
2024-07-23,2024,walk_forward_validation,3,30,GVR|BCM|VJC,0.6666666666666666,0.4666666666666667,1.4285714285714284
2024-07-23,2024,walk_forward_validation,5,30,GVR|BCM|VJC|PLX|POW,0.8,0.4666666666666667,1.7142857142857144
2024-07-23,2024,walk_forward_validation,10,30,GVR|BCM|VJC|PLX|POW|CTG|MBB|TPB|HDB|BID,0.6,0.4666666666666667,1.2857142857142856
2024-07-24,2024,walk_forward_validation,3,30,GVR|BCM|VJC,0.6666666666666666,0.5333333333333333,1.25
2024-07-24,2024,walk_forward_validation,5,30,GVR|BCM|VJC|PLX|MBB,0.6,0.5333333333333333,1.125
2024-07-24,2024,walk_forward_validation,10,30,GVR|BCM|VJC|PLX|MBB|TPB|SSB|POW|CTG|BID,0.6,0.5333333333333333,1.125
2024-07-25,2024,walk_forward_validation,3,30,GVR|BCM|VJC,0.6666666666666666,0.5,1.3333333333333333
2024-07-25,2024,walk_forward_validation,5,30,GVR|BCM|VJC|PLX|MBB,0.6,0.5,1.2
2024-07-25,2024,walk_forward_validation,10,30,GVR|BCM|VJC|PLX|MBB|TPB|HDB|POW|SHB|SSB,0.5,0.5,1.0
2024-07-26,2024,walk_forward_validation,3,30,GVR|VJC|TPB,0.3333333333333333,0.4666666666666667,0.7142857142857142
2024-07-26,2024,walk_forward_validation,5,30,GVR|VJC|TPB|MBB|BCM,0.2,0.4666666666666667,0.4285714285714286
2024-07-26,2024,walk_forward_validation,10,30,GVR|VJC|TPB|MBB|BCM|STB|HDB|CTG|SSB|PLX,0.4,0.4666666666666667,0.8571428571428572
2024-07-29,2024,walk_forward_validation,3,30,GVR|MBB|TPB,0.3333333333333333,0.5666666666666667,0.5882352941176471
2024-07-29,2024,walk_forward_validation,5,30,GVR|MBB|TPB|HDB|BCM,0.4,0.5666666666666667,0.7058823529411765
2024-07-29,2024,walk_forward_validation,10,30,GVR|MBB|TPB|HDB|BCM|PLX|VJC|VNM|CTG|POW,0.4,0.5666666666666667,0.7058823529411765
2024-07-30,2024,walk_forward_validation,3,30,HDB|GVR|TPB,0.6666666666666666,0.6,1.1111111111111112
2024-07-30,2024,walk_forward_validation,5,30,HDB|GVR|TPB|BCM|SSB,0.4,0.6,0.6666666666666667
2024-07-30,2024,walk_forward_validation,10,30,HDB|GVR|TPB|BCM|SSB|MBB|BID|PLX|VNM|VIC,0.6,0.6,1.0
2024-07-31,2024,walk_forward_validation,3,30,GVR|HDB|BCM,0.6666666666666666,0.5333333333333333,1.25
2024-07-31,2024,walk_forward_validation,5,30,GVR|HDB|BCM|POW|VPB,0.4,0.5333333333333333,0.75
2024-07-31,2024,walk_forward_validation,10,30,GVR|HDB|BCM|POW|VPB|MBB|VCB|VJC|TPB|BID,0.3,0.5333333333333333,0.5625
2024-08-01,2024,walk_forward_validation,3,30,GVR|BCM|HDB,1.0,0.6,1.6666666666666667
2024-08-01,2024,walk_forward_validation,5,30,GVR|BCM|HDB|VPB|PLX,0.8,0.6,1.3333333333333335
2024-08-01,2024,walk_forward_validation,10,30,GVR|BCM|HDB|VPB|PLX|GAS|VCB|POW|TPB|VNM,0.6,0.6,1.0
2024-08-02,2024,walk_forward_validation,3,30,GVR|BCM|PLX,0.6666666666666666,0.5333333333333333,1.25
2024-08-02,2024,walk_forward_validation,5,30,GVR|BCM|PLX|HDB|POW,0.6,0.5333333333333333,1.125
2024-08-02,2024,walk_forward_validation,10,30,GVR|BCM|PLX|HDB|POW|BID|VPB|GAS|SSB|VIC,0.5,0.5333333333333333,0.9375
2024-08-05,2024,walk_forward_validation,3,30,GVR|BCM|PLX,0.3333333333333333,0.36666666666666664,0.9090909090909091
2024-08-05,2024,walk_forward_validation,5,30,GVR|BCM|PLX|POW|VPB,0.2,0.36666666666666664,0.5454545454545455
2024-08-05,2024,walk_forward_validation,10,30,GVR|BCM|PLX|POW|VPB|BID|HDB|SSB|MSN|MBB,0.2,0.36666666666666664,0.5454545454545455
2024-08-06,2024,walk_forward_validation,3,30,GVR|BCM|PLX,0.3333333333333333,0.4,0.8333333333333333
2024-08-06,2024,walk_forward_validation,5,30,GVR|BCM|PLX|POW|HDB,0.4,0.4,1.0
2024-08-06,2024,walk_forward_validation,10,30,GVR|BCM|PLX|POW|HDB|BID|VPB|MSN|GAS|VIB,0.3,0.4,0.7499999999999999
2024-08-07,2024,walk_forward_validation,3,30,GVR|POW|PLX,0.3333333333333333,0.5,0.6666666666666666
2024-08-07,2024,walk_forward_validation,5,30,GVR|POW|PLX|BCM|HDB,0.4,0.5,0.8
2024-08-07,2024,walk_forward_validation,10,30,GVR|POW|PLX|BCM|HDB|GAS|STB|VIB|MSN|BID,0.5,0.5,1.0
2024-08-08,2024,walk_forward_validation,3,30,GVR|PLX|HDB,0.6666666666666666,0.4,1.6666666666666665
2024-08-08,2024,walk_forward_validation,5,30,GVR|PLX|HDB|BCM|POW,0.4,0.4,1.0
2024-08-08,2024,walk_forward_validation,10,30,GVR|PLX|HDB|BCM|POW|STB|BID|GAS|MSN|VIC,0.3,0.4,0.7499999999999999
2024-08-09,2024,walk_forward_validation,3,30,GVR|HDB|PLX,0.6666666666666666,0.5,1.3333333333333333
2024-08-09,2024,walk_forward_validation,5,30,GVR|HDB|PLX|GAS|MSN,0.6,0.5,1.2
2024-08-09,2024,walk_forward_validation,10,30,GVR|HDB|PLX|GAS|MSN|POW|BCM|BID|MWG|STB,0.5,0.5,1.0
2024-08-12,2024,walk_forward_validation,3,30,GVR|BCM|HDB,0.6666666666666666,0.4,1.6666666666666665
2024-08-12,2024,walk_forward_validation,5,30,GVR|BCM|HDB|PLX|POW,0.4,0.4,1.0
2024-08-12,2024,walk_forward_validation,10,30,GVR|BCM|HDB|PLX|POW|MSN|GAS|MWG|STB|BID,0.3,0.4,0.7499999999999999
2024-08-13,2024,walk_forward_validation,3,30,GVR|HDB|BCM,0.3333333333333333,0.4,0.8333333333333333
2024-08-13,2024,walk_forward_validation,5,30,GVR|HDB|BCM|PLX|MWG,0.2,0.4,0.5
2024-08-13,2024,walk_forward_validation,10,30,GVR|HDB|BCM|PLX|MWG|STB|MSN|GAS|POW|CTG,0.3,0.4,0.7499999999999999
2024-08-14,2024,walk_forward_validation,3,30,GVR|BCM|HDB,0.6666666666666666,0.6,1.1111111111111112
2024-08-14,2024,walk_forward_validation,5,30,GVR|BCM|HDB|STB|MWG,0.6,0.6,1.0
2024-08-14,2024,walk_forward_validation,10,30,GVR|BCM|HDB|STB|MWG|FPT|PLX|POW|BID|GAS,0.5,0.6,0.8333333333333334
2024-08-15,2024,walk_forward_validation,3,30,GVR|HDB|BCM,0.3333333333333333,0.5,0.6666666666666666
2024-08-15,2024,walk_forward_validation,5,30,GVR|HDB|BCM|PLX|MSN,0.2,0.5,0.4
2024-08-15,2024,walk_forward_validation,10,30,GVR|HDB|BCM|PLX|MSN|MWG|GAS|STB|POW|CTG,0.3,0.5,0.6
2024-08-16,2024,walk_forward_validation,3,30,GVR|HDB|PLX,0.3333333333333333,0.4666666666666667,0.7142857142857142
2024-08-16,2024,walk_forward_validation,5,30,GVR|HDB|PLX|BCM|FPT,0.4,0.4666666666666667,0.8571428571428572
2024-08-16,2024,walk_forward_validation,10,30,GVR|HDB|PLX|BCM|FPT|SAB|MWG|STB|GAS|POW,0.3,0.4666666666666667,0.6428571428571428
2024-08-19,2024,walk_forward_validation,3,30,GVR|HDB|PLX,0.3333333333333333,0.5,0.6666666666666666
2024-08-19,2024,walk_forward_validation,5,30,GVR|HDB|PLX|MWG|BCM,0.2,0.5,0.4
2024-08-19,2024,walk_forward_validation,10,30,GVR|HDB|PLX|MWG|BCM|MSN|SAB|FPT|STB|GAS,0.3,0.5,0.6
2024-08-20,2024,walk_forward_validation,3,30,GVR|HDB|MWG,0.6666666666666666,0.5666666666666667,1.1764705882352942
2024-08-20,2024,walk_forward_validation,5,30,GVR|HDB|MWG|CTG|SAB,0.6,0.5666666666666667,1.0588235294117647
2024-08-20,2024,walk_forward_validation,10,30,GVR|HDB|MWG|CTG|SAB|BCM|GAS|BID|STB|PLX,0.5,0.5666666666666667,0.8823529411764706
2024-08-21,2024,walk_forward_validation,3,30,GVR|HDB|MWG,0.6666666666666666,0.5666666666666667,1.1764705882352942
2024-08-21,2024,walk_forward_validation,5,30,GVR|HDB|MWG|GAS|BID,0.4,0.5666666666666667,0.7058823529411765
2024-08-21,2024,walk_forward_validation,10,30,GVR|HDB|MWG|GAS|BID|STB|MSN|SAB|BVH|FPT,0.5,0.5666666666666667,0.8823529411764706
2024-08-22,2024,walk_forward_validation,3,30,GVR|HDB|CTG,1.0,0.6,1.6666666666666667
2024-08-22,2024,walk_forward_validation,5,30,GVR|HDB|CTG|BID|MWG,0.6,0.6,1.0
2024-08-22,2024,walk_forward_validation,10,30,GVR|HDB|CTG|BID|MWG|GAS|FPT|STB|VCB|SSI,0.6,0.6,1.0
2024-08-23,2024,walk_forward_validation,3,30,GVR|BID|CTG,0.6666666666666666,0.5666666666666667,1.1764705882352942
2024-08-23,2024,walk_forward_validation,5,30,GVR|BID|CTG|HDB|GAS,0.6,0.5666666666666667,1.0588235294117647
2024-08-23,2024,walk_forward_validation,10,30,GVR|BID|CTG|HDB|GAS|MWG|SSI|MSN|STB|BVH,0.5,0.5666666666666667,0.8823529411764706
2024-08-26,2024,walk_forward_validation,3,30,GVR|BID|HDB,0.3333333333333333,0.5666666666666667,0.5882352941176471
2024-08-26,2024,walk_forward_validation,5,30,GVR|BID|HDB|CTG|MWG,0.4,0.5666666666666667,0.7058823529411765
2024-08-26,2024,walk_forward_validation,10,30,GVR|BID|HDB|CTG|MWG|BVH|GAS|SSI|VPB|SAB,0.5,0.5666666666666667,0.8823529411764706
2024-08-27,2024,walk_forward_validation,3,30,GVR|HDB|CTG,1.0,0.6333333333333333,1.5789473684210527
2024-08-27,2024,walk_forward_validation,5,30,GVR|HDB|CTG|MWG|BVH,0.6,0.6333333333333333,0.9473684210526316
2024-08-27,2024,walk_forward_validation,10,30,GVR|HDB|CTG|MWG|BVH|SSI|BID|VPB|GAS|SAB,0.6,0.6333333333333333,0.9473684210526316
2024-08-28,2024,walk_forward_validation,3,30,GVR|CTG|BID,1.0,0.6333333333333333,1.5789473684210527
2024-08-28,2024,walk_forward_validation,5,30,GVR|CTG|BID|MWG|SSI,0.8,0.6333333333333333,1.2631578947368423
2024-08-28,2024,walk_forward_validation,10,30,GVR|CTG|BID|MWG|SSI|BVH|GAS|HDB|FPT|PLX,0.5,0.6333333333333333,0.7894736842105263
2024-08-29,2024,walk_forward_validation,3,30,GVR|CTG|SSI,1.0,0.6,1.6666666666666667
2024-08-29,2024,walk_forward_validation,5,30,GVR|CTG|SSI|MWG|FPT,0.8,0.6,1.3333333333333335
2024-08-29,2024,walk_forward_validation,10,30,GVR|CTG|SSI|MWG|FPT|MBB|HDB|STB|BVH|BID,0.8,0.6,1.3333333333333335
2024-08-30,2024,walk_forward_validation,3,30,GVR|CTG|HDB,1.0,0.5666666666666667,1.7647058823529411
2024-08-30,2024,walk_forward_validation,5,30,GVR|CTG|HDB|SSI|STB,1.0,0.5666666666666667,1.7647058823529411
2024-08-30,2024,walk_forward_validation,10,30,GVR|CTG|HDB|SSI|STB|MWG|FPT|MBB|BVH|ACB,0.8,0.5666666666666667,1.411764705882353
2024-09-04,2024,walk_forward_validation,3,30,GVR|HDB|CTG,1.0,0.5666666666666667,1.7647058823529411
2024-09-04,2024,walk_forward_validation,5,30,GVR|HDB|CTG|SSI|MWG,0.8,0.5666666666666667,1.411764705882353
2024-09-04,2024,walk_forward_validation,10,30,GVR|HDB|CTG|SSI|MWG|STB|SAB|ACB|FPT|BVH,0.7,0.5666666666666667,1.2352941176470589
2024-09-05,2024,walk_forward_validation,3,30,GVR|HDB|SSI,1.0,0.6,1.6666666666666667
2024-09-05,2024,walk_forward_validation,5,30,GVR|HDB|SSI|ACB|CTG,1.0,0.6,1.6666666666666667
2024-09-05,2024,walk_forward_validation,10,30,GVR|HDB|SSI|ACB|CTG|SAB|STB|BVH|BID|TPB,0.8,0.6,1.3333333333333335
2024-09-06,2024,walk_forward_validation,3,30,GVR|SSI|BID,1.0,0.6,1.6666666666666667
2024-09-06,2024,walk_forward_validation,5,30,GVR|SSI|BID|SAB|HDB,1.0,0.6,1.6666666666666667
2024-09-06,2024,walk_forward_validation,10,30,GVR|SSI|BID|SAB|HDB|STB|CTG|ACB|GAS|TPB,0.9,0.6,1.5
2024-09-09,2024,walk_forward_validation,3,30,GVR|SSI|BID,0.6666666666666666,0.5666666666666667,1.1764705882352942
2024-09-09,2024,walk_forward_validation,5,30,GVR|SSI|BID|TPB|TCB,0.8,0.5666666666666667,1.411764705882353
2024-09-09,2024,walk_forward_validation,10,30,GVR|SSI|BID|TPB|TCB|CTG|ACB|STB|GAS|HDB,0.8,0.5666666666666667,1.411764705882353
2024-09-10,2024,walk_forward_validation,3,30,GVR|TPB|CTG,1.0,0.5333333333333333,1.875
2024-09-10,2024,walk_forward_validation,5,30,GVR|TPB|CTG|SSI|TCB,1.0,0.5333333333333333,1.875
2024-09-10,2024,walk_forward_validation,10,30,GVR|TPB|CTG|SSI|TCB|BID|MWG|GAS|VNM|VJC,0.5,0.5333333333333333,0.9375
2024-09-11,2024,walk_forward_validation,3,30,GVR|TPB|CTG,1.0,0.6,1.6666666666666667
2024-09-11,2024,walk_forward_validation,5,30,GVR|TPB|CTG|VJC|VNM,0.6,0.6,1.0
2024-09-11,2024,walk_forward_validation,10,30,GVR|TPB|CTG|VJC|VNM|TCB|BID|STB|SSI|ACB,0.8,0.6,1.3333333333333335
2024-09-12,2024,walk_forward_validation,3,30,GVR|CTG|TPB,1.0,0.6666666666666666,1.5
2024-09-12,2024,walk_forward_validation,5,30,GVR|CTG|TPB|ACB|VIB,1.0,0.6666666666666666,1.5
2024-09-12,2024,walk_forward_validation,10,30,GVR|CTG|TPB|ACB|VIB|FPT|VJC|STB|TCB|SSB,0.9,0.6666666666666666,1.35
2024-09-13,2024,walk_forward_validation,3,30,GVR|TPB|CTG,0.6666666666666666,0.5666666666666667,1.1764705882352942
2024-09-13,2024,walk_forward_validation,5,30,GVR|TPB|CTG|FPT|ACB,0.8,0.5666666666666667,1.411764705882353
2024-09-13,2024,walk_forward_validation,10,30,GVR|TPB|CTG|FPT|ACB|VRE|VPB|SSI|SSB|TCB,0.8,0.5666666666666667,1.411764705882353
2024-09-16,2024,walk_forward_validation,3,30,GVR|TPB|CTG,1.0,0.5666666666666667,1.7647058823529411
2024-09-16,2024,walk_forward_validation,5,30,GVR|TPB|CTG|STB|ACB,1.0,0.5666666666666667,1.7647058823529411
2024-09-16,2024,walk_forward_validation,10,30,GVR|TPB|CTG|STB|ACB|FPT|SSI|MBB|SSB|VRE,0.9,0.5666666666666667,1.5882352941176472
2024-09-17,2024,walk_forward_validation,3,30,GVR|TPB|CTG,0.6666666666666666,0.5666666666666667,1.1764705882352942
2024-09-17,2024,walk_forward_validation,5,30,GVR|TPB|CTG|ACB|FPT,0.8,0.5666666666666667,1.411764705882353
2024-09-17,2024,walk_forward_validation,10,30,GVR|TPB|CTG|ACB|FPT|TCB|VPB|STB|MBB|VRE,0.8,0.5666666666666667,1.411764705882353
2024-09-18,2024,walk_forward_validation,3,30,GVR|TPB|TCB,1.0,0.6666666666666666,1.5
2024-09-18,2024,walk_forward_validation,5,30,GVR|TPB|TCB|FPT|CTG,1.0,0.6666666666666666,1.5
2024-09-18,2024,walk_forward_validation,10,30,GVR|TPB|TCB|FPT|CTG|SSI|ACB|MBB|HDB|VRE,0.9,0.6666666666666666,1.35
2024-09-19,2024,walk_forward_validation,3,30,GVR|TPB|CTG,0.6666666666666666,0.5666666666666667,1.1764705882352942
2024-09-19,2024,walk_forward_validation,5,30,GVR|TPB|CTG|ACB|SSI,0.8,0.5666666666666667,1.411764705882353
2024-09-19,2024,walk_forward_validation,10,30,GVR|TPB|CTG|ACB|SSI|STB|TCB|FPT|MBB|VPB,0.9,0.5666666666666667,1.5882352941176472
2024-09-20,2024,walk_forward_validation,3,30,GVR|CTG|FPT,0.3333333333333333,0.5666666666666667,0.5882352941176471
2024-09-20,2024,walk_forward_validation,5,30,GVR|CTG|FPT|TPB|SSI,0.6,0.5666666666666667,1.0588235294117647
2024-09-20,2024,walk_forward_validation,10,30,GVR|CTG|FPT|TPB|SSI|STB|VIB|VRE|SAB|MBB,0.6,0.5666666666666667,1.0588235294117647
2024-09-23,2024,walk_forward_validation,3,30,GVR|CTG|STB,0.3333333333333333,0.5,0.6666666666666666
2024-09-23,2024,walk_forward_validation,5,30,GVR|CTG|STB|TPB|ACB,0.4,0.5,0.8
2024-09-23,2024,walk_forward_validation,10,30,GVR|CTG|STB|TPB|ACB|SSI|TCB|MBB|SAB|VIB,0.6,0.5,1.2
2024-09-24,2024,walk_forward_validation,3,30,GVR|TPB|CTG,0.3333333333333333,0.43333333333333335,0.7692307692307692
2024-09-24,2024,walk_forward_validation,5,30,GVR|TPB|CTG|MBB|ACB,0.4,0.43333333333333335,0.9230769230769231
2024-09-24,2024,walk_forward_validation,10,30,GVR|TPB|CTG|MBB|ACB|SSI|STB|SAB|TCB|HDB,0.6,0.43333333333333335,1.3846153846153846
2024-09-25,2024,walk_forward_validation,3,30,GVR|TPB|CTG,0.3333333333333333,0.4666666666666667,0.7142857142857142
2024-09-25,2024,walk_forward_validation,5,30,GVR|TPB|CTG|SSI|MBB,0.2,0.4666666666666667,0.4285714285714286
2024-09-25,2024,walk_forward_validation,10,30,GVR|TPB|CTG|SSI|MBB|STB|ACB|SAB|VIB|TCB,0.3,0.4666666666666667,0.6428571428571428
2024-09-26,2024,walk_forward_validation,3,30,GVR|SSI|CTG,0.3333333333333333,0.5,0.6666666666666666
2024-09-26,2024,walk_forward_validation,5,30,GVR|SSI|CTG|MBB|STB,0.4,0.5,0.8
2024-09-26,2024,walk_forward_validation,10,30,GVR|SSI|CTG|MBB|STB|TCB|ACB|SAB|VPB|VIB,0.4,0.5,0.8
2024-09-27,2024,walk_forward_validation,3,30,CTG|SSI|GVR,0.0,0.43333333333333335,0.0
2024-09-27,2024,walk_forward_validation,5,30,CTG|SSI|GVR|MBB|SAB,0.0,0.43333333333333335,0.0
2024-09-27,2024,walk_forward_validation,10,30,CTG|SSI|GVR|MBB|SAB|HDB|TCB|ACB|VPB|VIB,0.2,0.43333333333333335,0.46153846153846156
2024-09-30,2024,walk_forward_validation,3,30,CTG|SSI|GVR,0.0,0.4666666666666667,0.0
2024-09-30,2024,walk_forward_validation,5,30,CTG|SSI|GVR|VPB|MBB,0.2,0.4666666666666667,0.4285714285714286
2024-09-30,2024,walk_forward_validation,10,30,CTG|SSI|GVR|VPB|MBB|STB|VIB|SHB|TCB|SAB,0.3,0.4666666666666667,0.6428571428571428
2024-10-01,2024,walk_forward_validation,3,30,SSI|GVR|STB,0.3333333333333333,0.43333333333333335,0.7692307692307692
2024-10-01,2024,walk_forward_validation,5,30,SSI|GVR|STB|VPB|MBB,0.4,0.43333333333333335,0.9230769230769231
2024-10-01,2024,walk_forward_validation,10,30,SSI|GVR|STB|VPB|MBB|SHB|TCB|CTG|HPG|BID,0.3,0.43333333333333335,0.6923076923076923
2024-10-02,2024,walk_forward_validation,3,30,GVR|MBB|SSI,0.0,0.36666666666666664,0.0
2024-10-02,2024,walk_forward_validation,5,30,GVR|MBB|SSI|STB|TCB,0.2,0.36666666666666664,0.5454545454545455
2024-10-02,2024,walk_forward_validation,10,30,GVR|MBB|SSI|STB|TCB|VIB|SHB|VPB|ACB|BID,0.2,0.36666666666666664,0.5454545454545455
2024-10-03,2024,walk_forward_validation,3,30,GVR|SSI|MBB,0.0,0.36666666666666664,0.0
2024-10-03,2024,walk_forward_validation,5,30,GVR|SSI|MBB|VPB|STB,0.4,0.36666666666666664,1.090909090909091
2024-10-03,2024,walk_forward_validation,10,30,GVR|SSI|MBB|VPB|STB|TCB|CTG|SHB|FPT|ACB,0.3,0.36666666666666664,0.8181818181818182
2024-10-04,2024,walk_forward_validation,3,30,SSI|VPB|GVR,0.3333333333333333,0.4,0.8333333333333333
2024-10-04,2024,walk_forward_validation,5,30,SSI|VPB|GVR|SHB|STB,0.4,0.4,1.0
2024-10-04,2024,walk_forward_validation,10,30,SSI|VPB|GVR|SHB|STB|MBB|FPT|TCB|VIB|HPG,0.4,0.4,1.0
2024-10-07,2024,walk_forward_validation,3,30,SSI|VPB|MBB,0.3333333333333333,0.36666666666666664,0.9090909090909091
2024-10-07,2024,walk_forward_validation,5,30,SSI|VPB|MBB|FPT|GVR,0.4,0.36666666666666664,1.090909090909091
2024-10-07,2024,walk_forward_validation,10,30,SSI|VPB|MBB|FPT|GVR|SHB|HPG|TCB|STB|VIB,0.4,0.36666666666666664,1.090909090909091
2024-10-08,2024,walk_forward_validation,3,30,SSI|GVR|VPB,0.3333333333333333,0.4666666666666667,0.7142857142857142
2024-10-08,2024,walk_forward_validation,5,30,SSI|GVR|VPB|MBB|FPT,0.4,0.4666666666666667,0.8571428571428572
2024-10-08,2024,walk_forward_validation,10,30,SSI|GVR|VPB|MBB|FPT|HPG|SHB|TCB|STB|VIB,0.5,0.4666666666666667,1.0714285714285714
2024-10-09,2024,walk_forward_validation,3,30,GVR|VPB|MBB,0.0,0.36666666666666664,0.0
2024-10-09,2024,walk_forward_validation,5,30,GVR|VPB|MBB|SSI|FPT,0.2,0.36666666666666664,0.5454545454545455
2024-10-09,2024,walk_forward_validation,10,30,GVR|VPB|MBB|SSI|FPT|TPB|STB|SHB|TCB|HPG,0.3,0.36666666666666664,0.8181818181818182
2024-10-10,2024,walk_forward_validation,3,30,VPB|GVR|SSI,0.0,0.36666666666666664,0.0
2024-10-10,2024,walk_forward_validation,5,30,VPB|GVR|SSI|MBB|TPB,0.0,0.36666666666666664,0.0
2024-10-10,2024,walk_forward_validation,10,30,VPB|GVR|SSI|MBB|TPB|HPG|ACB|STB|TCB|BID,0.2,0.36666666666666664,0.5454545454545455
2024-10-11,2024,walk_forward_validation,3,30,VPB|MBB|SSI,0.0,0.3,0.0
2024-10-11,2024,walk_forward_validation,5,30,VPB|MBB|SSI|GVR|TPB,0.0,0.3,0.0
2024-10-11,2024,walk_forward_validation,10,30,VPB|MBB|SSI|GVR|TPB|VJC|STB|MSN|HPG|TCB,0.2,0.3,0.6666666666666667
2024-10-14,2024,walk_forward_validation,3,30,SSI|VPB|GVR,0.0,0.26666666666666666,0.0
2024-10-14,2024,walk_forward_validation,5,30,SSI|VPB|GVR|MBB|TPB,0.0,0.26666666666666666,0.0
2024-10-14,2024,walk_forward_validation,10,30,SSI|VPB|GVR|MBB|TPB|STB|MSN|HPG|TCB|CTG,0.2,0.26666666666666666,0.75
2024-10-15,2024,walk_forward_validation,3,30,MBB|VPB|SSI,0.0,0.3,0.0
2024-10-15,2024,walk_forward_validation,5,30,MBB|VPB|SSI|GVR|TPB,0.0,0.3,0.0
2024-10-15,2024,walk_forward_validation,10,30,MBB|VPB|SSI|GVR|TPB|HPG|MSN|STB|TCB|SHB,0.2,0.3,0.6666666666666667
2024-10-16,2024,walk_forward_validation,3,30,VPB|GVR|MBB,0.0,0.3333333333333333,0.0
2024-10-16,2024,walk_forward_validation,5,30,VPB|GVR|MBB|HPG|TPB,0.2,0.3333333333333333,0.6000000000000001
2024-10-16,2024,walk_forward_validation,10,30,VPB|GVR|MBB|HPG|TPB|MSN|TCB|CTG|SSI|BID,0.1,0.3333333333333333,0.30000000000000004
2024-10-17,2024,walk_forward_validation,3,30,VPB|MBB|MSN,0.0,0.43333333333333335,0.0
2024-10-17,2024,walk_forward_validation,5,30,VPB|MBB|MSN|GVR|BID,0.0,0.43333333333333335,0.0
2024-10-17,2024,walk_forward_validation,10,30,VPB|MBB|MSN|GVR|BID|SSI|HPG|CTG|BVH|TCB,0.2,0.43333333333333335,0.46153846153846156
2024-10-18,2024,walk_forward_validation,3,30,VPB|SSI|MSN,0.0,0.36666666666666664,0.0
2024-10-18,2024,walk_forward_validation,5,30,VPB|SSI|MSN|BID|MBB,0.0,0.36666666666666664,0.0
2024-10-18,2024,walk_forward_validation,10,30,VPB|SSI|MSN|BID|MBB|HPG|TCB|BVH|VIB|VHM,0.2,0.36666666666666664,0.5454545454545455
2024-10-21,2024,walk_forward_validation,3,30,VPB|MSN|MBB,0.0,0.3333333333333333,0.0
2024-10-21,2024,walk_forward_validation,5,30,VPB|MSN|MBB|BID|SHB,0.0,0.3333333333333333,0.0
2024-10-21,2024,walk_forward_validation,10,30,VPB|MSN|MBB|BID|SHB|HPG|STB|BVH|TCB|SSI,0.2,0.3333333333333333,0.6000000000000001
2024-10-22,2024,walk_forward_validation,3,30,VPB|TCB|STB,0.0,0.4666666666666667,0.0
2024-10-22,2024,walk_forward_validation,5,30,VPB|TCB|STB|MSN|HPG,0.2,0.4666666666666667,0.4285714285714286
2024-10-22,2024,walk_forward_validation,10,30,VPB|TCB|STB|MSN|HPG|MBB|SSI|SHB|VHM|BVH,0.2,0.4666666666666667,0.4285714285714286
2024-10-23,2024,walk_forward_validation,3,30,TCB|VPB|STB,0.0,0.43333333333333335,0.0
2024-10-23,2024,walk_forward_validation,5,30,TCB|VPB|STB|MSN|SSI,0.0,0.43333333333333335,0.0
2024-10-23,2024,walk_forward_validation,10,30,TCB|VPB|STB|MSN|SSI|BVH|MBB|HPG|VHM|SHB,0.3,0.43333333333333335,0.6923076923076923
2024-10-24,2024,walk_forward_validation,3,30,BVH|MSN|SSI,0.3333333333333333,0.4666666666666667,0.7142857142857142
2024-10-24,2024,walk_forward_validation,5,30,BVH|MSN|SSI|STB|VHM,0.6,0.4666666666666667,1.2857142857142856
2024-10-24,2024,walk_forward_validation,10,30,BVH|MSN|SSI|STB|VHM|FPT|HPG|TPB|VCB|VPB,0.6,0.4666666666666667,1.2857142857142856
2024-10-25,2024,walk_forward_validation,3,30,BVH|SSI|VHM,0.3333333333333333,0.43333333333333335,0.7692307692307692
2024-10-25,2024,walk_forward_validation,5,30,BVH|SSI|VHM|STB|HPG,0.4,0.43333333333333335,0.9230769230769231
2024-10-25,2024,walk_forward_validation,10,30,BVH|SSI|VHM|STB|HPG|VPB|VCB|FPT|MSN|MWG,0.4,0.43333333333333335,0.9230769230769231
2024-10-28,2024,walk_forward_validation,3,30,STB|HPG|BVH,0.3333333333333333,0.5333333333333333,0.625
2024-10-28,2024,walk_forward_validation,5,30,STB|HPG|BVH|FPT|SSI,0.4,0.5333333333333333,0.75
2024-10-28,2024,walk_forward_validation,10,30,STB|HPG|BVH|FPT|SSI|MSN|VCB|TPB|VPB|MWG,0.3,0.5333333333333333,0.5625
2024-10-29,2024,walk_forward_validation,3,30,STB|HPG|VPB,0.0,0.5333333333333333,0.0
2024-10-29,2024,walk_forward_validation,5,30,STB|HPG|VPB|VCB|MSN,0.2,0.5333333333333333,0.375
2024-10-29,2024,walk_forward_validation,10,30,STB|HPG|VPB|VCB|MSN|BVH|SSI|MWG|FPT|HDB,0.3,0.5333333333333333,0.5625
2024-10-30,2024,walk_forward_validation,3,30,STB|HPG|FPT,0.3333333333333333,0.4,0.8333333333333333
2024-10-30,2024,walk_forward_validation,5,30,STB|HPG|FPT|VPB|MWG,0.2,0.4,0.5
2024-10-30,2024,walk_forward_validation,10,30,STB|HPG|FPT|VPB|MWG|MSN|VCB|HDB|MBB|BVH,0.3,0.4,0.7499999999999999
2024-10-31,2024,walk_forward_validation,3,30,STB|VPB|MWG,0.0,0.4666666666666667,0.0
2024-10-31,2024,walk_forward_validation,5,30,STB|VPB|MWG|VCB|HPG,0.2,0.4666666666666667,0.4285714285714286
2024-10-31,2024,walk_forward_validation,10,30,STB|VPB|MWG|VCB|HPG|FPT|CTG|MBB|TCB|ACB,0.5,0.4666666666666667,1.0714285714285714
2024-11-01,2024,walk_forward_validation,3,30,VCB|STB|BVH,0.6666666666666666,0.4,1.6666666666666665
2024-11-01,2024,walk_forward_validation,5,30,VCB|STB|BVH|CTG|HPG,0.8,0.4,2.0
2024-11-01,2024,walk_forward_validation,10,30,VCB|STB|BVH|CTG|HPG|VPB|FPT|MWG|TCB|VJC,0.5,0.4,1.25
2024-11-04,2024,walk_forward_validation,3,30,STB|CTG|BVH,0.3333333333333333,0.43333333333333335,0.7692307692307692
2024-11-04,2024,walk_forward_validation,5,30,STB|CTG|BVH|VCB|MWG,0.4,0.43333333333333335,0.9230769230769231
2024-11-04,2024,walk_forward_validation,10,30,STB|CTG|BVH|VCB|MWG|VIC|HPG|FPT|VHM|VJC,0.4,0.43333333333333335,0.9230769230769231
2024-11-05,2024,walk_forward_validation,3,30,STB|VCB|BVH,0.6666666666666666,0.4,1.6666666666666665
2024-11-05,2024,walk_forward_validation,5,30,STB|VCB|BVH|MWG|HPG,0.6,0.4,1.4999999999999998
2024-11-05,2024,walk_forward_validation,10,30,STB|VCB|BVH|MWG|HPG|SHB|VIC|VHM|FPT|CTG,0.5,0.4,1.25
2024-11-06,2024,walk_forward_validation,3,30,STB|VCB|BVH,0.6666666666666666,0.3333333333333333,2.0
2024-11-06,2024,walk_forward_validation,5,30,STB|VCB|BVH|MWG|CTG,0.4,0.3333333333333333,1.2000000000000002
2024-11-06,2024,walk_forward_validation,10,30,STB|VCB|BVH|MWG|CTG|HPG|VIC|SHB|BCM|FPT,0.4,0.3333333333333333,1.2000000000000002
2024-11-07,2024,walk_forward_validation,3,30,VCB|STB|HPG,0.6666666666666666,0.4666666666666667,1.4285714285714284
2024-11-07,2024,walk_forward_validation,5,30,VCB|STB|HPG|BCM|BVH,0.8,0.4666666666666667,1.7142857142857144
2024-11-07,2024,walk_forward_validation,10,30,VCB|STB|HPG|BCM|BVH|MWG|VIC|CTG|SHB|MBB,0.5,0.4666666666666667,1.0714285714285714
2024-11-08,2024,walk_forward_validation,3,30,STB|FPT|HPG,0.6666666666666666,0.5,1.3333333333333333
2024-11-08,2024,walk_forward_validation,5,30,STB|FPT|HPG|VCB|BCM,0.6,0.5,1.2
2024-11-08,2024,walk_forward_validation,10,30,STB|FPT|HPG|VCB|BCM|MWG|SHB|BVH|TCB|CTG,0.6,0.5,1.2
2024-11-11,2024,walk_forward_validation,3,30,FPT|HPG|VCB,0.6666666666666666,0.5,1.3333333333333333
2024-11-11,2024,walk_forward_validation,5,30,FPT|HPG|VCB|GVR|BCM,0.4,0.5,0.8
2024-11-11,2024,walk_forward_validation,10,30,FPT|HPG|VCB|GVR|BCM|STB|VJC|BVH|SHB|ACB,0.4,0.5,0.8
2024-11-12,2024,walk_forward_validation,3,30,FPT|HPG|STB,0.3333333333333333,0.36666666666666664,0.9090909090909091
2024-11-12,2024,walk_forward_validation,5,30,FPT|HPG|STB|VCB|BCM,0.4,0.36666666666666664,1.090909090909091
2024-11-12,2024,walk_forward_validation,10,30,FPT|HPG|STB|VCB|BCM|ACB|BVH|GVR|VRE|SHB,0.3,0.36666666666666664,0.8181818181818182
2024-11-13,2024,walk_forward_validation,3,30,FPT|VCB|SSB,0.6666666666666666,0.4,1.6666666666666665
2024-11-13,2024,walk_forward_validation,5,30,FPT|VCB|SSB|BCM|STB,0.4,0.4,1.0
2024-11-13,2024,walk_forward_validation,10,30,FPT|VCB|SSB|BCM|STB|BVH|HPG|SAB|VRE|ACB,0.5,0.4,1.25
2024-11-14,2024,walk_forward_validation,3,30,FPT|SSB|VCB,0.6666666666666666,0.43333333333333335,1.5384615384615383
2024-11-14,2024,walk_forward_validation,5,30,FPT|SSB|VCB|GVR|STB,0.6,0.43333333333333335,1.3846153846153846
2024-11-14,2024,walk_forward_validation,10,30,FPT|SSB|VCB|GVR|STB|BVH|VRE|VIC|SAB|ACB,0.5,0.43333333333333335,1.1538461538461537
2024-11-15,2024,walk_forward_validation,3,30,SSB|FPT|VRE,0.3333333333333333,0.4,0.8333333333333333
2024-11-15,2024,walk_forward_validation,5,30,SSB|FPT|VRE|VCB|BCM,0.2,0.4,0.5
2024-11-15,2024,walk_forward_validation,10,30,SSB|FPT|VRE|VCB|BCM|GVR|ACB|BVH|TCB|STB,0.4,0.4,1.0
2024-11-18,2024,walk_forward_validation,3,30,FPT|SSB|VRE,0.3333333333333333,0.36666666666666664,0.9090909090909091
2024-11-18,2024,walk_forward_validation,5,30,FPT|SSB|VRE|ACB|GVR,0.2,0.36666666666666664,0.5454545454545455
2024-11-18,2024,walk_forward_validation,10,30,FPT|SSB|VRE|ACB|GVR|VCB|BCM|STB|SAB|HPG,0.3,0.36666666666666664,0.8181818181818182
2024-11-19,2024,walk_forward_validation,3,30,VRE|SSB|ACB,0.0,0.4,0.0
2024-11-19,2024,walk_forward_validation,5,30,VRE|SSB|ACB|VIB|VCB,0.2,0.4,0.5
2024-11-19,2024,walk_forward_validation,10,30,VRE|SSB|ACB|VIB|VCB|GVR|SAB|FPT|POW|TCB,0.4,0.4,1.0
2024-11-20,2024,walk_forward_validation,3,30,SSB|ACB|VIB,0.3333333333333333,0.4,0.8333333333333333
2024-11-20,2024,walk_forward_validation,5,30,SSB|ACB|VIB|SAB|GVR,0.2,0.4,0.5
2024-11-20,2024,walk_forward_validation,10,30,SSB|ACB|VIB|SAB|GVR|VRE|FPT|BCM|TCB|VHM,0.3,0.4,0.7499999999999999
2024-11-21,2024,walk_forward_validation,3,30,VRE|ACB|SSB,0.0,0.4,0.0
2024-11-21,2024,walk_forward_validation,5,30,VRE|ACB|SSB|FPT|CTG,0.4,0.4,1.0
2024-11-21,2024,walk_forward_validation,10,30,VRE|ACB|SSB|FPT|CTG|TCB|STB|BCM|VIB|MBB,0.5,0.4,1.25
2024-11-22,2024,walk_forward_validation,3,30,TCB|ACB|SSB,0.0,0.3333333333333333,0.0
2024-11-22,2024,walk_forward_validation,5,30,TCB|ACB|SSB|CTG|VRE,0.2,0.3333333333333333,0.6000000000000001
2024-11-22,2024,walk_forward_validation,10,30,TCB|ACB|SSB|CTG|VRE|FPT|BCM|BVH|MBB|VIB,0.5,0.3333333333333333,1.5
2024-11-25,2024,walk_forward_validation,3,30,VRE|TCB|SSB,0.0,0.4,0.0
2024-11-25,2024,walk_forward_validation,5,30,VRE|TCB|SSB|POW|CTG,0.2,0.4,0.5
2024-11-25,2024,walk_forward_validation,10,30,VRE|TCB|SSB|POW|CTG|VIB|VHM|FPT|ACB|BCM,0.4,0.4,1.0
2024-11-26,2024,walk_forward_validation,3,30,POW|VRE|CTG,0.3333333333333333,0.36666666666666664,0.9090909090909091
2024-11-26,2024,walk_forward_validation,5,30,POW|VRE|CTG|SSB|ACB,0.2,0.36666666666666664,0.5454545454545455
2024-11-26,2024,walk_forward_validation,10,30,POW|VRE|CTG|SSB|ACB|TCB|VHM|FPT|BVH|VCB,0.4,0.36666666666666664,1.090909090909091
2024-11-27,2024,walk_forward_validation,3,30,POW|VHM|ACB,0.0,0.36666666666666664,0.0
2024-11-27,2024,walk_forward_validation,5,30,POW|VHM|ACB|CTG|FPT,0.4,0.36666666666666664,1.090909090909091
2024-11-27,2024,walk_forward_validation,10,30,POW|VHM|ACB|CTG|FPT|SSB|TCB|VRE|VCB|SAB,0.3,0.36666666666666664,0.8181818181818182
2024-11-28,2024,walk_forward_validation,3,30,POW|CTG|FPT,0.6666666666666666,0.4,1.6666666666666665
2024-11-28,2024,walk_forward_validation,5,30,POW|CTG|FPT|ACB|VRE,0.4,0.4,1.0
2024-11-28,2024,walk_forward_validation,10,30,POW|CTG|FPT|ACB|VRE|VIB|TCB|SSB|VCB|VHM,0.4,0.4,1.0
2024-11-29,2024,walk_forward_validation,3,30,ACB|VIB|TCB,0.6666666666666666,0.4,1.6666666666666665
2024-11-29,2024,walk_forward_validation,5,30,ACB|VIB|TCB|CTG|POW,0.6,0.4,1.4999999999999998
2024-11-29,2024,walk_forward_validation,10,30,ACB|VIB|TCB|CTG|POW|VCB|FPT|SSB|HPG|SAB,0.5,0.4,1.25
2024-12-02,2024,walk_forward_validation,3,30,VIB|ACB|VCB,0.3333333333333333,0.4,0.8333333333333333
2024-12-02,2024,walk_forward_validation,5,30,VIB|ACB|VCB|POW|TCB,0.4,0.4,1.0
2024-12-02,2024,walk_forward_validation,10,30,VIB|ACB|VCB|POW|TCB|HPG|FPT|CTG|SSB|GVR,0.4,0.4,1.0
2024-12-03,2024,walk_forward_validation,3,30,CTG|VIB|HPG,0.6666666666666666,0.43333333333333335,1.5384615384615383
2024-12-03,2024,walk_forward_validation,5,30,CTG|VIB|HPG|TCB|POW,0.6,0.43333333333333335,1.3846153846153846
2024-12-03,2024,walk_forward_validation,10,30,CTG|VIB|HPG|TCB|POW|ACB|FPT|SSB|MSN|VCB,0.5,0.43333333333333335,1.1538461538461537
2025-01-02,2025,final_test,3,30,CTG|STB|FPT,0.6666666666666666,0.3333333333333333,2.0
2025-01-02,2025,final_test,5,30,CTG|STB|FPT|BCM|TPB,0.4,0.3333333333333333,1.2000000000000002
2025-01-02,2025,final_test,10,30,CTG|STB|FPT|BCM|TPB|MBB|ACB|TCB|VPB|SSI,0.4,0.3333333333333333,1.2000000000000002
2025-01-03,2025,final_test,3,30,STB|BCM|MBB,0.6666666666666666,0.4,1.6666666666666665
2025-01-03,2025,final_test,5,30,STB|BCM|MBB|CTG|FPT,0.6,0.4,1.4999999999999998
2025-01-03,2025,final_test,10,30,STB|BCM|MBB|CTG|FPT|TPB|ACB|BID|HDB|SSI,0.6,0.4,1.4999999999999998
2025-01-06,2025,final_test,3,30,STB|BCM|CTG,0.6666666666666666,0.4666666666666667,1.4285714285714284
2025-01-06,2025,final_test,5,30,STB|BCM|CTG|FPT|MBB,0.6,0.4666666666666667,1.2857142857142856
2025-01-06,2025,final_test,10,30,STB|BCM|CTG|FPT|MBB|TPB|SHB|BID|HDB|VPB,0.6,0.4666666666666667,1.2857142857142856
2025-01-07,2025,final_test,3,30,STB|CTG|TPB,1.0,0.4666666666666667,2.142857142857143
2025-01-07,2025,final_test,5,30,STB|CTG|TPB|FPT|MBB,0.8,0.4666666666666667,1.7142857142857144
2025-01-07,2025,final_test,10,30,STB|CTG|TPB|FPT|MBB|ACB|HDB|VIB|SHB|TCB,0.8,0.4666666666666667,1.7142857142857144
2025-01-08,2025,final_test,3,30,TPB|STB|CTG,1.0,0.43333333333333335,2.3076923076923075
2025-01-08,2025,final_test,5,30,TPB|STB|CTG|MBB|BCM,0.8,0.43333333333333335,1.8461538461538463
2025-01-08,2025,final_test,10,30,TPB|STB|CTG|MBB|BCM|VIB|TCB|FPT|SHB|ACB,0.8,0.43333333333333335,1.8461538461538463
2025-01-09,2025,final_test,3,30,STB|MBB|CTG,1.0,0.4666666666666667,2.142857142857143
2025-01-09,2025,final_test,5,30,STB|MBB|CTG|TPB|FPT,0.8,0.4666666666666667,1.7142857142857144
2025-01-09,2025,final_test,10,30,STB|MBB|CTG|TPB|FPT|BCM|TCB|VIB|BID|VIC,0.6,0.4666666666666667,1.2857142857142856
2025-01-10,2025,final_test,3,30,STB|CTG|MBB,1.0,0.5666666666666667,1.7647058823529411
2025-01-10,2025,final_test,5,30,STB|CTG|MBB|BCM|FPT,0.6,0.5666666666666667,1.0588235294117647
2025-01-10,2025,final_test,10,30,STB|CTG|MBB|BCM|FPT|VIB|BID|TPB|VIC|VHM,0.6,0.5666666666666667,1.0588235294117647
2025-01-13,2025,final_test,3,30,STB|CTG|MBB,1.0,0.5333333333333333,1.875
2025-01-13,2025,final_test,5,30,STB|CTG|MBB|BCM|VIB,0.8,0.5333333333333333,1.5
2025-01-13,2025,final_test,10,30,STB|CTG|MBB|BCM|VIB|FPT|BID|TPB|TCB|VCB,0.6,0.5333333333333333,1.125
2025-01-14,2025,final_test,3,30,STB|BCM|MBB,0.6666666666666666,0.6,1.1111111111111112
2025-01-14,2025,final_test,5,30,STB|BCM|MBB|CTG|VIB,0.8,0.6,1.3333333333333335
2025-01-14,2025,final_test,10,30,STB|BCM|MBB|CTG|VIB|BID|TPB|VCB|HPG|GVR,0.6,0.6,1.0
2025-01-15,2025,final_test,3,30,VIB|STB|MBB,1.0,0.43333333333333335,2.3076923076923075
2025-01-15,2025,final_test,5,30,VIB|STB|MBB|BCM|TPB,0.8,0.43333333333333335,1.8461538461538463
2025-01-15,2025,final_test,10,30,VIB|STB|MBB|BCM|TPB|BID|CTG|ACB|HPG|SAB,0.5,0.43333333333333335,1.1538461538461537
2025-01-16,2025,final_test,3,30,VIB|STB|MBB,1.0,0.5333333333333333,1.875
2025-01-16,2025,final_test,5,30,VIB|STB|MBB|TPB|BCM,1.0,0.5333333333333333,1.875
2025-01-16,2025,final_test,10,30,VIB|STB|MBB|TPB|BCM|TCB|BID|ACB|HPG|POW,0.7,0.5333333333333333,1.3125
2025-01-17,2025,final_test,3,30,VIB|TPB|MBB,0.6666666666666666,0.5,1.3333333333333333
2025-01-17,2025,final_test,5,30,VIB|TPB|MBB|FPT|STB,0.6,0.5,1.2
2025-01-17,2025,final_test,10,30,VIB|TPB|MBB|FPT|STB|TCB|CTG|HPG|BID|SSB,0.6,0.5,1.2
2025-01-20,2025,final_test,3,30,TPB|MBB|VIB,0.3333333333333333,0.5333333333333333,0.625
2025-01-20,2025,final_test,5,30,TPB|MBB|VIB|TCB|FPT,0.4,0.5333333333333333,0.75
2025-01-20,2025,final_test,10,30,TPB|MBB|VIB|TCB|FPT|CTG|STB|SSB|HPG|BID,0.6,0.5333333333333333,1.125
2025-01-21,2025,final_test,3,30,VIB|TPB|MBB,0.6666666666666666,0.4666666666666667,1.4285714285714284
2025-01-21,2025,final_test,5,30,VIB|TPB|MBB|FPT|TCB,0.6,0.4666666666666667,1.2857142857142856
2025-01-21,2025,final_test,10,30,VIB|TPB|MBB|FPT|TCB|STB|CTG|HPG|BID|ACB,0.5,0.4666666666666667,1.0714285714285714
2025-01-22,2025,final_test,3,30,MBB|FPT|TPB,0.6666666666666666,0.5,1.3333333333333333
2025-01-22,2025,final_test,5,30,MBB|FPT|TPB|STB|TCB,0.8,0.5,1.6
2025-01-22,2025,final_test,10,30,MBB|FPT|TPB|STB|TCB|VIB|CTG|HPG|BID|ACB,0.6,0.5,1.2
2025-01-23,2025,final_test,3,30,CTG|MBB|TPB,0.6666666666666666,0.4666666666666667,1.4285714285714284
2025-01-23,2025,final_test,5,30,CTG|MBB|TPB|FPT|STB,0.4,0.4666666666666667,0.8571428571428572
2025-01-23,2025,final_test,10,30,CTG|MBB|TPB|FPT|STB|HPG|TCB|VIB|SSB|SSI,0.5,0.4666666666666667,1.0714285714285714
2025-01-24,2025,final_test,3,30,MBB|VIB|STB,0.3333333333333333,0.4666666666666667,0.7142857142857142
2025-01-24,2025,final_test,5,30,MBB|VIB|STB|FPT|TCB,0.4,0.4666666666666667,0.8571428571428572
2025-01-24,2025,final_test,10,30,MBB|VIB|STB|FPT|TCB|CTG|TPB|MWG|HPG|SSI,0.5,0.4666666666666667,1.0714285714285714
2025-02-03,2025,final_test,3,30,MBB|CTG|SHB,1.0,0.5,2.0
2025-02-03,2025,final_test,5,30,MBB|CTG|SHB|HPG|VIB,0.8,0.5,1.6
2025-02-03,2025,final_test,10,30,MBB|CTG|SHB|HPG|VIB|TCB|STB|MWG|BCM|ACB,0.7,0.5,1.4
2025-02-04,2025,final_test,3,30,MBB|CTG|VIB,0.6666666666666666,0.5,1.3333333333333333
2025-02-04,2025,final_test,5,30,MBB|CTG|VIB|HPG|SHB,0.8,0.5,1.6
2025-02-04,2025,final_test,10,30,MBB|CTG|VIB|HPG|SHB|STB|TPB|TCB|HDB|MWG,0.6,0.5,1.2
2025-02-05,2025,final_test,3,30,CTG|MBB|STB,1.0,0.5333333333333333,1.875
2025-02-05,2025,final_test,5,30,CTG|MBB|STB|VIB|TPB,0.8,0.5333333333333333,1.5
2025-02-05,2025,final_test,10,30,CTG|MBB|STB|VIB|TPB|HPG|TCB|BCM|SHB|VPB,0.7,0.5333333333333333,1.3125
2025-02-06,2025,final_test,3,30,CTG|STB|MBB,1.0,0.5333333333333333,1.875
2025-02-06,2025,final_test,5,30,CTG|STB|MBB|VIB|TPB,0.6,0.5333333333333333,1.125
2025-02-06,2025,final_test,10,30,CTG|STB|MBB|VIB|TPB|VPB|HPG|ACB|SSI|SHB,0.6,0.5333333333333333,1.125
2025-02-07,2025,final_test,3,30,STB|MBB|VIB,0.6666666666666666,0.5,1.3333333333333333
2025-02-07,2025,final_test,5,30,STB|MBB|VIB|CTG|TPB,0.4,0.5,0.8
2025-02-07,2025,final_test,10,30,STB|MBB|VIB|CTG|TPB|SSI|TCB|SHB|ACB|VPB,0.5,0.5,1.0
2025-02-10,2025,final_test,3,30,CTG|TCB|STB,0.6666666666666666,0.4666666666666667,1.4285714285714284
2025-02-10,2025,final_test,5,30,CTG|TCB|STB|MBB|TPB,0.6,0.4666666666666667,1.2857142857142856
2025-02-10,2025,final_test,10,30,CTG|TCB|STB|MBB|TPB|SHB|SSI|ACB|VIB|SSB,0.5,0.4666666666666667,1.0714285714285714
2025-02-11,2025,final_test,3,30,MBB|CTG|STB,0.3333333333333333,0.43333333333333335,0.7692307692307692
2025-02-11,2025,final_test,5,30,MBB|CTG|STB|TCB|VIB,0.4,0.43333333333333335,0.9230769230769231
2025-02-11,2025,final_test,10,30,MBB|CTG|STB|TCB|VIB|ACB|SSI|SHB|BID|POW,0.3,0.43333333333333335,0.6923076923076923
2025-02-12,2025,final_test,3,30,STB|CTG|TPB,0.0,0.36666666666666664,0.0
2025-02-12,2025,final_test,5,30,STB|CTG|TPB|MBB|TCB,0.4,0.36666666666666664,1.090909090909091
2025-02-12,2025,final_test,10,30,STB|CTG|TPB|MBB|TCB|VIB|SSI|SHB|ACB|VPB,0.3,0.36666666666666664,0.8181818181818182
2025-02-13,2025,final_test,3,30,STB|CTG|MBB,0.3333333333333333,0.36666666666666664,0.9090909090909091
2025-02-13,2025,final_test,5,30,STB|CTG|MBB|TCB|TPB,0.4,0.36666666666666664,1.090909090909091
2025-02-13,2025,final_test,10,30,STB|CTG|MBB|TCB|TPB|SHB|ACB|SSI|VIB|SSB,0.3,0.36666666666666664,0.8181818181818182
2025-02-14,2025,final_test,3,30,STB|TCB|CTG,0.6666666666666666,0.4666666666666667,1.4285714285714284
2025-02-14,2025,final_test,5,30,STB|TCB|CTG|MBB|SSB,0.6,0.4666666666666667,1.2857142857142856
2025-02-14,2025,final_test,10,30,STB|TCB|CTG|MBB|SSB|SHB|TPB|SSI|ACB|BID,0.5,0.4666666666666667,1.0714285714285714
2025-02-17,2025,final_test,3,30,STB|CTG|TCB,0.6666666666666666,0.5333333333333333,1.25
2025-02-17,2025,final_test,5,30,STB|CTG|TCB|TPB|MBB,0.6,0.5333333333333333,1.125
2025-02-17,2025,final_test,10,30,STB|CTG|TCB|TPB|MBB|ACB|SHB|SSI|SSB|GVR,0.6,0.5333333333333333,1.125
2025-02-18,2025,final_test,3,30,STB|TCB|CTG,0.6666666666666666,0.5,1.3333333333333333
2025-02-18,2025,final_test,5,30,STB|TCB|CTG|SSI|SHB,0.8,0.5,1.6
2025-02-18,2025,final_test,10,30,STB|TCB|CTG|SSI|SHB|TPB|MBB|SSB|GVR|ACB,0.6,0.5,1.2
2025-02-19,2025,final_test,3,30,STB|CTG|TCB,0.3333333333333333,0.43333333333333335,0.7692307692307692
2025-02-19,2025,final_test,5,30,STB|CTG|TCB|SHB|SSI,0.6,0.43333333333333335,1.3846153846153846
2025-02-19,2025,final_test,10,30,STB|CTG|TCB|SHB|SSI|TPB|MBB|SSB|ACB|POW,0.5,0.43333333333333335,1.1538461538461537
2025-02-20,2025,final_test,3,30,STB|TCB|CTG,0.3333333333333333,0.4,0.8333333333333333
2025-02-20,2025,final_test,5,30,STB|TCB|CTG|MBB|SHB,0.6,0.4,1.4999999999999998
2025-02-20,2025,final_test,10,30,STB|TCB|CTG|MBB|SHB|TPB|ACB|PLX|SSI|BID,0.4,0.4,1.0
2025-02-21,2025,final_test,3,30,TCB|STB|CTG,0.3333333333333333,0.4,0.8333333333333333
2025-02-21,2025,final_test,5,30,TCB|STB|CTG|GVR|SSI,0.6,0.4,1.4999999999999998
2025-02-21,2025,final_test,10,30,TCB|STB|CTG|GVR|SSI|TPB|ACB|PLX|MBB|SHB,0.5,0.4,1.25
2025-02-24,2025,final_test,3,30,STB|CTG|TCB,0.3333333333333333,0.4,0.8333333333333333
2025-02-24,2025,final_test,5,30,STB|CTG|TCB|SSI|GVR,0.6,0.4,1.4999999999999998
2025-02-24,2025,final_test,10,30,STB|CTG|TCB|SSI|GVR|SHB|ACB|VPB|MBB|POW,0.6,0.4,1.4999999999999998
2025-02-25,2025,final_test,3,30,CTG|STB|TCB,0.3333333333333333,0.36666666666666664,0.9090909090909091
2025-02-25,2025,final_test,5,30,CTG|STB|TCB|SSI|GVR,0.6,0.36666666666666664,1.6363636363636365
2025-02-25,2025,final_test,10,30,CTG|STB|TCB|SSI|GVR|SHB|HPG|MBB|SSB|BVH,0.5,0.36666666666666664,1.3636363636363638
2025-02-26,2025,final_test,3,30,SSI|HPG|TCB,0.6666666666666666,0.4,1.6666666666666665
2025-02-26,2025,final_test,5,30,SSI|HPG|TCB|MBB|CTG,0.6,0.4,1.4999999999999998
2025-02-26,2025,final_test,10,30,SSI|HPG|TCB|MBB|CTG|SHB|GVR|PLX|TPB|BID,0.5,0.4,1.25
2025-02-27,2025,final_test,3,30,SSI|HPG|CTG,0.0,0.4,0.0
2025-02-27,2025,final_test,5,30,SSI|HPG|CTG|GVR|TCB,0.4,0.4,1.0
2025-02-27,2025,final_test,10,30,SSI|HPG|CTG|GVR|TCB|MBB|SHB|HDB|VRE|VHM,0.6,0.4,1.4999999999999998
2025-02-28,2025,final_test,3,30,SSI|HPG|CTG,0.0,0.43333333333333335,0.0
2025-02-28,2025,final_test,5,30,SSI|HPG|CTG|TCB|SHB,0.4,0.43333333333333335,0.9230769230769231
2025-02-28,2025,final_test,10,30,SSI|HPG|CTG|TCB|SHB|GVR|BCM|VPB|BID|ACB,0.4,0.43333333333333335,0.9230769230769231
2025-03-03,2025,final_test,3,30,SSI|HPG|GVR,0.0,0.4,0.0
2025-03-03,2025,final_test,5,30,SSI|HPG|GVR|CTG|VIB,0.2,0.4,0.5
2025-03-03,2025,final_test,10,30,SSI|HPG|GVR|CTG|VIB|STB|TCB|VRE|VHM|BCM,0.4,0.4,1.0
2025-03-04,2025,final_test,3,30,SSI|CTG|VIB,0.3333333333333333,0.36666666666666664,0.9090909090909091
2025-03-04,2025,final_test,5,30,SSI|CTG|VIB|HPG|GVR,0.2,0.36666666666666664,0.5454545454545455
2025-03-04,2025,final_test,10,30,SSI|CTG|VIB|HPG|GVR|STB|TCB|MBB|VRE|BCM,0.5,0.36666666666666664,1.3636363636363638
2025-03-05,2025,final_test,3,30,SSI|TCB|GVR,0.6666666666666666,0.36666666666666664,1.8181818181818181
2025-03-05,2025,final_test,5,30,SSI|TCB|GVR|MBB|HPG,0.6,0.36666666666666664,1.6363636363636365
2025-03-05,2025,final_test,10,30,SSI|TCB|GVR|MBB|HPG|VRE|CTG|VIB|VIC|BCM,0.6,0.36666666666666664,1.6363636363636365
2025-03-06,2025,final_test,3,30,SSI|TCB|MBB,0.6666666666666666,0.36666666666666664,1.8181818181818181
2025-03-06,2025,final_test,5,30,SSI|TCB|MBB|HPG|MWG,0.4,0.36666666666666664,1.090909090909091
2025-03-06,2025,final_test,10,30,SSI|TCB|MBB|HPG|MWG|VRE|ACB|STB|CTG|GVR,0.4,0.36666666666666664,1.090909090909091
2025-03-07,2025,final_test,3,30,SSI|TCB|HPG,0.3333333333333333,0.36666666666666664,0.9090909090909091
2025-03-07,2025,final_test,5,30,SSI|TCB|HPG|CTG|MBB,0.4,0.36666666666666664,1.090909090909091
2025-03-07,2025,final_test,10,30,SSI|TCB|HPG|CTG|MBB|MWG|ACB|GVR|VRE|VIB,0.3,0.36666666666666664,0.8181818181818182
2025-03-10,2025,final_test,3,30,MBB|TCB|CTG,0.6666666666666666,0.36666666666666664,1.8181818181818181
2025-03-10,2025,final_test,5,30,MBB|TCB|CTG|SSI|MWG,0.4,0.36666666666666664,1.090909090909091
2025-03-10,2025,final_test,10,30,MBB|TCB|CTG|SSI|MWG|VRE|HPG|HDB|STB|ACB,0.4,0.36666666666666664,1.090909090909091
2025-03-11,2025,final_test,3,30,TCB|HDB|CTG,0.3333333333333333,0.4,0.8333333333333333
2025-03-11,2025,final_test,5,30,TCB|HDB|CTG|SSI|MBB,0.4,0.4,1.0
2025-03-11,2025,final_test,10,30,TCB|HDB|CTG|SSI|MBB|HPG|MWG|VRE|STB|VPB,0.4,0.4,1.0
2025-03-12,2025,final_test,3,30,CTG|HDB|TCB,0.3333333333333333,0.43333333333333335,0.7692307692307692
2025-03-12,2025,final_test,5,30,CTG|HDB|TCB|SSI|MBB,0.4,0.43333333333333335,0.9230769230769231
2025-03-12,2025,final_test,10,30,CTG|HDB|TCB|SSI|MBB|MWG|VRE|HPG|VPB|STB,0.4,0.43333333333333335,0.9230769230769231
2025-03-13,2025,final_test,3,30,CTG|SSI|MBB,0.3333333333333333,0.4,0.8333333333333333
2025-03-13,2025,final_test,5,30,CTG|SSI|MBB|HPG|TCB,0.4,0.4,1.0
2025-03-13,2025,final_test,10,30,CTG|SSI|MBB|HPG|TCB|HDB|MWG|VPB|SSB|VRE,0.4,0.4,1.0
2025-03-14,2025,final_test,3,30,SSI|CTG|MBB,0.3333333333333333,0.36666666666666664,0.9090909090909091
2025-03-14,2025,final_test,5,30,SSI|CTG|MBB|HDB|TCB,0.4,0.36666666666666664,1.090909090909091
2025-03-14,2025,final_test,10,30,SSI|CTG|MBB|HDB|TCB|VRE|HPG|VPB|MWG|GVR,0.3,0.36666666666666664,0.8181818181818182
2025-03-17,2025,final_test,3,30,SSI|CTG|HDB,0.0,0.43333333333333335,0.0
2025-03-17,2025,final_test,5,30,SSI|CTG|HDB|MBB|MWG,0.4,0.43333333333333335,0.9230769230769231
2025-03-17,2025,final_test,10,30,SSI|CTG|HDB|MBB|MWG|TCB|VRE|HPG|ACB|VPB,0.6,0.43333333333333335,1.3846153846153846
2025-03-18,2025,final_test,3,30,SSI|TCB|HDB,0.3333333333333333,0.43333333333333335,0.7692307692307692
2025-03-18,2025,final_test,5,30,SSI|TCB|HDB|CTG|MWG,0.4,0.43333333333333335,0.9230769230769231
2025-03-18,2025,final_test,10,30,SSI|TCB|HDB|CTG|MWG|VRE|VPB|MBB|HPG|ACB,0.6,0.43333333333333335,1.3846153846153846
2025-03-19,2025,final_test,3,30,SSI|TCB|CTG,0.3333333333333333,0.43333333333333335,0.7692307692307692
2025-03-19,2025,final_test,5,30,SSI|TCB|CTG|HDB|VRE,0.4,0.43333333333333335,0.9230769230769231
2025-03-19,2025,final_test,10,30,SSI|TCB|CTG|HDB|VRE|MBB|VCB|VPB|HPG|ACB,0.5,0.43333333333333335,1.1538461538461537
2025-03-20,2025,final_test,3,30,VRE|SSI|TCB,0.6666666666666666,0.43333333333333335,1.5384615384615383
2025-03-20,2025,final_test,5,30,VRE|SSI|TCB|MBB|CTG,0.6,0.43333333333333335,1.3846153846153846
2025-03-20,2025,final_test,10,30,VRE|SSI|TCB|MBB|CTG|HDB|VCB|GVR|VPB|MWG,0.4,0.43333333333333335,0.9230769230769231
2025-03-21,2025,final_test,3,30,SSI|VRE|MBB,0.6666666666666666,0.5,1.3333333333333333
2025-03-21,2025,final_test,5,30,SSI|VRE|MBB|CTG|TCB,0.6,0.5,1.2
2025-03-21,2025,final_test,10,30,SSI|VRE|MBB|CTG|TCB|MWG|HDB|VPB|GVR|VCB,0.4,0.5,0.8
2025-03-24,2025,final_test,3,30,SSI|TCB|CTG,0.0,0.5,0.0
2025-03-24,2025,final_test,5,30,SSI|TCB|CTG|MBB|MWG,0.4,0.5,0.8
2025-03-24,2025,final_test,10,30,SSI|TCB|CTG|MBB|MWG|HPG|VPB|VCB|VRE|ACB,0.5,0.5,1.0
2025-03-25,2025,final_test,3,30,CTG|SSI|TCB,0.3333333333333333,0.5333333333333333,0.625
2025-03-25,2025,final_test,5,30,CTG|SSI|TCB|MWG|MBB,0.6,0.5333333333333333,1.125
2025-03-25,2025,final_test,10,30,CTG|SSI|TCB|MWG|MBB|ACB|HPG|VPB|VCB|HDB,0.5,0.5333333333333333,0.9375
2025-03-26,2025,final_test,3,30,CTG|MWG|TCB,0.3333333333333333,0.4666666666666667,0.7142857142857142
2025-03-26,2025,final_test,5,30,CTG|MWG|TCB|SSI|GVR,0.2,0.4666666666666667,0.4285714285714286
2025-03-26,2025,final_test,10,30,CTG|MWG|TCB|SSI|GVR|MBB|HPG|VPB|POW|VCB,0.4,0.4666666666666667,0.8571428571428572
2025-03-27,2025,final_test,3,30,TCB|HPG|MWG,1.0,0.4666666666666667,2.142857142857143
2025-03-27,2025,final_test,5,30,TCB|HPG|MWG|SSI|CTG,0.6,0.4666666666666667,1.2857142857142856
2025-03-27,2025,final_test,10,30,TCB|HPG|MWG|SSI|CTG|MBB|GVR|POW|VCB|VPB,0.4,0.4666666666666667,0.8571428571428572
2025-03-28,2025,final_test,3,30,TCB|SSI|HPG,0.6666666666666666,0.4666666666666667,1.4285714285714284
2025-03-28,2025,final_test,5,30,TCB|SSI|HPG|MBB|GVR,0.6,0.4666666666666667,1.2857142857142856
2025-03-28,2025,final_test,10,30,TCB|SSI|HPG|MBB|GVR|MWG|POW|CTG|VPB|VRE,0.5,0.4666666666666667,1.0714285714285714
2025-03-31,2025,final_test,3,30,TCB|CTG|MBB,0.6666666666666666,0.4666666666666667,1.4285714285714284
2025-03-31,2025,final_test,5,30,TCB|CTG|MBB|VRE|SSI,0.6,0.4666666666666667,1.2857142857142856
2025-03-31,2025,final_test,10,30,TCB|CTG|MBB|VRE|SSI|VPB|POW|MWG|FPT|ACB,0.4,0.4666666666666667,0.8571428571428572
2025-04-01,2025,final_test,3,30,TCB|CTG|MBB,0.6666666666666666,0.5,1.3333333333333333
2025-04-01,2025,final_test,5,30,TCB|CTG|MBB|STB|HPG,0.8,0.5,1.6
2025-04-01,2025,final_test,10,30,TCB|CTG|MBB|STB|HPG|HDB|SSI|VPB|POW|ACB,0.6,0.5,1.2
2025-04-02,2025,final_test,3,30,TCB|HPG|SSI,0.3333333333333333,0.43333333333333335,0.7692307692307692
2025-04-02,2025,final_test,5,30,TCB|HPG|SSI|CTG|MBB,0.4,0.43333333333333335,0.9230769230769231
2025-04-02,2025,final_test,10,30,TCB|HPG|SSI|CTG|MBB|STB|VPB|VRE|POW|HDB,0.6,0.43333333333333335,1.3846153846153846
2025-04-03,2025,final_test,3,30,FPT|POW|CTG,0.3333333333333333,0.36666666666666664,0.9090909090909091
2025-04-03,2025,final_test,5,30,FPT|POW|CTG|SSI|HPG,0.2,0.36666666666666664,0.5454545454545455
2025-04-03,2025,final_test,10,30,FPT|POW|CTG|SSI|HPG|TCB|VRE|MBB|BVH|VPB,0.4,0.36666666666666664,1.090909090909091
2025-04-04,2025,final_test,3,30,CTG|GVR|HDB,0.0,0.43333333333333335,0.0
2025-04-04,2025,final_test,5,30,CTG|GVR|HDB|VIB|MBB,0.2,0.43333333333333335,0.46153846153846156
2025-04-04,2025,final_test,10,30,CTG|GVR|HDB|VIB|MBB|FPT|HPG|VNM|TCB|TPB,0.3,0.43333333333333335,0.6923076923076923
2025-04-08,2025,final_test,3,30,VIB|FPT|TPB,0.3333333333333333,0.5,0.6666666666666666
2025-04-08,2025,final_test,5,30,VIB|FPT|TPB|TCB|HPG,0.6,0.5,1.2
2025-04-08,2025,final_test,10,30,VIB|FPT|TPB|TCB|HPG|VNM|CTG|BVH|MBB|HDB,0.5,0.5,1.0
2025-04-09,2025,final_test,3,30,TPB|FPT|STB,0.6666666666666666,0.4666666666666667,1.4285714285714284
2025-04-09,2025,final_test,5,30,TPB|FPT|STB|PLX|BVH,0.6,0.4666666666666667,1.2857142857142856
2025-04-09,2025,final_test,10,30,TPB|FPT|STB|PLX|BVH|HDB|VIB|VNM|GVR|MBB,0.4,0.4666666666666667,0.8571428571428572
2025-04-10,2025,final_test,3,30,MBB|TCB|TPB,1.0,0.5333333333333333,1.875
2025-04-10,2025,final_test,5,30,MBB|TCB|TPB|FPT|VIB,0.6,0.5333333333333333,1.125
2025-04-10,2025,final_test,10,30,MBB|TCB|TPB|FPT|VIB|BID|HDB|VPB|VNM|STB,0.5,0.5333333333333333,0.9375
2025-04-11,2025,final_test,3,30,TPB|VIB|TCB,0.6666666666666666,0.4666666666666667,1.4285714285714284
2025-04-11,2025,final_test,5,30,TPB|VIB|TCB|VNM|BID,0.4,0.4666666666666667,0.8571428571428572
2025-04-11,2025,final_test,10,30,TPB|VIB|TCB|VNM|BID|HDB|BVH|CTG|ACB|MBB,0.4,0.4666666666666667,0.8571428571428572
2025-04-14,2025,final_test,3,30,STB|VIB|TCB,0.6666666666666666,0.4666666666666667,1.4285714285714284
2025-04-14,2025,final_test,5,30,STB|VIB|TCB|TPB|MBB,0.8,0.4666666666666667,1.7142857142857144
2025-04-14,2025,final_test,10,30,STB|VIB|TCB|TPB|MBB|BID|VNM|ACB|FPT|BCM,0.4,0.4666666666666667,0.8571428571428572
2025-04-15,2025,final_test,3,30,BCM|TPB|GVR,1.0,0.5666666666666667,1.7647058823529411
2025-04-15,2025,final_test,5,30,BCM|TPB|GVR|TCB|BID,0.8,0.5666666666666667,1.411764705882353
2025-04-15,2025,final_test,10,30,BCM|TPB|GVR|TCB|BID|VNM|MBB|VIB|PLX|FPT,0.6,0.5666666666666667,1.0588235294117647
2025-04-16,2025,final_test,3,30,BCM|GVR|TPB,1.0,0.4666666666666667,2.142857142857143
2025-04-16,2025,final_test,5,30,BCM|GVR|TPB|SAB|TCB,0.8,0.4666666666666667,1.7142857142857144
2025-04-16,2025,final_test,10,30,BCM|GVR|TPB|SAB|TCB|BID|FPT|MBB|PLX|VNM,0.6,0.4666666666666667,1.2857142857142856
2025-04-17,2025,final_test,3,30,BCM|GVR|TPB,1.0,0.4666666666666667,2.142857142857143
2025-04-17,2025,final_test,5,30,BCM|GVR|TPB|BID|MBB,0.6,0.4666666666666667,1.2857142857142856
2025-04-17,2025,final_test,10,30,BCM|GVR|TPB|BID|MBB|TCB|ACB|VIB|SAB|FPT,0.5,0.4666666666666667,1.0714285714285714
2025-04-18,2025,final_test,3,30,BCM|GVR|MBB,0.6666666666666666,0.4,1.6666666666666665
2025-04-18,2025,final_test,5,30,BCM|GVR|MBB|TCB|BID,0.6,0.4,1.4999999999999998
2025-04-18,2025,final_test,10,30,BCM|GVR|MBB|TCB|BID|HDB|HPG|ACB|VNM|STB,0.3,0.4,0.7499999999999999
2025-04-21,2025,final_test,3,30,GVR|BCM|MBB,0.3333333333333333,0.3333333333333333,1.0
2025-04-21,2025,final_test,5,30,GVR|BCM|MBB|TCB|FPT,0.4,0.3333333333333333,1.2000000000000002
2025-04-21,2025,final_test,10,30,GVR|BCM|MBB|TCB|FPT|ACB|SAB|VNM|MWG|HPG,0.3,0.3333333333333333,0.9
2025-04-22,2025,final_test,3,30,GVR|BCM|MBB,0.6666666666666666,0.3333333333333333,2.0
2025-04-22,2025,final_test,5,30,GVR|BCM|MBB|SAB|HPG,0.4,0.3333333333333333,1.2000000000000002
2025-04-22,2025,final_test,10,30,GVR|BCM|MBB|SAB|HPG|ACB|POW|VIB|TPB|MWG,0.4,0.3333333333333333,1.2000000000000002
2025-04-23,2025,final_test,3,30,GVR|BCM|ACB,0.6666666666666666,0.3333333333333333,2.0
2025-04-23,2025,final_test,5,30,GVR|BCM|ACB|MBB|POW,0.6,0.3333333333333333,1.8
2025-04-23,2025,final_test,10,30,GVR|BCM|ACB|MBB|POW|HPG|TCB|VNM|BID|HDB,0.5,0.3333333333333333,1.5
2025-04-24,2025,final_test,3,30,GVR|BCM|HPG,0.6666666666666666,0.3333333333333333,2.0
2025-04-24,2025,final_test,5,30,GVR|BCM|HPG|HDB|MBB,0.4,0.3333333333333333,1.2000000000000002
2025-04-24,2025,final_test,10,30,GVR|BCM|HPG|HDB|MBB|POW|TPB|ACB|TCB|MWG,0.4,0.3333333333333333,1.2000000000000002
2025-04-25,2025,final_test,3,30,GVR|BCM|HDB,0.6666666666666666,0.3333333333333333,2.0
2025-04-25,2025,final_test,5,30,GVR|BCM|HDB|SHB|TPB,0.4,0.3333333333333333,1.2000000000000002
2025-04-25,2025,final_test,10,30,GVR|BCM|HDB|SHB|TPB|MBB|TCB|POW|BID|VNM,0.4,0.3333333333333333,1.2000000000000002
2025-04-28,2025,final_test,3,30,GVR|BCM|MBB,0.6666666666666666,0.3333333333333333,2.0
2025-04-28,2025,final_test,5,30,GVR|BCM|MBB|SHB|VNM,0.4,0.3333333333333333,1.2000000000000002
2025-04-28,2025,final_test,10,30,GVR|BCM|MBB|SHB|VNM|HPG|TPB|POW|HDB|TCB,0.4,0.3333333333333333,1.2000000000000002
2025-04-29,2025,final_test,3,30,GVR|BCM|MBB,0.6666666666666666,0.3333333333333333,2.0
2025-04-29,2025,final_test,5,30,GVR|BCM|MBB|SHB|HPG,0.4,0.3333333333333333,1.2000000000000002
2025-04-29,2025,final_test,10,30,GVR|BCM|MBB|SHB|HPG|TCB|TPB|HDB|VNM|STB,0.3,0.3333333333333333,0.9
2025-05-05,2025,final_test,3,30,MBB|HPG|TPB,0.0,0.3,0.0
2025-05-05,2025,final_test,5,30,MBB|HPG|TPB|BCM|TCB,0.2,0.3,0.6666666666666667
2025-05-05,2025,final_test,10,30,MBB|HPG|TPB|BCM|TCB|STB|SHB|POW|GVR|ACB,0.4,0.3,1.3333333333333335
2025-05-06,2025,final_test,3,30,BCM|GVR|MBB,0.6666666666666666,0.3,2.2222222222222223
2025-05-06,2025,final_test,5,30,BCM|GVR|MBB|TCB|POW,0.8,0.3,2.666666666666667
2025-05-06,2025,final_test,10,30,BCM|GVR|MBB|TCB|POW|MWG|SHB|TPB|STB|HDB,0.5,0.3,1.6666666666666667
2025-05-07,2025,final_test,3,30,BCM|GVR|TCB,0.6666666666666666,0.26666666666666666,2.5
2025-05-07,2025,final_test,5,30,BCM|GVR|TCB|MBB|HPG,0.4,0.26666666666666666,1.5
2025-05-07,2025,final_test,10,30,BCM|GVR|TCB|MBB|HPG|VNM|MWG|TPB|VJC|SHB,0.3,0.26666666666666666,1.125
2025-05-08,2025,final_test,3,30,MBB|TCB|VNM,0.3333333333333333,0.26666666666666666,1.25
2025-05-08,2025,final_test,5,30,MBB|TCB|VNM|SHB|HDB,0.4,0.26666666666666666,1.5
2025-05-08,2025,final_test,10,30,MBB|TCB|VNM|SHB|HDB|STB|TPB|GAS|HPG|MSN,0.2,0.26666666666666666,0.75
2025-05-09,2025,final_test,3,30,TCB|VNM|MBB,0.3333333333333333,0.3333333333333333,1.0
2025-05-09,2025,final_test,5,30,TCB|VNM|MBB|MSN|SHB,0.4,0.3333333333333333,1.2000000000000002
2025-05-09,2025,final_test,10,30,TCB|VNM|MBB|MSN|SHB|BCM|HDB|TPB|GAS|HPG,0.2,0.3333333333333333,0.6000000000000001
2025-05-12,2025,final_test,3,30,MBB|VNM|VRE,0.0,0.3,0.0
2025-05-12,2025,final_test,5,30,MBB|VNM|VRE|VIC|SHB,0.4,0.3,1.3333333333333335
2025-05-12,2025,final_test,10,30,MBB|VNM|VRE|VIC|SHB|GAS|CTG|VIB|HDB|VPB,0.3,0.3,1.0
2025-05-13,2025,final_test,3,30,VIC|GAS|VRE,0.6666666666666666,0.36666666666666664,1.8181818181818181
2025-05-13,2025,final_test,5,30,VIC|GAS|VRE|MBB|TCB,0.6,0.36666666666666664,1.6363636363636365
2025-05-13,2025,final_test,10,30,VIC|GAS|VRE|MBB|TCB|CTG|VPB|HDB|TPB|VHM,0.5,0.36666666666666664,1.3636363636363638
2025-05-14,2025,final_test,3,30,VIC|TCB|POW,0.6666666666666666,0.3333333333333333,2.0
2025-05-14,2025,final_test,5,30,VIC|TCB|POW|BVH|GAS,0.6,0.3333333333333333,1.8
2025-05-14,2025,final_test,10,30,VIC|TCB|POW|BVH|GAS|MBB|CTG|HDB|TPB|HPG,0.3,0.3333333333333333,0.9
2025-05-15,2025,final_test,3,30,VIC|MWG|GAS,0.6666666666666666,0.4,1.6666666666666665
2025-05-15,2025,final_test,5,30,VIC|MWG|GAS|TCB|MBB,0.6,0.4,1.4999999999999998
2025-05-15,2025,final_test,10,30,VIC|MWG|GAS|TCB|MBB|CTG|HDB|POW|TPB|BVH,0.4,0.4,1.0
2025-05-16,2025,final_test,3,30,VIC|MWG|TCB,0.6666666666666666,0.3333333333333333,2.0
2025-05-16,2025,final_test,5,30,VIC|MWG|TCB|GAS|POW,0.6,0.3333333333333333,1.8
2025-05-16,2025,final_test,10,30,VIC|MWG|TCB|GAS|POW|MBB|TPB|ACB|HDB|GVR,0.3,0.3333333333333333,0.9
2025-05-19,2025,final_test,3,30,VIC|MWG|TCB,0.3333333333333333,0.3,1.1111111111111112
2025-05-19,2025,final_test,5,30,VIC|MWG|TCB|ACB|POW,0.2,0.3,0.6666666666666667
2025-05-19,2025,final_test,10,30,VIC|MWG|TCB|ACB|POW|MBB|TPB|CTG|GAS|GVR,0.2,0.3,0.6666666666666667
2025-05-20,2025,final_test,3,30,VIC|MWG|CTG,0.0,0.36666666666666664,0.0
2025-05-20,2025,final_test,5,30,VIC|MWG|CTG|ACB|GVR,0.2,0.36666666666666664,0.5454545454545455
2025-05-20,2025,final_test,10,30,VIC|MWG|CTG|ACB|GVR|MBB|POW|BVH|HDB|MSN,0.3,0.36666666666666664,0.8181818181818182
2025-05-21,2025,final_test,3,30,MWG|MBB|CTG,0.0,0.3,0.0
2025-05-21,2025,final_test,5,30,MWG|MBB|CTG|POW|GVR,0.2,0.3,0.6666666666666667
2025-05-21,2025,final_test,10,30,MWG|MBB|CTG|POW|GVR|ACB|HDB|BVH|TCB|VPB,0.3,0.3,1.0
2025-05-22,2025,final_test,3,30,ACB|MWG|MBB,0.0,0.3333333333333333,0.0
2025-05-22,2025,final_test,5,30,ACB|MWG|MBB|GVR|CTG,0.4,0.3333333333333333,1.2000000000000002
2025-05-22,2025,final_test,10,30,ACB|MWG|MBB|GVR|CTG|VPB|MSN|HDB|GAS|BCM,0.4,0.3333333333333333,1.2000000000000002
2025-05-23,2025,final_test,3,30,ACB|MWG|POW,0.0,0.3333333333333333,0.0
2025-05-23,2025,final_test,5,30,ACB|MWG|POW|MBB|GAS,0.4,0.3333333333333333,1.2000000000000002
2025-05-23,2025,final_test,10,30,ACB|MWG|POW|MBB|GAS|MSN|HDB|VPB|SHB|CTG,0.4,0.3333333333333333,1.2000000000000002
2025-05-26,2025,final_test,3,30,MWG|ACB|MBB,0.3333333333333333,0.3,1.1111111111111112
2025-05-26,2025,final_test,5,30,MWG|ACB|MBB|POW|GAS,0.4,0.3,1.3333333333333335
2025-05-26,2025,final_test,10,30,MWG|ACB|MBB|POW|GAS|MSN|SSI|TCB|CTG|SHB,0.5,0.3,1.6666666666666667
2025-05-27,2025,final_test,3,30,MWG|HDB|SHB,0.0,0.4,0.0
2025-05-27,2025,final_test,5,30,MWG|HDB|SHB|POW|ACB,0.0,0.4,0.0
2025-05-27,2025,final_test,10,30,MWG|HDB|SHB|POW|ACB|BVH|GAS|MBB|MSN|VHM,0.5,0.4,1.25
2025-05-28,2025,final_test,3,30,MWG|ACB|SHB,0.0,0.43333333333333335,0.0
2025-05-28,2025,final_test,5,30,MWG|ACB|SHB|VHM|BVH,0.2,0.43333333333333335,0.46153846153846156
2025-05-28,2025,final_test,10,30,MWG|ACB|SHB|VHM|BVH|GAS|CTG|POW|TCB|HDB,0.4,0.43333333333333335,0.9230769230769231
2025-05-29,2025,final_test,3,30,MWG|GAS|ACB,0.3333333333333333,0.4,0.8333333333333333
2025-05-29,2025,final_test,5,30,MWG|GAS|ACB|SHB|POW,0.2,0.4,0.5
2025-05-29,2025,final_test,10,30,MWG|GAS|ACB|SHB|POW|BVH|MSN|MBB|SSI|TCB,0.5,0.4,1.25
2025-05-30,2025,final_test,3,30,GAS|ACB|MBB,0.6666666666666666,0.5333333333333333,1.25
2025-05-30,2025,final_test,5,30,GAS|ACB|MBB|SSI|STB,0.8,0.5333333333333333,1.5
2025-05-30,2025,final_test,10,30,GAS|ACB|MBB|SSI|STB|VRE|BVH|SHB|POW|TCB,0.6,0.5333333333333333,1.125
2025-06-02,2025,final_test,3,30,GAS|POW|BVH,0.6666666666666666,0.4666666666666667,1.4285714285714284
2025-06-02,2025,final_test,5,30,GAS|POW|BVH|SSI|MBB,0.8,0.4666666666666667,1.7142857142857144
2025-06-02,2025,final_test,10,30,GAS|POW|BVH|SSI|MBB|ACB|VRE|STB|SHB|VHM,0.5,0.4666666666666667,1.0714285714285714
2025-06-03,2025,final_test,3,30,GAS|BVH|ACB,0.3333333333333333,0.4666666666666667,0.7142857142857142
2025-06-03,2025,final_test,5,30,GAS|BVH|ACB|SSI|SHB,0.2,0.4666666666666667,0.4285714285714286
2025-06-03,2025,final_test,10,30,GAS|BVH|ACB|SSI|SHB|POW|STB|MBB|VPB|TCB,0.4,0.4666666666666667,0.8571428571428572
2025-06-04,2025,final_test,3,30,GAS|SSI|VRE,0.3333333333333333,0.43333333333333335,0.7692307692307692
2025-06-04,2025,final_test,5,30,GAS|SSI|VRE|POW|SHB,0.2,0.43333333333333335,0.46153846153846156
2025-06-04,2025,final_test,10,30,GAS|SSI|VRE|POW|SHB|BVH|GVR|VHM|MBB|TCB,0.5,0.43333333333333335,1.1538461538461537
2025-06-05,2025,final_test,3,30,POW|MSN|VRE,0.3333333333333333,0.5,0.6666666666666666
2025-06-05,2025,final_test,5,30,POW|MSN|VRE|GVR|GAS,0.4,0.5,0.8
2025-06-05,2025,final_test,10,30,POW|MSN|VRE|GVR|GAS|SSI|SHB|ACB|VIC|VHM,0.3,0.5,0.6
2025-06-06,2025,final_test,3,30,MSN|VRE|POW,0.3333333333333333,0.5,0.6666666666666666
2025-06-06,2025,final_test,5,30,MSN|VRE|POW|GVR|GAS,0.4,0.5,0.8
2025-06-06,2025,final_test,10,30,MSN|VRE|POW|GVR|GAS|SHB|HPG|ACB|SSI|PLX,0.4,0.5,0.8
2025-06-09,2025,final_test,3,30,HPG|GAS|MSN,0.6666666666666666,0.5333333333333333,1.25
2025-06-09,2025,final_test,5,30,HPG|GAS|MSN|PLX|STB,0.6,0.5333333333333333,1.125
2025-06-09,2025,final_test,10,30,HPG|GAS|MSN|PLX|STB|SHB|ACB|VHM|POW|MBB,0.5,0.5333333333333333,0.9375
2025-06-10,2025,final_test,3,30,HPG|MSN|PLX,0.6666666666666666,0.5333333333333333,1.25
2025-06-10,2025,final_test,5,30,HPG|MSN|PLX|GAS|VRE,0.6,0.5333333333333333,1.125
2025-06-10,2025,final_test,10,30,HPG|MSN|PLX|GAS|VRE|SSI|SHB|STB|ACB|TCB,0.7,0.5333333333333333,1.3125
2025-06-11,2025,final_test,3,30,HPG|MSN|PLX,0.6666666666666666,0.5666666666666667,1.1764705882352942
2025-06-11,2025,final_test,5,30,HPG|MSN|PLX|GAS|STB,0.6,0.5666666666666667,1.0588235294117647
2025-06-11,2025,final_test,10,30,HPG|MSN|PLX|GAS|STB|SSI|SHB|ACB|TCB|VPB,0.6,0.5666666666666667,1.0588235294117647
2025-06-12,2025,final_test,3,30,HPG|MSN|GVR,0.6666666666666666,0.43333333333333335,1.5384615384615383
2025-06-12,2025,final_test,5,30,HPG|MSN|GVR|PLX|TCB,0.6,0.43333333333333335,1.3846153846153846
2025-06-12,2025,final_test,10,30,HPG|MSN|GVR|PLX|TCB|SHB|MBB|SSI|MWG|VPB,0.5,0.43333333333333335,1.1538461538461537
2025-06-13,2025,final_test,3,30,HPG|MSN|MBB,0.6666666666666666,0.4666666666666667,1.4285714285714284
2025-06-13,2025,final_test,5,30,HPG|MSN|MBB|VPB|TCB,0.8,0.4666666666666667,1.7142857142857144
2025-06-13,2025,final_test,10,30,HPG|MSN|MBB|VPB|TCB|MWG|CTG|ACB|STB|VNM,0.5,0.4666666666666667,1.0714285714285714
2025-06-16,2025,final_test,3,30,HPG|CTG|MBB,0.6666666666666666,0.43333333333333335,1.5384615384615383
2025-06-16,2025,final_test,5,30,HPG|CTG|MBB|MSN|TCB,0.6,0.43333333333333335,1.3846153846153846
2025-06-16,2025,final_test,10,30,HPG|CTG|MBB|MSN|TCB|VPB|SSI|ACB|MWG|BVH,0.5,0.43333333333333335,1.1538461538461537
2025-06-17,2025,final_test,3,30,HPG|TCB|MSN,0.6666666666666666,0.4,1.6666666666666665
2025-06-17,2025,final_test,5,30,HPG|TCB|MSN|VPB|CTG,0.8,0.4,2.0
2025-06-17,2025,final_test,10,30,HPG|TCB|MSN|VPB|CTG|MBB|BVH|GVR|FPT|MWG,0.4,0.4,1.0
2025-06-18,2025,final_test,3,30,HPG|MSN|TCB,0.6666666666666666,0.4,1.6666666666666665
2025-06-18,2025,final_test,5,30,HPG|MSN|TCB|CTG|BVH,0.6,0.4,1.4999999999999998
2025-06-18,2025,final_test,10,30,HPG|MSN|TCB|CTG|BVH|MBB|GVR|VPB|ACB|VNM,0.4,0.4,1.0
2025-06-19,2025,final_test,3,30,HPG|MSN|MBB,0.6666666666666666,0.4,1.6666666666666665
2025-06-19,2025,final_test,5,30,HPG|MSN|MBB|CTG|BVH,0.6,0.4,1.4999999999999998
2025-06-19,2025,final_test,10,30,HPG|MSN|MBB|CTG|BVH|TPB|ACB|STB|TCB|SSI,0.5,0.4,1.25
2025-06-20,2025,final_test,3,30,HPG|MSN|CTG,0.6666666666666666,0.3,2.2222222222222223
2025-06-20,2025,final_test,5,30,HPG|MSN|CTG|MBB|TCB,0.4,0.3,1.3333333333333335
2025-06-20,2025,final_test,10,30,HPG|MSN|CTG|MBB|TCB|STB|VNM|GAS|GVR|VPB,0.3,0.3,1.0
2025-06-23,2025,final_test,3,30,CTG|MBB|MWG,0.0,0.4666666666666667,0.0
2025-06-23,2025,final_test,5,30,CTG|MBB|MWG|HPG|MSN,0.4,0.4666666666666667,0.8571428571428572
2025-06-23,2025,final_test,10,30,CTG|MBB|MWG|HPG|MSN|VPB|TCB|GVR|STB|ACB,0.3,0.4666666666666667,0.6428571428571428
2025-06-24,2025,final_test,3,30,MBB|CTG|MSN,0.3333333333333333,0.4666666666666667,0.7142857142857142
2025-06-24,2025,final_test,5,30,MBB|CTG|MSN|HPG|BVH,0.4,0.4666666666666667,0.8571428571428572
2025-06-24,2025,final_test,10,30,MBB|CTG|MSN|HPG|BVH|TCB|STB|GAS|MWG|VIC,0.3,0.4666666666666667,0.6428571428571428
2025-06-25,2025,final_test,3,30,CTG|MSN|HPG,0.3333333333333333,0.4,0.8333333333333333
2025-06-25,2025,final_test,5,30,CTG|MSN|HPG|MBB|GVR,0.2,0.4,0.5
2025-06-25,2025,final_test,10,30,CTG|MSN|HPG|MBB|GVR|TCB|BVH|VHM|STB|MWG,0.2,0.4,0.5
2025-06-26,2025,final_test,3,30,CTG|GVR|TCB,0.0,0.43333333333333335,0.0
2025-06-26,2025,final_test,5,30,CTG|GVR|TCB|MBB|HPG,0.2,0.43333333333333335,0.46153846153846156
2025-06-26,2025,final_test,10,30,CTG|GVR|TCB|MBB|HPG|BVH|GAS|MSN|STB|SSI,0.2,0.43333333333333335,0.46153846153846156
2025-06-27,2025,final_test,3,30,CTG|HPG|TCB,0.3333333333333333,0.4,0.8333333333333333
2025-06-27,2025,final_test,5,30,CTG|HPG|TCB|GVR|MBB,0.2,0.4,0.5
2025-06-27,2025,final_test,10,30,CTG|HPG|TCB|GVR|MBB|MWG|GAS|SSI|STB|BCM,0.2,0.4,0.5
2025-06-30,2025,final_test,3,30,CTG|TCB|MBB,0.0,0.43333333333333335,0.0
2025-06-30,2025,final_test,5,30,CTG|TCB|MBB|GVR|HPG,0.2,0.43333333333333335,0.46153846153846156
2025-06-30,2025,final_test,10,30,CTG|TCB|MBB|GVR|HPG|MWG|BCM|STB|GAS|BVH,0.1,0.43333333333333335,0.23076923076923078
2025-07-01,2025,final_test,3,30,CTG|TCB|GVR,0.0,0.4666666666666667,0.0
2025-07-01,2025,final_test,5,30,CTG|TCB|GVR|MBB|BVH,0.0,0.4666666666666667,0.0
2025-07-01,2025,final_test,10,30,CTG|TCB|GVR|MBB|BVH|BCM|VIC|HPG|STB|VCB,0.2,0.4666666666666667,0.4285714285714286
2025-07-02,2025,final_test,3,30,GVR|CTG|TCB,0.3333333333333333,0.4666666666666667,0.7142857142857142
2025-07-02,2025,final_test,5,30,GVR|CTG|TCB|MBB|HPG,0.4,0.4666666666666667,0.8571428571428572
2025-07-02,2025,final_test,10,30,GVR|CTG|TCB|MBB|HPG|BVH|VIC|VCB|SSI|MSN,0.4,0.4666666666666667,0.8571428571428572
2025-07-03,2025,final_test,3,30,CTG|MSN|HPG,0.0,0.3333333333333333,0.0
2025-07-03,2025,final_test,5,30,CTG|MSN|HPG|TCB|MBB,0.0,0.3333333333333333,0.0
2025-07-03,2025,final_test,10,30,CTG|MSN|HPG|TCB|MBB|SSI|HDB|VIC|BVH|VHM,0.4,0.3333333333333333,1.2000000000000002
2025-07-04,2025,final_test,3,30,CTG|MSN|SSI,0.3333333333333333,0.36666666666666664,0.9090909090909091
2025-07-04,2025,final_test,5,30,CTG|MSN|SSI|HPG|TCB,0.4,0.36666666666666664,1.090909090909091
2025-07-04,2025,final_test,10,30,CTG|MSN|SSI|HPG|TCB|BVH|BCM|MWG|MBB|HDB,0.3,0.36666666666666664,0.8181818181818182
2025-07-07,2025,final_test,3,30,SSI|MSN|CTG,0.3333333333333333,0.36666666666666664,0.9090909090909091
2025-07-07,2025,final_test,5,30,SSI|MSN|CTG|TCB|ACB,0.2,0.36666666666666664,0.5454545454545455
2025-07-07,2025,final_test,10,30,SSI|MSN|CTG|TCB|ACB|MBB|HPG|BCM|HDB|FPT,0.2,0.36666666666666664,0.5454545454545455
2025-07-08,2025,final_test,3,30,CTG|TCB|HDB,0.3333333333333333,0.36666666666666664,0.9090909090909091
2025-07-08,2025,final_test,5,30,CTG|TCB|HDB|MSN|FPT,0.2,0.36666666666666664,0.5454545454545455
2025-07-08,2025,final_test,10,30,CTG|TCB|HDB|MSN|FPT|VHM|SSI|VIC|ACB|MBB,0.5,0.36666666666666664,1.3636363636363638
2025-07-09,2025,final_test,3,30,BCM|GVR|VHM,0.3333333333333333,0.4,0.8333333333333333
2025-07-09,2025,final_test,5,30,BCM|GVR|VHM|VIC|CTG,0.4,0.4,1.0
2025-07-09,2025,final_test,10,30,BCM|GVR|VHM|VIC|CTG|MSN|HDB|VPB|HPG|SSI,0.5,0.4,1.25
2025-07-10,2025,final_test,3,30,BCM|VIC|HDB,0.6666666666666666,0.4666666666666667,1.4285714285714284
2025-07-10,2025,final_test,5,30,BCM|VIC|HDB|GVR|VPB,0.6,0.4666666666666667,1.2857142857142856
2025-07-10,2025,final_test,10,30,BCM|VIC|HDB|GVR|VPB|CTG|BID|SSI|TCB|VHM,0.6,0.4666666666666667,1.2857142857142856
2025-07-11,2025,final_test,3,30,BCM|GVR|VIC,0.0,0.3333333333333333,0.0
2025-07-11,2025,final_test,5,30,BCM|GVR|VIC|HDB|VPB,0.4,0.3333333333333333,1.2000000000000002
2025-07-11,2025,final_test,10,30,BCM|GVR|VIC|HDB|VPB|TCB|FPT|CTG|VIB|ACB,0.3,0.3333333333333333,0.9
2025-07-14,2025,final_test,3,30,HDB|GVR|VPB,0.6666666666666666,0.36666666666666664,1.8181818181818181
2025-07-14,2025,final_test,5,30,HDB|GVR|VPB|BCM|TCB,0.4,0.36666666666666664,1.090909090909091
2025-07-14,2025,final_test,10,30,HDB|GVR|VPB|BCM|TCB|BID|FPT|TPB|VJC|SSI,0.5,0.36666666666666664,1.3636363636363638
2025-07-15,2025,final_test,3,30,VPB|VIC|HDB,0.6666666666666666,0.4,1.6666666666666665
2025-07-15,2025,final_test,5,30,VPB|VIC|HDB|GVR|MWG,0.4,0.4,1.0
2025-07-15,2025,final_test,10,30,VPB|VIC|HDB|GVR|MWG|BCM|VJC|TCB|HPG|VRE,0.4,0.4,1.0
2025-07-16,2025,final_test,3,30,VPB|HDB|BCM,0.6666666666666666,0.43333333333333335,1.5384615384615383
2025-07-16,2025,final_test,5,30,VPB|HDB|BCM|MWG|TPB,0.6,0.43333333333333335,1.3846153846153846
2025-07-16,2025,final_test,10,30,VPB|HDB|BCM|MWG|TPB|GVR|CTG|VHM|TCB|HPG,0.5,0.43333333333333335,1.1538461538461537
2025-07-17,2025,final_test,3,30,VPB|HDB|BCM,0.6666666666666666,0.4666666666666667,1.4285714285714284
2025-07-17,2025,final_test,5,30,VPB|HDB|BCM|TPB|GVR,0.6,0.4666666666666667,1.2857142857142856
2025-07-17,2025,final_test,10,30,VPB|HDB|BCM|TPB|GVR|MWG|VIB|TCB|FPT|CTG,0.5,0.4666666666666667,1.0714285714285714
2025-07-18,2025,final_test,3,30,MWG|HDB|VPB,0.6666666666666666,0.36666666666666664,1.8181818181818181
2025-07-18,2025,final_test,5,30,MWG|HDB|VPB|VIB|TPB,0.8,0.36666666666666664,2.181818181818182
2025-07-18,2025,final_test,10,30,MWG|HDB|VPB|VIB|TPB|TCB|FPT|GVR|CTG|VRE,0.4,0.36666666666666664,1.090909090909091
2025-07-21,2025,final_test,3,30,VIC|VHM|HDB,0.3333333333333333,0.36666666666666664,0.9090909090909091
2025-07-21,2025,final_test,5,30,VIC|VHM|HDB|VIB|MWG,0.4,0.36666666666666664,1.090909090909091
2025-07-21,2025,final_test,10,30,VIC|VHM|HDB|VIB|MWG|TPB|GVR|FPT|CTG|VRE,0.3,0.36666666666666664,0.8181818181818182
2025-07-22,2025,final_test,3,30,VIC|VHM|VIB,0.3333333333333333,0.4,0.8333333333333333
2025-07-22,2025,final_test,5,30,VIC|VHM|VIB|HDB|FPT,0.4,0.4,1.0
2025-07-22,2025,final_test,10,30,VIC|VHM|VIB|HDB|FPT|MWG|GVR|VPB|BCM|CTG,0.3,0.4,0.7499999999999999
2025-07-23,2025,final_test,3,30,VIC|VHM|FPT,0.0,0.4666666666666667,0.0
2025-07-23,2025,final_test,5,30,VIC|VHM|FPT|VIB|GVR,0.2,0.4666666666666667,0.4285714285714286
2025-07-23,2025,final_test,10,30,VIC|VHM|FPT|VIB|GVR|MWG|TPB|CTG|BCM|SSI,0.4,0.4666666666666667,0.8571428571428572
2025-07-24,2025,final_test,3,30,VIC|VHM|GVR,0.0,0.5,0.0
2025-07-24,2025,final_test,5,30,VIC|VHM|GVR|MWG|VIB,0.2,0.5,0.4
2025-07-24,2025,final_test,10,30,VIC|VHM|GVR|MWG|VIB|ACB|BCM|TPB|SSB|SSI,0.5,0.5,1.0
2025-07-25,2025,final_test,3,30,VIC|VHM|GVR,0.3333333333333333,0.5,0.6666666666666666
2025-07-25,2025,final_test,5,30,VIC|VHM|GVR|VIB|MWG,0.4,0.5,0.8
2025-07-25,2025,final_test,10,30,VIC|VHM|GVR|VIB|MWG|ACB|BCM|MBB|TPB|TCB,0.6,0.5,1.2
2025-07-28,2025,final_test,3,30,VIC|MWG|VHM,0.3333333333333333,0.5,0.6666666666666666
2025-07-28,2025,final_test,5,30,VIC|MWG|VHM|ACB|VIB,0.6,0.5,1.2
2025-07-28,2025,final_test,10,30,VIC|MWG|VHM|ACB|VIB|GVR|MBB|BID|TPB|CTG,0.7,0.5,1.4
2025-07-29,2025,final_test,3,30,VIC|VHM|GVR,0.6666666666666666,0.6,1.1111111111111112
2025-07-29,2025,final_test,5,30,VIC|VHM|GVR|TPB|HDB,0.8,0.6,1.3333333333333335
2025-07-29,2025,final_test,10,30,VIC|VHM|GVR|TPB|HDB|VIB|BCM|POW|SHB|VCB,0.6,0.6,1.0
2025-07-30,2025,final_test,3,30,GVR|VIC|BCM,0.3333333333333333,0.6666666666666666,0.5
2025-07-30,2025,final_test,5,30,GVR|VIC|BCM|VNM|TPB,0.4,0.6666666666666666,0.6000000000000001
2025-07-30,2025,final_test,10,30,GVR|VIC|BCM|VNM|TPB|HDB|POW|VHM|VIB|MBB,0.7,0.6666666666666666,1.05
2025-07-31,2025,final_test,3,30,TPB|HDB|POW,1.0,0.6333333333333333,1.5789473684210527
2025-07-31,2025,final_test,5,30,TPB|HDB|POW|VIB|GVR,0.8,0.6333333333333333,1.2631578947368423
2025-07-31,2025,final_test,10,30,TPB|HDB|POW|VIB|GVR|BCM|VIC|ACB|VHM|MBB,0.8,0.6333333333333333,1.2631578947368423
2025-08-01,2025,final_test,3,30,ACB|TPB|POW,1.0,0.6666666666666666,1.5
2025-08-01,2025,final_test,5,30,ACB|TPB|POW|HDB|BCM,0.8,0.6666666666666666,1.2000000000000002
2025-08-01,2025,final_test,10,30,ACB|TPB|POW|HDB|BCM|MBB|BVH|GVR|VHM|STB,0.8,0.6666666666666666,1.2000000000000002
2025-08-04,2025,final_test,3,30,HDB|ACB|POW,1.0,0.6666666666666666,1.5
2025-08-04,2025,final_test,5,30,HDB|ACB|POW|MBB|TPB,1.0,0.6666666666666666,1.5
2025-08-04,2025,final_test,10,30,HDB|ACB|POW|MBB|TPB|BCM|BVH|STB|VHM|TCB,0.9,0.6666666666666666,1.35
2025-08-05,2025,final_test,3,30,HDB|POW|TCB,0.6666666666666666,0.6,1.1111111111111112
2025-08-05,2025,final_test,5,30,HDB|POW|TCB|ACB|VIB,0.8,0.6,1.3333333333333335
2025-08-05,2025,final_test,10,30,HDB|POW|TCB|ACB|VIB|VHM|MWG|VJC|GVR|BVH,0.7,0.6,1.1666666666666667
2025-08-06,2025,final_test,3,30,TCB|VIB|HDB,0.6666666666666666,0.5,1.3333333333333333
2025-08-06,2025,final_test,5,30,TCB|VIB|HDB|SSI|VHM,0.6,0.5,1.2
2025-08-06,2025,final_test,10,30,TCB|VIB|HDB|SSI|VHM|BID|ACB|TPB|CTG|MBB,0.7,0.5,1.4
2025-08-07,2025,final_test,3,30,SSI|VHM|VIB,1.0,0.4666666666666667,2.142857142857143
2025-08-07,2025,final_test,5,30,SSI|VHM|VIB|HDB|ACB,1.0,0.4666666666666667,2.142857142857143
2025-08-07,2025,final_test,10,30,SSI|VHM|VIB|HDB|ACB|TCB|GVR|STB|MWG|CTG,0.6,0.4666666666666667,1.2857142857142856
2025-08-08,2025,final_test,3,30,VHM|VJC|TCB,0.6666666666666666,0.5,1.3333333333333333
2025-08-08,2025,final_test,5,30,VHM|VJC|TCB|HDB|SSI,0.8,0.5,1.6
2025-08-08,2025,final_test,10,30,VHM|VJC|TCB|HDB|SSI|VIC|ACB|MBB|STB|VIB,0.8,0.5,1.6
2025-08-11,2025,final_test,3,30,TCB|POW|ACB,0.6666666666666666,0.5333333333333333,1.25
2025-08-11,2025,final_test,5,30,TCB|POW|ACB|VIC|HDB,0.8,0.5333333333333333,1.5
2025-08-11,2025,final_test,10,30,TCB|POW|ACB|VIC|HDB|SSI|MWG|VHM|VIB|VJC,0.9,0.5333333333333333,1.6875
2025-08-12,2025,final_test,3,30,SSI|TCB|VIC,0.6666666666666666,0.5,1.3333333333333333
2025-08-12,2025,final_test,5,30,SSI|TCB|VIC|MWG|MSN,0.6,0.5,1.2
2025-08-12,2025,final_test,10,30,SSI|TCB|VIC|MWG|MSN|BID|TPB|GVR|ACB|STB,0.4,0.5,0.8
2025-08-13,2025,final_test,3,30,SSI|VIC|TCB,0.6666666666666666,0.4,1.6666666666666665
2025-08-13,2025,final_test,5,30,SSI|VIC|TCB|BID|MWG,0.6,0.4,1.4999999999999998
2025-08-13,2025,final_test,10,30,SSI|VIC|TCB|BID|MWG|TPB|ACB|STB|CTG|GVR,0.4,0.4,1.0
2025-08-14,2025,final_test,3,30,VIC|SSI|MWG,1.0,0.3,3.3333333333333335
2025-08-14,2025,final_test,5,30,VIC|SSI|MWG|VHM|TCB,0.8,0.3,2.666666666666667
2025-08-14,2025,final_test,10,30,VIC|SSI|MWG|VHM|TCB|BID|HPG|ACB|MSN|CTG,0.7,0.3,2.3333333333333335
2025-08-15,2025,final_test,3,30,SSI|TCB|VIC,1.0,0.36666666666666664,2.7272727272727275
2025-08-15,2025,final_test,5,30,SSI|TCB|VIC|MSN|STB,1.0,0.36666666666666664,2.7272727272727275
2025-08-15,2025,final_test,10,30,SSI|TCB|VIC|MSN|STB|VHM|BID|HPG|TPB|CTG,0.8,0.36666666666666664,2.181818181818182
2025-08-18,2025,final_test,3,30,MSN|VIC|TCB,0.3333333333333333,0.3333333333333333,1.0
2025-08-18,2025,final_test,5,30,MSN|VIC|TCB|HPG|SSI,0.6,0.3333333333333333,1.8
2025-08-18,2025,final_test,10,30,MSN|VIC|TCB|HPG|SSI|BID|VCB|ACB|VHM|CTG,0.5,0.3333333333333333,1.5
2025-08-19,2025,final_test,3,30,VIC|MSN|BID,0.3333333333333333,0.3333333333333333,1.0
2025-08-19,2025,final_test,5,30,VIC|MSN|BID|SSI|TCB,0.4,0.3333333333333333,1.2000000000000002
2025-08-19,2025,final_test,10,30,VIC|MSN|BID|SSI|TCB|VHM|HPG|GVR|VCB|CTG,0.5,0.3333333333333333,1.5
2025-08-20,2025,final_test,3,30,VHM|VIC|MSN,1.0,0.36666666666666664,2.7272727272727275
2025-08-20,2025,final_test,5,30,VHM|VIC|MSN|SSI|BID,0.8,0.36666666666666664,2.181818181818182
2025-08-20,2025,final_test,10,30,VHM|VIC|MSN|SSI|BID|HDB|TCB|GVR|CTG|MWG,0.6,0.36666666666666664,1.6363636363636365
2025-08-21,2025,final_test,3,30,VHM|VIC|HDB,0.6666666666666666,0.36666666666666664,1.8181818181818181
2025-08-21,2025,final_test,5,30,VHM|VIC|HDB|VRE|BID,0.6,0.36666666666666664,1.6363636363636365
2025-08-21,2025,final_test,10,30,VHM|VIC|HDB|VRE|BID|MWG|TCB|GVR|MSN|VJC,0.5,0.36666666666666664,1.3636363636363638
2025-08-22,2025,final_test,3,30,VJC|HDB|VHM,0.3333333333333333,0.3333333333333333,1.0
2025-08-22,2025,final_test,5,30,VJC|HDB|VHM|VIC|GVR,0.4,0.3333333333333333,1.2000000000000002
2025-08-22,2025,final_test,10,30,VJC|HDB|VHM|VIC|GVR|SSI|VRE|MWG|TCB|BID,0.4,0.3333333333333333,1.2000000000000002
2025-08-25,2025,final_test,3,30,VJC|VHM|HDB,0.0,0.36666666666666664,0.0
2025-08-25,2025,final_test,5,30,VJC|VHM|HDB|SSI|TPB,0.2,0.36666666666666664,0.5454545454545455
2025-08-25,2025,final_test,10,30,VJC|VHM|HDB|SSI|TPB|GVR|VIC|MSN|TCB|ACB,0.4,0.36666666666666664,1.090909090909091
2025-08-26,2025,final_test,3,30,VHM|SSI|HDB,0.3333333333333333,0.23333333333333334,1.4285714285714284
2025-08-26,2025,final_test,5,30,VHM|SSI|HDB|GVR|VJC,0.2,0.23333333333333334,0.8571428571428572
2025-08-26,2025,final_test,10,30,VHM|SSI|HDB|GVR|VJC|VIC|VRE|ACB|TCB|MSN,0.3,0.23333333333333334,1.2857142857142856
2025-08-27,2025,final_test,3,30,VHM|SSI|HDB,0.0,0.26666666666666666,0.0
2025-08-27,2025,final_test,5,30,VHM|SSI|HDB|GVR|VIC,0.2,0.26666666666666666,0.75
2025-08-27,2025,final_test,10,30,VHM|SSI|HDB|GVR|VIC|VPB|VJC|TCB|VIB|ACB,0.2,0.26666666666666666,0.75
2025-08-28,2025,final_test,3,30,VHM|VPB|SSI,0.0,0.13333333333333333,0.0
2025-08-28,2025,final_test,5,30,VHM|VPB|SSI|HDB|GVR,0.0,0.13333333333333333,0.0
2025-08-28,2025,final_test,10,30,VHM|VPB|SSI|HDB|GVR|VJC|ACB|BCM|TCB|SHB,0.0,0.13333333333333333,0.0
2025-08-29,2025,final_test,3,30,VHM|HDB|SSI,0.0,0.26666666666666666,0.0
2025-08-29,2025,final_test,5,30,VHM|HDB|SSI|SHB|VPB,0.0,0.26666666666666666,0.0
2025-08-29,2025,final_test,10,30,VHM|HDB|SSI|SHB|VPB|GVR|VIB|BCM|ACB|MWG,0.2,0.26666666666666666,0.75
2025-09-03,2025,final_test,3,30,HDB|SSI|SHB,0.0,0.26666666666666666,0.0
2025-09-03,2025,final_test,5,30,HDB|SSI|SHB|VHM|BID,0.0,0.26666666666666666,0.0
2025-09-03,2025,final_test,10,30,HDB|SSI|SHB|VHM|BID|MWG|VPB|VIB|TPB|VIC,0.2,0.26666666666666666,0.75
2025-09-04,2025,final_test,3,30,SSI|VHM|TPB,0.0,0.26666666666666666,0.0
2025-09-04,2025,final_test,5,30,SSI|VHM|TPB|HDB|SHB,0.0,0.26666666666666666,0.0
2025-09-04,2025,final_test,10,30,SSI|VHM|TPB|HDB|SHB|TCB|MWG|VRE|BID|VIB,0.3,0.26666666666666666,1.125
2025-09-05,2025,final_test,3,30,SSI|HDB|VHM,0.3333333333333333,0.26666666666666666,1.25
2025-09-05,2025,final_test,5,30,SSI|HDB|VHM|MWG|VCB,0.4,0.26666666666666666,1.5
2025-09-05,2025,final_test,10,30,SSI|HDB|VHM|MWG|VCB|VJC|TPB|VIC|HPG|TCB,0.4,0.26666666666666666,1.5
2025-09-08,2025,final_test,3,30,SSI|VHM|MWG,0.3333333333333333,0.2,1.6666666666666665
2025-09-08,2025,final_test,5,30,SSI|VHM|MWG|VIC|VJC,0.4,0.2,2.0
2025-09-08,2025,final_test,10,30,SSI|VHM|MWG|VIC|VJC|CTG|VRE|HDB|HPG|ACB,0.4,0.2,2.0
2025-09-09,2025,final_test,3,30,VHM|MWG|SSI,0.0,0.16666666666666666,0.0
2025-09-09,2025,final_test,5,30,VHM|MWG|SSI|VIC|HDB,0.2,0.16666666666666666,1.2000000000000002
2025-09-09,2025,final_test,10,30,VHM|MWG|SSI|VIC|HDB|VPB|TCB|SHB|CTG|HPG,0.3,0.16666666666666666,1.8
2025-09-10,2025,final_test,3,30,SSI|VHM|SHB,0.3333333333333333,0.23333333333333334,1.4285714285714284
2025-09-10,2025,final_test,5,30,SSI|VHM|SHB|MWG|TCB,0.4,0.23333333333333334,1.7142857142857144
2025-09-10,2025,final_test,10,30,SSI|VHM|SHB|MWG|TCB|VPB|HPG|CTG|VIC|HDB,0.4,0.23333333333333334,1.7142857142857144
2025-09-11,2025,final_test,3,30,SSI|VHM|MWG,0.3333333333333333,0.16666666666666666,2.0
2025-09-11,2025,final_test,5,30,SSI|VHM|MWG|SHB|HPG,0.2,0.16666666666666666,1.2000000000000002
2025-09-11,2025,final_test,10,30,SSI|VHM|MWG|SHB|HPG|TCB|MSN|HDB|CTG|TPB,0.2,0.16666666666666666,1.2000000000000002
2025-09-12,2025,final_test,3,30,VHM|SSI|HPG,0.3333333333333333,0.16666666666666666,2.0
2025-09-12,2025,final_test,5,30,VHM|SSI|HPG|MWG|GVR,0.2,0.16666666666666666,1.2000000000000002
2025-09-12,2025,final_test,10,30,VHM|SSI|HPG|MWG|GVR|TCB|STB|MSN|VRE|CTG,0.4,0.16666666666666666,2.4000000000000004
2025-09-15,2025,final_test,3,30,MSN|CTG|HPG,0.3333333333333333,0.2,1.6666666666666665
2025-09-15,2025,final_test,5,30,MSN|CTG|HPG|VJC|VHM,0.4,0.2,2.0
2025-09-15,2025,final_test,10,30,MSN|CTG|HPG|VJC|VHM|VRE|SSI|MWG|STB|TCB,0.5,0.2,2.5
2025-09-16,2025,final_test,3,30,MSN|CTG|HPG,0.0,0.23333333333333334,0.0
2025-09-16,2025,final_test,5,30,MSN|CTG|HPG|SHB|SSI,0.0,0.23333333333333334,0.0
2025-09-16,2025,final_test,10,30,MSN|CTG|HPG|SHB|SSI|VHM|TCB|STB|MWG|BID,0.4,0.23333333333333334,1.7142857142857144
2025-09-17,2025,final_test,3,30,CTG|SHB|STB,0.6666666666666666,0.3333333333333333,2.0
2025-09-17,2025,final_test,5,30,CTG|SHB|STB|HPG|TCB,0.6,0.3333333333333333,1.8
2025-09-17,2025,final_test,10,30,CTG|SHB|STB|HPG|TCB|MSN|MBB|MWG|VHM|SSI,0.5,0.3333333333333333,1.5
2025-09-18,2025,final_test,3,30,SHB|CTG|MSN,0.0,0.26666666666666666,0.0
2025-09-18,2025,final_test,5,30,SHB|CTG|MSN|HPG|TCB,0.2,0.26666666666666666,0.75
2025-09-18,2025,final_test,10,30,SHB|CTG|MSN|HPG|TCB|SSI|STB|BCM|TPB|MBB,0.1,0.26666666666666666,0.375
2025-09-19,2025,final_test,3,30,MSN|CTG|VHM,0.6666666666666666,0.3333333333333333,2.0
2025-09-19,2025,final_test,5,30,MSN|CTG|VHM|SHB|HPG,0.4,0.3333333333333333,1.2000000000000002
2025-09-19,2025,final_test,10,30,MSN|CTG|VHM|SHB|HPG|BCM|VPB|STB|TPB|MWG,0.5,0.3333333333333333,1.5
2025-09-22,2025,final_test,3,30,MSN|STB|VPB,0.6666666666666666,0.3,2.2222222222222223
2025-09-22,2025,final_test,5,30,MSN|STB|VPB|CTG|TPB,0.4,0.3,1.3333333333333335
2025-09-22,2025,final_test,10,30,MSN|STB|VPB|CTG|TPB|SHB|BCM|BID|HPG|MWG,0.3,0.3,1.0
2025-09-23,2025,final_test,3,30,MSN|TPB|CTG,0.0,0.23333333333333334,0.0
2025-09-23,2025,final_test,5,30,MSN|TPB|CTG|STB|TCB,0.2,0.23333333333333334,0.8571428571428572
2025-09-23,2025,final_test,10,30,MSN|TPB|CTG|STB|TCB|MBB|BCM|VPB|MWG|GVR,0.2,0.23333333333333334,0.8571428571428572
2025-09-24,2025,final_test,3,30,STB|TCB|CTG,0.0,0.2,0.0
2025-09-24,2025,final_test,5,30,STB|TCB|CTG|MSN|TPB,0.0,0.2,0.0
2025-09-24,2025,final_test,10,30,STB|TCB|CTG|MSN|TPB|MBB|ACB|GVR|BID|BCM,0.0,0.2,0.0
2025-09-25,2025,final_test,3,30,TCB|STB|CTG,0.0,0.2,0.0
2025-09-25,2025,final_test,5,30,TCB|STB|CTG|MWG|GVR,0.2,0.2,1.0
2025-09-25,2025,final_test,10,30,TCB|STB|CTG|MWG|GVR|MSN|MBB|SHB|HDB|BCM,0.2,0.2,1.0
2025-09-26,2025,final_test,3,30,TCB|STB|MWG,0.3333333333333333,0.2,1.6666666666666665
2025-09-26,2025,final_test,5,30,TCB|STB|MWG|CTG|BCM,0.2,0.2,1.0
2025-09-26,2025,final_test,10,30,TCB|STB|MWG|CTG|BCM|MSN|GVR|MBB|SHB|VRE,0.2,0.2,1.0
2025-09-29,2025,final_test,3,30,CTG|TCB|STB,0.0,0.26666666666666666,0.0
2025-09-29,2025,final_test,5,30,CTG|TCB|STB|MWG|BCM,0.2,0.26666666666666666,0.75
2025-09-29,2025,final_test,10,30,CTG|TCB|STB|MWG|BCM|VPB|VRE|VHM|ACB|HDB,0.4,0.26666666666666666,1.5
2025-09-30,2025,final_test,3,30,TCB|CTG|STB,0.0,0.23333333333333334,0.0
2025-09-30,2025,final_test,5,30,TCB|CTG|STB|VPB|MBB,0.0,0.23333333333333334,0.0
2025-09-30,2025,final_test,10,30,TCB|CTG|STB|VPB|MBB|VHM|MWG|ACB|TPB|HDB,0.3,0.23333333333333334,1.2857142857142856
2025-10-01,2025,final_test,3,30,TCB|VPB|ACB,0.0,0.23333333333333334,0.0
2025-10-01,2025,final_test,5,30,TCB|VPB|ACB|TPB|MBB,0.0,0.23333333333333334,0.0
2025-10-01,2025,final_test,10,30,TCB|VPB|ACB|TPB|MBB|CTG|HDB|MWG|VHM|SSI,0.3,0.23333333333333334,1.2857142857142856
2025-10-02,2025,final_test,3,30,MBB|TCB|TPB,0.0,0.3333333333333333,0.0
2025-10-02,2025,final_test,5,30,MBB|TCB|TPB|ACB|HDB,0.2,0.3333333333333333,0.6000000000000001
2025-10-02,2025,final_test,10,30,MBB|TCB|TPB|ACB|HDB|CTG|VPB|MWG|SHB|STB,0.2,0.3333333333333333,0.6000000000000001
2025-10-03,2025,final_test,3,30,MBB|TCB|ACB,0.0,0.36666666666666664,0.0
2025-10-03,2025,final_test,5,30,MBB|TCB|ACB|CTG|TPB,0.0,0.36666666666666664,0.0
2025-10-03,2025,final_test,10,30,MBB|TCB|ACB|CTG|TPB|HDB|SHB|STB|VPB|MWG,0.2,0.36666666666666664,0.5454545454545455
2025-10-06,2025,final_test,3,30,TCB|MBB|VPB,0.0,0.4666666666666667,0.0
2025-10-06,2025,final_test,5,30,TCB|MBB|VPB|TPB|ACB,0.0,0.4666666666666667,0.0
2025-10-06,2025,final_test,10,30,TCB|MBB|VPB|TPB|ACB|CTG|SSI|HDB|SSB|VHM,0.2,0.4666666666666667,0.4285714285714286
2025-10-07,2025,final_test,3,30,TCB|MBB|SSI,0.0,0.43333333333333335,0.0
2025-10-07,2025,final_test,5,30,TCB|MBB|SSI|ACB|TPB,0.2,0.43333333333333335,0.46153846153846156
2025-10-07,2025,final_test,10,30,TCB|MBB|SSI|ACB|TPB|VPB|HDB|CTG|MWG|STB,0.3,0.43333333333333335,0.6923076923076923
2025-10-08,2025,final_test,3,30,TCB|TPB|ACB,0.0,0.43333333333333335,0.0
2025-10-08,2025,final_test,5,30,TCB|TPB|ACB|SSI|MBB,0.0,0.43333333333333335,0.0
2025-10-08,2025,final_test,10,30,TCB|TPB|ACB|SSI|MBB|HDB|VPB|CTG|SHB|STB,0.2,0.43333333333333335,0.46153846153846156
2025-10-09,2025,final_test,3,30,TCB|MWG|ACB,0.3333333333333333,0.4,0.8333333333333333
2025-10-09,2025,final_test,5,30,TCB|MWG|ACB|VPB|MBB,0.2,0.4,0.5
2025-10-09,2025,final_test,10,30,TCB|MWG|ACB|VPB|MBB|TPB|SHB|HDB|STB|SSI,0.1,0.4,0.25
2025-10-10,2025,final_test,3,30,VPB|TCB|MWG,0.3333333333333333,0.5333333333333333,0.625
2025-10-10,2025,final_test,5,30,VPB|TCB|MWG|ACB|SHB,0.4,0.5333333333333333,0.75
2025-10-10,2025,final_test,10,30,VPB|TCB|MWG|ACB|SHB|MBB|HDB|TPB|SSI|SSB,0.3,0.5333333333333333,0.5625
2025-10-13,2025,final_test,3,30,SHB|VPB|TPB,0.0,0.6,0.0
2025-10-13,2025,final_test,5,30,SHB|VPB|TPB|MBB|SSI,0.0,0.6,0.0
2025-10-13,2025,final_test,10,30,SHB|VPB|TPB|MBB|SSI|ACB|HDB|MWG|STB|SSB,0.3,0.6,0.5
2025-10-14,2025,final_test,3,30,SHB|MWG|VPB,0.3333333333333333,0.6666666666666666,0.5
2025-10-14,2025,final_test,5,30,SHB|MWG|VPB|MBB|TPB,0.4,0.6666666666666666,0.6000000000000001
2025-10-14,2025,final_test,10,30,SHB|MWG|VPB|MBB|TPB|SSI|ACB|TCB|SSB|HDB,0.4,0.6666666666666666,0.6000000000000001
2025-10-15,2025,final_test,3,30,SHB|TPB|MBB,0.0,0.5666666666666667,0.0
2025-10-15,2025,final_test,5,30,SHB|TPB|MBB|MWG|SSI,0.2,0.5666666666666667,0.35294117647058826
2025-10-15,2025,final_test,10,30,SHB|TPB|MBB|MWG|SSI|HDB|VPB|ACB|TCB|MSN,0.3,0.5666666666666667,0.5294117647058824
2025-10-16,2025,final_test,3,30,VPB|SHB|TPB,0.0,0.5666666666666667,0.0
2025-10-16,2025,final_test,5,30,VPB|SHB|TPB|MWG|HDB,0.2,0.5666666666666667,0.35294117647058826
2025-10-16,2025,final_test,10,30,VPB|SHB|TPB|MWG|HDB|MBB|SSI|TCB|ACB|CTG,0.2,0.5666666666666667,0.35294117647058826
2025-10-17,2025,final_test,3,30,VPB|SHB|TPB,0.0,0.5333333333333333,0.0
2025-10-17,2025,final_test,5,30,VPB|SHB|TPB|MWG|HDB,0.2,0.5333333333333333,0.375
2025-10-17,2025,final_test,10,30,VPB|SHB|TPB|MWG|HDB|MBB|TCB|SSI|VHM|ACB,0.2,0.5333333333333333,0.375
2025-10-20,2025,final_test,3,30,VPB|SHB|TPB,0.0,0.5666666666666667,0.0
2025-10-20,2025,final_test,5,30,VPB|SHB|TPB|TCB|HDB,0.0,0.5666666666666667,0.0
2025-10-20,2025,final_test,10,30,VPB|SHB|TPB|TCB|HDB|SSI|VHM|MWG|SSB|BVH,0.2,0.5666666666666667,0.35294117647058826
2025-10-21,2025,final_test,3,30,VPB|SHB|SSB,0.0,0.6,0.0
2025-10-21,2025,final_test,5,30,VPB|SHB|SSB|MWG|TPB,0.4,0.6,0.6666666666666667
2025-10-21,2025,final_test,10,30,VPB|SHB|SSB|MWG|TPB|SSI|CTG|TCB|MBB|ACB,0.3,0.6,0.5
2025-10-22,2025,final_test,3,30,VPB|TCB|SHB,0.3333333333333333,0.6333333333333333,0.5263157894736842
2025-10-22,2025,final_test,5,30,VPB|TCB|SHB|SSI|CTG,0.2,0.6333333333333333,0.31578947368421056
2025-10-22,2025,final_test,10,30,VPB|TCB|SHB|SSI|CTG|HDB|TPB|MWG|ACB|STB,0.3,0.6333333333333333,0.4736842105263158
2025-10-23,2025,final_test,3,30,VPB|TCB|SHB,0.3333333333333333,0.6666666666666666,0.5
2025-10-23,2025,final_test,5,30,VPB|TCB|SHB|CTG|ACB,0.6,0.6666666666666666,0.9
2025-10-23,2025,final_test,10,30,VPB|TCB|SHB|CTG|ACB|TPB|STB|MWG|HDB|SSB,0.4,0.6666666666666666,0.6000000000000001
2025-10-24,2025,final_test,3,30,VPB|TPB|SHB,0.6666666666666666,0.6333333333333333,1.0526315789473684
2025-10-24,2025,final_test,5,30,VPB|TPB|SHB|CTG|ACB,0.8,0.6333333333333333,1.2631578947368423
2025-10-24,2025,final_test,10,30,VPB|TPB|SHB|CTG|ACB|BCM|MWG|HDB|MSN|BVH,0.6,0.6333333333333333,0.9473684210526316
2025-10-27,2025,final_test,3,30,HDB|VPB|MWG,0.3333333333333333,0.5,0.6666666666666666
2025-10-27,2025,final_test,5,30,HDB|VPB|MWG|ACB|TPB,0.4,0.5,0.8
2025-10-27,2025,final_test,10,30,HDB|VPB|MWG|ACB|TPB|SHB|BCM|VHM|VIB|PLX,0.4,0.5,0.8
2025-10-28,2025,final_test,3,30,HDB|VPB|ACB,0.0,0.4,0.0
2025-10-28,2025,final_test,5,30,HDB|VPB|ACB|MWG|STB,0.0,0.4,0.0
2025-10-28,2025,final_test,10,30,HDB|VPB|ACB|MWG|STB|TPB|SHB|VIB|GVR|BCM,0.3,0.4,0.7499999999999999
2025-10-29,2025,final_test,3,30,VPB|MWG|ACB,0.0,0.26666666666666666,0.0
2025-10-29,2025,final_test,5,30,VPB|MWG|ACB|HDB|STB,0.0,0.26666666666666666,0.0
2025-10-29,2025,final_test,10,30,VPB|MWG|ACB|HDB|STB|SHB|VIB|BCM|GVR|VHM,0.0,0.26666666666666666,0.0
2025-10-30,2025,final_test,3,30,VPB|HDB|SHB,0.0,0.26666666666666666,0.0
2025-10-30,2025,final_test,5,30,VPB|HDB|SHB|MWG|BCM,0.0,0.26666666666666666,0.0
2025-10-30,2025,final_test,10,30,VPB|HDB|SHB|MWG|BCM|STB|POW|PLX|MBB|TPB,0.2,0.26666666666666666,0.75
2025-10-31,2025,final_test,3,30,HDB|VPB|MWG,0.0,0.23333333333333334,0.0
2025-10-31,2025,final_test,5,30,HDB|VPB|MWG|ACB|SHB,0.0,0.23333333333333334,0.0
2025-10-31,2025,final_test,10,30,HDB|VPB|MWG|ACB|SHB|BCM|VIB|TPB|POW|VHM,0.3,0.23333333333333334,1.2857142857142856
2025-11-03,2025,final_test,3,30,VPB|HDB|VIB,0.3333333333333333,0.3,1.1111111111111112
2025-11-03,2025,final_test,5,30,VPB|HDB|VIB|SSI|TPB,0.2,0.3,0.6666666666666667
2025-11-03,2025,final_test,10,30,VPB|HDB|VIB|SSI|TPB|SSB|SHB|ACB|POW|MBB,0.2,0.3,0.6666666666666667
2025-11-04,2025,final_test,3,30,VPB|BCM|VIB,0.0,0.3,0.0
2025-11-04,2025,final_test,5,30,VPB|BCM|VIB|ACB|HDB,0.0,0.3,0.0
2025-11-04,2025,final_test,10,30,VPB|BCM|VIB|ACB|HDB|POW|SSI|TPB|BID|GVR,0.1,0.3,0.33333333333333337
2025-11-05,2025,final_test,3,30,VPB|HDB|TPB,0.0,0.26666666666666666,0.0
2025-11-05,2025,final_test,5,30,VPB|HDB|TPB|VIB|SSI,0.0,0.26666666666666666,0.0
2025-11-05,2025,final_test,10,30,VPB|HDB|TPB|VIB|SSI|SHB|BID|HPG|ACB|BCM,0.1,0.26666666666666666,0.375
2025-11-06,2025,final_test,3,30,VPB|HDB|TPB,0.6666666666666666,0.36666666666666664,1.8181818181818181
2025-11-06,2025,final_test,5,30,VPB|HDB|TPB|VIB|SHB,0.6,0.36666666666666664,1.6363636363636365
2025-11-06,2025,final_test,10,30,VPB|HDB|TPB|VIB|SHB|BID|MBB|SSI|STB|CTG,0.4,0.36666666666666664,1.090909090909091
2025-11-07,2025,final_test,3,30,VPB|SSI|VHM,0.3333333333333333,0.23333333333333334,1.4285714285714284
2025-11-07,2025,final_test,5,30,VPB|SSI|VHM|SHB|HDB,0.6,0.23333333333333334,2.571428571428571
2025-11-07,2025,final_test,10,30,VPB|SSI|VHM|SHB|HDB|VIB|STB|TPB|TCB|MBB,0.3,0.23333333333333334,1.2857142857142856
2025-11-10,2025,final_test,3,30,VHM|VRE|VPB,0.3333333333333333,0.16666666666666666,2.0
2025-11-10,2025,final_test,5,30,VHM|VRE|VPB|STB|SSI,0.2,0.16666666666666666,1.2000000000000002
2025-11-10,2025,final_test,10,30,VHM|VRE|VPB|STB|SSI|TPB|VIB|SHB|TCB|VNM,0.2,0.16666666666666666,1.2000000000000002
2025-11-11,2025,final_test,3,30,VHM|VRE|VPB,0.3333333333333333,0.13333333333333333,2.5
2025-11-11,2025,final_test,5,30,VHM|VRE|VPB|TPB|SSI,0.2,0.13333333333333333,1.5
2025-11-11,2025,final_test,10,30,VHM|VRE|VPB|TPB|SSI|HPG|STB|BID|VIB|SHB,0.1,0.13333333333333333,0.75
2025-11-12,2025,final_test,3,30,VHM|VPB|VRE,0.3333333333333333,0.23333333333333334,1.4285714285714284
2025-11-12,2025,final_test,5,30,VHM|VPB|VRE|TPB|SSI,0.2,0.23333333333333334,0.8571428571428572
2025-11-12,2025,final_test,10,30,VHM|VPB|VRE|TPB|SSI|VIB|BID|CTG|TCB|STB,0.1,0.23333333333333334,0.4285714285714286
2025-11-13,2025,final_test,3,30,VRE|VHM|VPB,0.3333333333333333,0.2,1.6666666666666665
2025-11-13,2025,final_test,5,30,VRE|VHM|VPB|TPB|SSI,0.2,0.2,1.0
2025-11-13,2025,final_test,10,30,VRE|VHM|VPB|TPB|SSI|CTG|SHB|BID|VIB|STB,0.1,0.2,0.5
2025-11-14,2025,final_test,3,30,VRE|VHM|VPB,0.0,0.23333333333333334,0.0
2025-11-14,2025,final_test,5,30,VRE|VHM|VPB|TPB|STB,0.0,0.23333333333333334,0.0
2025-11-14,2025,final_test,10,30,VRE|VHM|VPB|TPB|STB|VIB|SSI|TCB|SHB|BID,0.0,0.23333333333333334,0.0
2025-11-17,2025,final_test,3,30,VRE|VPB|SSI,0.0,0.23333333333333334,0.0
2025-11-17,2025,final_test,5,30,VRE|VPB|SSI|VHM|TPB,0.0,0.23333333333333334,0.0
2025-11-17,2025,final_test,10,30,VRE|VPB|SSI|VHM|TPB|HPG|STB|SHB|TCB|VIB,0.0,0.23333333333333334,0.0
2025-11-18,2025,final_test,3,30,VRE|SSI|TPB,0.0,0.26666666666666666,0.0
2025-11-18,2025,final_test,5,30,VRE|SSI|TPB|HPG|VPB,0.0,0.26666666666666666,0.0
2025-11-18,2025,final_test,10,30,VRE|SSI|TPB|HPG|VPB|VIC|VHM|SHB|BID|STB,0.1,0.26666666666666666,0.375
2025-11-19,2025,final_test,3,30,VRE|VIC|VHM,0.3333333333333333,0.23333333333333334,1.4285714285714284
2025-11-19,2025,final_test,5,30,VRE|VIC|VHM|SSI|TPB,0.2,0.23333333333333334,0.8571428571428572
2025-11-19,2025,final_test,10,30,VRE|VIC|VHM|SSI|TPB|HPG|VPB|SHB|BID|TCB,0.1,0.23333333333333334,0.4285714285714286
2025-11-20,2025,final_test,3,30,VRE|VIC|VHM,0.3333333333333333,0.26666666666666666,1.25
2025-11-20,2025,final_test,5,30,VRE|VIC|VHM|VPB|HDB,0.4,0.26666666666666666,1.5
2025-11-20,2025,final_test,10,30,VRE|VIC|VHM|VPB|HDB|VNM|SSI|HPG|TPB|SHB,0.3,0.26666666666666666,1.125
2025-11-21,2025,final_test,3,30,VRE|VHM|VIC,0.3333333333333333,0.23333333333333334,1.4285714285714284
2025-11-21,2025,final_test,5,30,VRE|VHM|VIC|HPG|HDB,0.4,0.23333333333333334,1.7142857142857144
2025-11-21,2025,final_test,10,30,VRE|VHM|VIC|HPG|HDB|VPB|SHB|VNM|TPB|SSI,0.3,0.23333333333333334,1.2857142857142856
2025-11-24,2025,final_test,3,30,VPB|HPG|VIC,0.3333333333333333,0.23333333333333334,1.4285714285714284
2025-11-24,2025,final_test,5,30,VPB|HPG|VIC|TPB|VRE,0.2,0.23333333333333334,0.8571428571428572
2025-11-24,2025,final_test,10,30,VPB|HPG|VIC|TPB|VRE|SHB|POW|HDB|SSB|BID,0.2,0.23333333333333334,0.8571428571428572
2025-11-25,2025,final_test,3,30,VRE|HPG|VHM,0.3333333333333333,0.3,1.1111111111111112
2025-11-25,2025,final_test,5,30,VRE|HPG|VHM|VPB|VIC,0.4,0.3,1.3333333333333335
2025-11-25,2025,final_test,10,30,VRE|HPG|VHM|VPB|VIC|TPB|HDB|SHB|STB|POW,0.4,0.3,1.3333333333333335
2025-11-26,2025,final_test,3,30,VRE|HPG|VHM,0.3333333333333333,0.26666666666666666,1.25
2025-11-26,2025,final_test,5,30,VRE|HPG|VHM|VPB|TPB,0.2,0.26666666666666666,0.75
2025-11-26,2025,final_test,10,30,VRE|HPG|VHM|VPB|TPB|HDB|SHB|POW|VIC|MSN,0.3,0.26666666666666666,1.125
2025-11-27,2025,final_test,3,30,VRE|VPB|VHM,0.3333333333333333,0.36666666666666664,0.9090909090909091
2025-11-27,2025,final_test,5,30,VRE|VPB|VHM|TPB|SHB,0.2,0.36666666666666664,0.5454545454545455
2025-11-27,2025,final_test,10,30,VRE|VPB|VHM|TPB|SHB|HPG|HDB|POW|STB|VIB,0.3,0.36666666666666664,0.8181818181818182
2025-11-28,2025,final_test,3,30,VRE|VHM|VPB,0.3333333333333333,0.43333333333333335,0.7692307692307692
2025-11-28,2025,final_test,5,30,VRE|VHM|VPB|HDB|SHB,0.4,0.43333333333333335,0.9230769230769231
2025-11-28,2025,final_test,10,30,VRE|VHM|VPB|HDB|SHB|TPB|STB|POW|CTG|VIB,0.4,0.43333333333333335,0.9230769230769231
2025-12-01,2025,final_test,3,30,VRE|VHM|HDB,0.6666666666666666,0.43333333333333335,1.5384615384615383
2025-12-01,2025,final_test,5,30,VRE|VHM|HDB|VPB|SHB,0.4,0.43333333333333335,0.9230769230769231
2025-12-01,2025,final_test,10,30,VRE|VHM|HDB|VPB|SHB|VJC|TPB|MSN|CTG|HPG,0.3,0.43333333333333335,0.6923076923076923
2025-12-02,2025,final_test,3,30,VRE|HDB|VHM,0.6666666666666666,0.4,1.6666666666666665
2025-12-02,2025,final_test,5,30,VRE|HDB|VHM|VPB|SHB,0.4,0.4,1.0
2025-12-02,2025,final_test,10,30,VRE|HDB|VHM|VPB|SHB|MSN|TPB|CTG|MBB|HPG,0.4,0.4,1.0
2025-12-03,2025,final_test,3,30,VRE|HDB|VHM,0.6666666666666666,0.3,2.2222222222222223
2025-12-03,2025,final_test,5,30,VRE|HDB|VHM|VPB|SHB,0.4,0.3,1.3333333333333335
2025-12-03,2025,final_test,10,30,VRE|HDB|VHM|VPB|SHB|VJC|SSB|MBB|VNM|TCB,0.3,0.3,1.0
